id,web_name,first_name,second_name,team,pos,now_cost,total_points,event_points,minutes,starts,goals_scored,assists,expected_goals,expected_assists,expected_goal_involvements,expected_goals_conceded,clean_sheets,goals_conceded,defensive_contribution,clearances_blocks_interceptions,recoveries,tackles,bonus,bps,yellow_cards,red_cards,saves,penalties_saved,penalties_missed,own_goals,penalties_order,corners_and_indirect_freekicks_order,direct_freekicks_order,chance_of_playing_next_round,chance_of_playing_this_round,status,news,news_added,selected_by_percent,transfers_in_event,transfers_out_event,transfers_in,transfers_out,cost_change_event,cost_change_start,form,points_per_game,ep_next,ep_this,value_season,team_name,price
1,Raya,David,Raya Martín,ARS,GK,61,30,1,450,5,0,0,0.00,0.01,0.01,4.03,3,4,0,6,58,1,3,104,0,0,9,1,0,0,,,,,,a,,,42.5,158620,62795,999019,655199,1,1,7.5,6.0,7.5,7.5,4.9,Arsenal,6.1
2,Arrizabalaga,Kepa,Arrizabalaga Revuelta,ARS,GK,49,0,0,0,0,0,0,0.00,0.00,0.00,0.00,0,0,0,0,0,0,0,0,0,0,0,0,0,0,,,,,,a,,,0.1,130,299,1507,4312,0,-1,0.0,0.0,0.0,0.0,0.0,Arsenal,4.9
3,Meslier,Illan,Meslier,ARS,GK,49,0,0,0,0,0,0,0.00,0.00,0.00,0.00,0,0,0,0,0,0,0,0,0,0,0,0,0,0,,,,,,a,,,0.0,54,132,521,1592,0,-1,0.0,0.0,0.0,0.0,0.0,Arsenal,4.9
4,Gabriel,Gabriel,dos Santos Magalhães,ARS,DEF,80,25,1,450,5,0,0,0.51,0.20,0.71,4.03,3,4,41,35,17,6,2,90,2,0,0,0,0,0,,,,,,a,,,22.7,34169,80595,244412,923486,0,0,5.0,5.0,5.0,5.0,3.1,Arsenal,8.0
5,J.Timber,Jurriën,Timber,ARS,DEF,65,1,0,104,1,0,0,0.00,0.03,0.03,2.18,0,3,5,2,7,3,0,-3,0,0,0,0,0,0,,,,100,100,a,,2026-07-23T12:01:23.272929Z,0.5,17660,5465,39316,16218,0,0,0.5,0.5,0.5,0.5,0.2,Arsenal,6.5
6,Saliba,William,Saliba,ARS,DEF,59,0,0,0,0,0,0,0.00,0.00,0.00,0.00,0,0,0,0,0,0,0,0,0,0,0,0,0,0,,,,0,0,i,Back injury - Unknown return date,2026-07-23T12:01:23.289376Z,0.2,469,1250,3551,18803,0,-1,0.0,0.0,0.0,0.0,0.0,Arsenal,5.9
7,Lewis-Skelly,Myles,Lewis-Skelly,ARS,MID,54,9,0,271,4,0,0,0.16,0.23,0.39,1.02,2,1,14,5,8,1,0,37,0,0,0,0,0,0,,,,,,a,,,0.6,1251,5544,29928,50348,-1,-1,0.5,2.2,0.5,0.5,1.7,Arsenal,5.4
8,Calafiori,Riccardo,Calafiori,ARS,DEF,59,29,1,416,5,0,2,0.67,0.62,1.29,3.76,3,4,18,12,13,6,2,76,0,0,0,0,0,0,,,,,,a,,,50.6,107319,74370,1687327,412877,1,4,3.5,5.8,3.5,3.5,4.9,Arsenal,5.9
9,Hincapie,Piero,Hincapié,ARS,DEF,52,2,0,32,0,0,0,0.00,0.00,0.00,0.28,0,0,3,2,0,1,0,6,0,0,0,0,0,0,,,,,,a,,,0.9,1780,6331,16599,118042,-1,-3,0.0,1.0,0.0,0.0,0.4,Arsenal,5.2
10,White,Benjamin,White,ARS,DEF,55,21,0,315,4,0,1,0.18,0.29,0.47,1.15,2,1,18,12,9,6,3,78,0,0,0,0,0,0,,,,75,100,d,Groin injury - 75% chance of playing,2026-09-20T19:30:08.247780Z,4.8,3419,79656,456177,578437,0,0,0.5,5.2,0.4,0.5,3.8,Arsenal,5.5
11,Mosquera,Cristhian,Mosquera,ARS,DEF,53,12,0,168,2,0,0,0.00,0.01,0.01,0.53,2,0,10,10,3,0,0,52,0,0,0,0,0,0,,,,100,100,a,,2026-09-04T14:00:08.080310Z,1.6,1842,11290,32007,470019,0,-2,0.0,6.0,0.0,0.0,2.3,Arsenal,5.3
12,Saka,Bukayo,Saka,ARS,MID,96,32,2,416,5,3,0,3.22,0.98,4.20,3.58,3,4,31,8,17,6,4,137,0,0,0,0,0,0,1,2,2,,,a,,,14.4,188373,56942,867995,406793,1,1,5.0,6.4,5.0,5.0,3.3,Arsenal,9.6
13,Rice,Declan,Rice,ARS,MID,74,20,1,411,5,0,2,0.12,0.69,0.81,3.50,3,4,42,18,17,7,0,91,1,0,0,0,0,0,,1,1,75,,d,Unspecified injury - 75% chance of playing,2026-09-21T13:00:08.896379Z,11.4,8082,105470,119928,748144,0,-1,3.5,4.0,2.6,3.5,2.7,Arsenal,7.4
14,Eze,Eberechi,Eze,ARS,MID,62,4,1,85,0,0,0,0.04,0.09,0.13,1.33,0,0,5,0,5,0,0,18,0,0,0,0,0,0,,,3,,,a,,,1.0,3649,7690,24568,140534,-1,-3,1.0,1.0,1.0,1.0,0.6,Arsenal,6.2
15,Ødegaard,Martin,Ødegaard,ARS,MID,68,29,2,377,5,2,0,1.08,1.32,2.40,3.23,3,4,23,5,12,6,6,137,0,0,0,0,0,0,3,,4,,,a,,,19.9,104569,107346,1660289,566795,0,3,2.5,5.8,2.5,2.5,4.3,Arsenal,6.8
16,Madueke,Noni,Madueke,ARS,MID,62,2,0,23,0,0,0,0.00,0.05,0.05,0.15,0,0,3,0,2,1,0,11,0,0,0,0,0,0,,5,,,,a,,,0.2,860,1721,6140,26141,0,-3,0.0,1.0,0.0,0.0,0.3,Arsenal,6.2
17,Merino,Mikel,Merino Zazón,ARS,MID,57,4,1,81,0,0,0,0.14,0.15,0.29,0.96,0,0,10,1,9,0,0,19,1,0,0,0,0,0,,,,,,a,,,0.4,1286,3201,10023,48491,-1,-3,1.0,0.8,1.0,1.0,0.7,Arsenal,5.7
18,Martinelli,Gabriel,Martinelli Silva,ARS,MID,63,0,0,0,0,0,0,0.00,0.00,0.00,0.00,0,0,0,0,0,0,0,0,0,0,0,0,0,0,,,,0,0,u,Has joined Al Hilal permanently,2026-09-04T12:34:46.738449Z,0.1,0,643,2483,21944,0,-2,0.0,0.0,0.0,0.0,0.0,Arsenal,6.3
19,Zubimendi,Martín,Zubimendi Ibáñez,ARS,MID,53,5,1,89,0,0,0,0.21,0.04,0.25,1.38,0,0,12,5,3,4,0,16,0,0,0,0,0,0,,,,,,a,,,0.6,579,4250,8594,67193,0,-2,1.0,1.0,1.0,1.0,0.9,Arsenal,5.3
20,Dowman,Max,Dowman,ARS,MID,53,1,1,9,0,0,0,0.00,0.08,0.08,0.31,0,0,0,0,0,0,0,4,0,0,0,0,0,0,,,,75,,d,Unspecified injury - 75% chance of playing,2026-10-05T19:00:10.141532Z,0.1,488,716,3076,7435,0,-2,0.5,1.0,0.4,0.5,0.2,Arsenal,5.3
22,Nwaneri,Ethan,Nwaneri,ARS,MID,54,0,0,0,0,0,0,0.00,0.00,0.00,0.00,0,0,0,0,0,0,0,0,0,0,0,0,0,0,,,,0,0,u,Has joined Borussia Dortmund on loan for the rest of the season,2026-09-02T16:01:07.058827Z,0.0,0,58,233,1258,0,-1,0.0,0.0,0.0,0.0,0.0,Arsenal,5.4
23,Fábio Vieira,Fábio,Ferreira Vieira,ARS,MID,55,0,0,0,0,0,0,0.00,0.00,0.00,0.00,0,0,0,0,0,0,0,0,0,0,0,0,0,0,,,,0,0,u,Has joined Hamburger SV permanently,2026-09-02T16:00:28.446370Z,0.0,0,44,255,923,0,0,0.0,0.0,0.0,0.0,0.0,Arsenal,5.5
24,Nelson,Reiss,Nelson,ARS,MID,55,0,0,0,0,0,0,0.00,0.00,0.00,0.00,0,0,0,0,0,0,0,0,0,0,0,0,0,0,,,,0,0,u,has departed the club as a free agent.,2026-08-29T00:33:08.556767Z,0.0,0,27,68,681,0,0,0.0,0.0,0.0,0.0,0.0,Arsenal,5.5
25,Gyökeres,Viktor,Gyökeres,ARS,FWD,71,2,1,29,0,0,0,0.00,0.23,0.23,0.65,0,0,1,0,1,0,0,7,0,0,0,0,0,0,2,,,,,a,,,3.3,29868,20326,58091,614650,-1,-4,0.5,1.0,0.5,0.5,0.3,Arsenal,7.1
26,Havertz,Kai,Havertz,ARS,FWD,76,19,2,437,5,2,0,1.67,0.37,2.04,3.91,3,4,13,6,7,0,2,82,1,0,0,0,0,0,,,,75,,d,Hamstring injury - 75% chance of playing,2026-09-24T22:00:09.120308Z,7.9,51603,94683,654836,455155,0,1,1.5,3.8,1.1,1.5,2.5,Arsenal,7.6
27,G.Jesus,Gabriel,Fernando de Jesus,ARS,FWD,59,0,0,0,0,0,0,0.00,0.00,0.00,0.00,0,0,0,0,0,0,0,0,0,0,0,0,0,0,,,,0,0,u,Has joined FC Barcelona permanently,2026-09-02T16:00:28.475184Z,0.1,0,1137,4164,29412,0,-1,0.0,0.0,0.0,0.0,0.0,Arsenal,5.9
31,Konsa,Ezri,Konsa Ngoyo,ARS,DEF,46,12,1,281,3,0,0,0.23,0.02,0.25,3.50,1,4,23,18,9,5,0,36,0,0,0,0,0,0,,,,75,,d,Unspecified injury - 75% chance of playing,2026-10-05T09:30:09.853316Z,19.0,102868,94528,1476175,685636,1,1,3.5,3.0,2.6,3.5,2.6,Arsenal,4.6
452,Bruno G.,Bruno,Guimarães Rodriguez Moura,ARS,MID,67,9,1,123,1,1,0,0.09,0.16,0.25,2.18,0,3,12,3,8,1,1,45,0,0,0,0,0,0,4,4,,100,100,a,,2026-09-04T14:00:08.328779Z,1.8,7745,9003,32691,246076,0,-3,4.0,3.0,4.0,4.0,1.3,Arsenal,6.7
557,Tzolis,Christos,Tzolis,ARS,MID,63,16,2,362,5,0,2,0.19,0.55,0.74,2.73,2,4,23,7,12,4,1,81,2,0,0,0,0,0,,3,,75,,d,Hamstring injury - 75% chance of playing,2026-10-02T15:00:11.091226Z,11.6,12688,197214,463055,1660422,-1,-2,2.5,3.2,1.9,2.5,2.5,Arsenal,6.3
29,M.Bizot,Marco,Bizot,AVL,GK,45,1,0,90,1,0,0,0.00,0.00,0.00,3.77,0,4,0,2,6,0,0,1,0,0,3,0,0,0,,,,0,0,i,Back injury - Expected back 10 Oct,2026-09-17T07:30:09.058151Z,0.1,77,1172,4671,7548,0,0,0.0,1.0,0.0,0.0,0.2,Aston Villa,4.5
30,Digne,Lucas,Digne,AVL,DEF,45,0,0,0,0,0,0,0.00,0.00,0.00,0.00,0,0,0,0,0,0,0,0,0,0,0,0,0,0,,,,0,0,u,Has joined Paris Saint-Germain permanently,2026-08-10T14:03:30.089007Z,0.0,0,266,0,8677,0,0,0.0,0.0,0.0,0.0,0.0,Aston Villa,4.5
32,Cash,Matty,Cash,AVL,DEF,44,6,-1,296,3,0,0,0.15,0.04,0.19,5.95,1,7,17,11,2,6,0,16,2,0,0,0,0,0,,3,,100,100,a,,2026-09-09T14:30:08.192142Z,4.8,3391,30188,96042,424177,0,-1,-0.5,1.5,-0.5,-0.5,1.4,Aston Villa,4.4
33,Mings,Tyrone,Mings,AVL,DEF,45,10,3,261,2,0,0,0.20,0.02,0.22,4.43,1,4,24,20,7,4,0,43,1,0,0,0,0,0,,,,,,a,,,0.4,2445,1779,17165,17803,0,0,1.5,2.5,1.5,1.5,2.2,Aston Villa,4.5
34,Pau,Pau,Torres,AVL,DEF,44,3,0,187,3,0,0,0.00,0.01,0.01,4.79,0,5,9,8,9,1,0,-4,0,0,0,0,0,0,,,,0,0,i,Hamstring injury - Expected back 10 Oct,2026-09-12T18:00:08.712707Z,0.3,55,3661,11248,28019,-1,-1,0.5,1.0,0.0,0.0,0.7,Aston Villa,4.4
35,Bogarde,Lamare,Bogarde,AVL,MID,49,1,0,16,0,0,0,0.00,0.00,0.00,0.22,0,0,1,1,0,0,0,3,0,0,0,0,0,0,,,,,,a,,,0.1,193,480,2934,4808,-1,-1,0.0,1.0,0.0,0.0,0.2,Aston Villa,4.9
36,Maatsen,Ian,Maatsen,AVL,DEF,44,9,0,335,4,0,0,0.28,0.45,0.73,6.54,1,7,24,17,10,7,1,22,1,0,0,0,0,0,,,,0,0,i,Ankle injury - Unknown return date,2026-09-12T18:00:08.729468Z,0.5,60,7607,31902,63345,-1,-1,0.5,2.2,0.0,0.0,2.0,Aston Villa,4.4
37,Lindelöf,Victor,Lindelöf,AVL,DEF,45,8,1,450,5,0,0,0.44,0.17,0.61,9.22,1,9,22,21,7,1,0,28,0,0,0,0,0,1,,,,,,a,,,0.3,1507,1639,15107,14662,0,0,1.0,1.6,1.0,1.0,1.8,Aston Villa,4.5
38,A.García,Andrés,García,AVL,DEF,40,0,0,0,0,0,0,0.00,0.00,0.00,0.00,0,0,0,0,0,0,0,0,0,0,0,0,0,0,,,,,,a,,,1.5,2080,7048,45526,68948,0,0,0.0,0.0,0.0,0.0,0.0,Aston Villa,4.0
39,Nedeljkovic,Kosta,Nedeljkovic,AVL,DEF,40,0,0,0,0,0,0,0.00,0.00,0.00,0.00,0,0,0,0,0,0,0,0,0,0,0,0,0,0,,,,0,0,u,Has joined Rangers on loan for the rest of the season,2026-08-19T13:56:46.385411Z,0.1,0,661,0,15346,0,0,0.0,0.0,0.0,0.0,0.0,Aston Villa,4.0
41,Buendía,Emiliano,Buendía Stati,AVL,MID,59,21,12,401,5,1,0,0.92,0.24,1.16,7.86,1,8,34,5,20,9,3,73,0,0,0,0,0,0,1,2,1,,,a,,,1.0,16453,5746,64437,96891,0,-1,7.0,4.2,7.0,7.0,3.6,Aston Villa,5.9
44,Bailey,Leon,Bailey,AVL,MID,54,0,0,0,0,0,0,0.00,0.00,0.00,0.00,0,0,0,0,0,0,0,0,0,0,0,0,0,0,,,,0,0,u,Has joined Olympiakos permanently,2026-09-04T12:35:14.472260Z,0.1,0,562,2096,13293,0,-1,0.0,0.0,0.0,0.0,0.0,Aston Villa,5.4
45,McGinn,John,McGinn,AVL,MID,54,17,6,434,5,0,2,0.77,0.24,1.01,8.29,2,7,30,8,17,5,1,65,2,0,0,0,0,0,,1,,,,a,,,2.2,9102,11080,72933,158042,0,-1,6.0,3.4,6.0,6.0,3.1,Aston Villa,5.4
46,Barkley,Ross,Barkley,AVL,MID,50,10,1,308,4,0,0,0.38,0.14,0.52,7.36,1,8,28,5,16,7,0,66,0,0,0,0,0,0,,4,,,,a,,,0.2,648,2088,16205,16565,0,0,1.5,2.0,1.5,1.5,2.0,Aston Villa,5.0
47,Kamara,Boubacar,Kamara,AVL,MID,50,15,6,443,5,0,1,0.12,0.16,0.28,8.44,2,7,36,11,16,9,0,85,0,0,0,0,0,0,,,,100,100,a,,2026-07-23T12:01:23.337269Z,0.3,1564,1887,14773,21835,0,0,4.0,3.0,4.0,4.0,3.0,Aston Villa,5.0
48,Onana,Amadou,Onana,AVL,MID,49,0,0,0,0,0,0,0.00,0.00,0.00,0.00,0,0,0,0,0,0,0,0,0,0,0,0,0,0,,,,0,0,i,Knee injury - Unknown return date,2026-07-23T12:01:23.352497Z,0.0,59,111,530,1681,0,-1,0.0,0.0,0.0,0.0,0.0,Aston Villa,4.9
49,Iling Jr,Samuel,Iling-Junior,AVL,MID,50,0,0,0,0,0,0,0.00,0.00,0.00,0.00,0,0,0,0,0,0,0,0,0,0,0,0,0,0,,,,0,0,u,Has joined Bolton Wanderers on loan for the rest of the season,2026-08-17T13:52:28.532616Z,0.0,0,12,0,237,0,0,0.0,0.0,0.0,0.0,0.0,Aston Villa,5.0
50,Burrowes,Bradley,Burrowes,AVL,MID,45,0,0,0,0,0,0,0.00,0.00,0.00,0.00,0,0,0,0,0,0,0,0,0,0,0,0,0,0,,,,,,a,,,0.6,704,3834,21529,35558,0,0,0.0,0.0,0.0,0.0,0.0,Aston Villa,4.5
51,George Hemmings,George,Hemmings,AVL,MID,45,9,1,297,4,0,0,0.07,0.16,0.23,6.26,1,7,19,3,10,6,0,34,0,0,0,0,0,0,,,,,,a,,,1.2,3697,11610,116380,71543,0,0,1.0,1.8,1.0,1.0,2.0,Aston Villa,4.5
52,Alysson,Alysson Edward Franco,da Rocha dos Santos,AVL,MID,50,8,0,87,0,1,0,0.06,0.00,0.06,2.40,0,2,8,2,4,2,0,34,1,0,0,0,0,0,,,,75,,d,Unspecified injury - 75% chance of playing,2026-09-19T11:30:09.355376Z,0.0,72,888,3358,3751,0,0,3.0,2.0,2.2,3.0,1.6,Aston Villa,5.0
53,Manzambi,Johan,Manzambi,AVL,MID,59,14,13,98,1,1,1,0.44,0.24,0.68,1.54,1,1,9,2,5,2,2,48,0,0,0,0,0,0,,,,100,100,a,,2026-08-15T15:30:06.388335Z,0.5,34658,4659,37644,21278,0,-1,7.0,7.0,7.0,7.0,2.4,Aston Villa,5.9
54,Gomes,Joao,Gomes,AVL,MID,55,2,4,129,2,0,0,0.00,0.03,0.03,4.14,0,6,20,6,5,9,0,11,0,1,0,0,0,0,,,,100,100,a,,2026-09-16T19:30:08.742410Z,0.0,548,237,1387,4146,0,0,2.0,1.0,2.0,2.0,0.4,Aston Villa,5.5
55,Watkins,Ollie,Watkins,AVL,FWD,78,0,0,0,0,0,0,0.00,0.00,0.00,0.00,0,0,0,0,0,0,0,0,0,0,0,0,0,0,,,,0,0,u,Has joined Al Hilal permanently,2026-09-01T13:15:16.698799Z,2.5,0,14657,14882,762038,0,-2,0.0,0.0,0.0,0.0,0.0,Aston Villa,7.8
56,Abraham,Tammy,Abraham,AVL,FWD,55,4,1,71,0,0,0,0.00,0.00,0.00,2.69,0,3,2,0,1,1,0,13,0,0,0,0,0,0,,,,100,100,a,,2026-08-15T16:00:07.558543Z,0.2,2075,2022,16123,13198,0,0,1.0,1.0,1.0,1.0,0.7,Aston Villa,5.5
160,Garnacho,Alejandro,Garnacho Ferreyra,AVL,MID,58,3,0,31,0,0,0,0.00,0.00,0.00,0.49,0,0,2,0,2,0,0,9,0,0,0,0,0,0,,,,,,a,,,0.3,650,3074,7598,41527,0,-2,0.0,1.0,0.0,0.0,0.5,Aston Villa,5.8
166,N.Jackson,Nicolas,Jackson,AVL,FWD,65,10,6,286,4,1,0,0.68,0.60,1.28,2.75,1,2,9,1,8,0,1,52,2,0,0,0,0,0,2,,,,,a,,,1.6,48091,10521,193353,87461,0,0,3.0,2.5,3.0,3.0,1.5,Aston Villa,6.5
582,Madjo,Brian,Madjo,AVL,FWD,54,0,0,0,0,0,0,0.00,0.00,0.00,0.00,0,0,0,0,0,0,0,0,0,0,0,0,0,0,,,,0,0,i,Unspecified injury - Unknown return date,2026-08-15T16:00:07.974271Z,0.2,390,2137,3075,30908,0,-1,0.0,0.0,0.0,0.0,0.0,Aston Villa,5.4
596,Ruggeri,Matteo,Ruggeri,AVL,DEF,45,5,3,113,1,0,0,0.03,0.02,0.05,2.05,0,2,16,14,11,2,0,17,0,0,0,0,0,0,,,,,,a,,,0.1,800,412,3443,5676,0,0,1.5,1.7,1.5,1.5,1.1,Aston Villa,4.5
597,Suzuki,Zion,Suzuki,AVL,GK,50,16,2,360,4,0,0,0.00,0.01,0.01,5.45,1,5,0,8,43,0,3,80,0,0,15,0,0,0,,,,,,a,,,1.9,16221,8186,153785,64045,0,0,2.0,4.0,2.0,2.0,3.2,Aston Villa,5.0
606,Rowe,Triston,Rowe,AVL,DEF,40,0,0,0,0,0,0,0.00,0.00,0.00,0.00,0,0,0,0,0,0,0,0,0,0,0,0,0,0,,,,,,a,,,0.2,365,993,13061,6248,0,0,0.0,0.0,0.0,0.0,0.0,Aston Villa,4.0
607,Lynch,Luka,Lynch,AVL,MID,45,0,0,0,0,0,0,0.00,0.00,0.00,0.00,0,0,0,0,0,0,0,0,0,0,0,0,0,0,,,,0,0,u,Has joined Oxford United on loan until January,2026-09-04T12:35:39.820426Z,0.1,0,772,7103,8216,0,0,0.0,0.0,0.0,0.0,0.0,Aston Villa,4.5
611,Wan-Bissaka,Aaron,Wan-Bissaka,AVL,DEF,45,6,1,152,2,0,0,0.00,0.07,0.07,3.27,0,2,21,12,1,9,0,24,0,0,0,0,0,0,,,,,,a,,,0.2,1763,1667,18616,8000,0,0,2.0,1.5,2.0,2.0,1.3,Aston Villa,4.5
618,Goretzka,Leon,Goretzka,AVL,MID,59,0,0,0,0,0,0,0.00,0.00,0.00,0.00,0,0,0,0,0,0,0,0,0,0,0,0,0,0,,,,0,0,i,Knee injury - Expected back 10 Oct,2026-09-09T09:30:08.229436Z,0.0,31,449,4640,4763,0,-1,0.0,0.0,0.0,0.0,0.0,Aston Villa,5.9
630,Harwood-Bellis,Taylor,Harwood-Bellis,AVL,DEF,45,0,0,0,0,0,0,0.00,0.00,0.00,0.00,0,0,0,0,0,0,0,0,0,0,0,0,0,0,,,,,,a,,,0.0,242,225,2219,1031,0,0,0.0,0.0,0.0,0.0,0.0,Aston Villa,4.5
631,Mbaye,Ibrahim,Mbaye,AVL,MID,60,2,1,33,0,0,0,0.02,0.13,0.15,1.64,0,3,2,0,1,1,0,8,0,0,0,0,0,0,,,,,,a,,,0.1,1093,1309,10601,4990,0,0,1.0,1.0,1.0,1.0,0.3,Aston Villa,6.0
667,Wright,James,Wright,AVL,GK,40,0,0,0,0,0,0,0.00,0.00,0.00,0.00,0,0,0,0,0,0,0,0,0,0,0,0,0,0,,,,,,a,,,0.1,9644,1179,9644,1179,0,0,0.0,0.0,1.0,1.0,0.0,Aston Villa,4.0
57,Petrović,Đorđe,Petrović,BOU,GK,45,9,2,450,5,0,0,0.00,0.00,0.00,6.95,0,8,0,6,43,0,0,45,0,0,11,0,0,0,,,,,,a,,,2.9,8142,14845,114125,127516,0,0,1.5,1.8,1.5,1.5,2.0,Bournemouth,4.5
58,Forster,Fraser,Forster,BOU,GK,40,0,0,0,0,0,0,0.00,0.00,0.00,0.00,0,0,0,0,0,0,0,0,0,0,0,0,0,0,,,,,,a,,,3.5,10137,8939,119331,80760,0,0,0.0,0.0,0.0,0.0,0.0,Bournemouth,4.0
59,Dennis,Will,Dennis,BOU,GK,40,0,0,0,0,0,0,0.00,0.00,0.00,0.00,0,0,0,0,0,0,0,0,0,0,0,0,0,0,,,,0,0,u,Has joined MK Dons permanently,2026-08-27T14:53:48.692835Z,0.1,0,693,1133,7661,0,0,0.0,0.0,0.0,0.0,0.0,Bournemouth,4.0
60,Hill,James,Hill,BOU,DEF,55,12,4,450,5,0,0,0.00,0.79,0.79,6.95,0,8,50,41,11,9,0,43,1,0,0,0,0,0,,,,,,a,,,0.8,4065,3816,31806,44410,0,0,3.0,2.4,3.0,3.0,2.2,Bournemouth,5.5
61,Truffert,Adrien,Truffert,BOU,DEF,54,10,2,450,5,0,0,0.11,0.29,0.40,6.95,0,8,45,28,24,17,2,53,1,0,0,0,0,0,,,,,,a,,,3.0,5999,14925,57868,163208,-1,-1,2.5,2.0,2.5,2.5,1.9,Bournemouth,5.4
62,Diakité,Bafodé,Diakité,BOU,DEF,49,0,0,0,0,0,0,0.00,0.00,0.00,0.00,0,0,0,0,0,0,0,0,0,0,0,0,0,0,,,,,,a,,,0.2,540,1086,7198,12151,-1,-1,0.0,0.0,0.0,0.0,0.0,Bournemouth,4.9
63,Milosavljević,Veljko,Milosavljevic,BOU,DEF,49,0,0,0,0,0,0,0.00,0.00,0.00,0.00,0,0,0,0,0,0,0,0,0,0,0,0,0,0,,,,0,0,i,Thigh injury - Unknown return date,2026-08-06T10:00:10.456051Z,0.0,42,67,348,864,0,-1,0.0,0.0,0.0,0.0,0.0,Bournemouth,4.9
64,Smith,Adam,Smith,BOU,DEF,45,4,2,434,5,0,0,0.01,0.09,0.10,6.70,0,8,21,16,15,5,0,14,3,0,0,0,0,0,,,,,,a,,,0.1,522,602,7320,7430,0,0,1.0,0.8,1.0,1.0,0.9,Bournemouth,4.5
65,J.Araujo,Julián,Araujo Zúñiga,BOU,DEF,44,0,0,0,0,0,0,0.00,0.00,0.00,0.00,0,0,0,0,0,0,0,0,0,0,0,0,0,0,,,,0,0,i,Thigh injury - Unknown return date,2026-08-09T08:00:05.645826Z,0.0,49,75,433,1314,0,-1,0.0,0.0,0.0,0.0,0.0,Bournemouth,4.4
66,Soler,Julio,Soler Barreto,BOU,DEF,40,0,0,0,0,0,0,0.00,0.00,0.00,0.00,0,0,0,0,0,0,0,0,0,0,0,0,0,0,,,,100,100,a,,2026-08-15T16:30:07.021055Z,0.3,852,1317,13943,11202,0,0,0.0,0.0,0.0,0.0,0.0,Bournemouth,4.0
67,Rayan,Rayan Vitor,Simplício Rocha,BOU,MID,63,10,2,434,5,0,0,0.87,0.43,1.30,6.35,0,7,15,6,4,5,0,45,0,0,0,0,0,0,,,,,,a,,,1.5,5378,11521,54048,171017,-1,-2,2.0,2.0,2.0,2.0,1.6,Bournemouth,6.3
68,Tavernier,Marcus,Tavernier,BOU,MID,61,31,2,424,5,3,0,1.70,0.92,2.62,6.54,0,8,42,5,26,11,8,153,2,0,0,0,0,0,3,1,1,,,a,,,6.9,105268,57830,716461,232554,0,1,5.0,6.2,5.0,5.0,5.1,Bournemouth,6.1
69,Scott,Alex,Scott,BOU,MID,61,30,2,446,5,1,2,0.64,0.42,1.06,6.82,1,7,60,15,36,9,5,129,1,0,0,0,0,0,,2,4,50,,d,Thigh injury - 50% chance of playing,2026-10-05T09:30:09.910752Z,5.5,26507,67948,550410,238124,0,1,3.0,6.0,1.5,3.0,4.9,Bournemouth,6.1
70,Kluivert,Justin,Kluivert,BOU,MID,60,15,0,294,4,1,0,0.99,0.08,1.07,4.48,2,3,22,2,16,4,1,64,1,0,0,0,0,0,2,3,2,0,,i,Unspecified injury - Unknown return date,2026-09-20T15:30:09.074071Z,0.8,2324,22264,52681,87146,0,0,4.0,3.8,0.0,4.0,2.5,Bournemouth,6.0
71,Cook,Lewis,Cook,BOU,MID,50,8,1,180,2,0,0,0.00,0.01,0.01,4.20,2,1,14,7,6,1,0,25,1,0,0,0,0,0,,,,,,a,,,0.2,315,1331,13149,14112,0,0,0.5,1.6,0.5,0.5,1.6,Bournemouth,5.0
72,Gannon-Doak,Ben,Gannon-Doak,BOU,MID,49,4,1,12,0,0,0,0.12,0.05,0.17,0.60,0,1,7,0,5,2,0,15,0,0,0,0,0,0,,,,,,a,,,0.1,168,451,1668,4711,0,-1,1.0,1.0,1.0,1.0,0.8,Bournemouth,4.9
73,Adams,Tyler,Adams,BOU,MID,50,12,4,279,3,0,0,0.03,0.07,0.10,2.74,0,7,41,12,22,7,0,52,0,0,0,0,0,0,,,,100,100,a,,2026-08-15T16:30:07.029928Z,0.3,1351,1892,18560,16883,0,0,3.0,2.4,3.0,3.0,2.4,Bournemouth,5.0
74,Brooks,David,Brooks,BOU,MID,50,3,1,45,0,0,0,0.00,0.07,0.07,0.75,0,2,5,2,3,0,0,8,1,0,0,0,0,0,,4,3,100,100,a,,2026-08-15T16:30:07.037929Z,0.1,225,385,3407,3843,0,0,0.5,0.8,0.5,0.5,0.6,Bournemouth,5.0
75,Christie,Ryan,Christie,BOU,MID,50,5,2,102,1,0,0,0.50,0.13,0.63,1.64,0,2,14,3,10,1,0,15,0,0,0,0,0,0,,,,100,100,a,,2026-07-24T17:30:10.035483Z,0.0,387,302,3642,2247,0,0,1.5,1.2,1.5,1.5,1.0,Bournemouth,5.0
76,Tóth.A,Alex,Tóth,BOU,MID,49,2,1,17,0,0,0,0.00,0.00,0.00,0.56,0,2,2,0,1,1,0,8,0,0,0,0,0,0,,,,,,a,,,0.0,32,62,389,791,0,-1,0.5,1.0,0.5,0.5,0.4,Bournemouth,4.9
77,Adli,Amine,Adli,BOU,MID,49,0,0,0,0,0,0,0.00,0.00,0.00,0.00,0,0,0,0,0,0,0,0,0,0,0,0,0,0,,,,0,0,i,Calf injury - Unknown return date,2026-08-15T16:00:07.590566Z,0.0,32,88,301,2229,0,-1,0.0,0.0,0.0,0.0,0.0,Bournemouth,4.9
78,Kroupi.Jr,Junior,Kroupi,BOU,MID,74,0,0,0,0,0,0,0.00,0.00,0.00,0.00,0,0,0,0,0,0,0,0,0,0,0,0,0,0,1,,,0,0,i,Foot injury - Expected back 7 Nov,2026-07-29T17:30:09.796802Z,0.2,234,1008,1280,27526,0,-1,0.0,0.0,0.0,0.0,0.0,Bournemouth,7.4
79,Evanilson,Francisco Evanilson,de Lima Barbosa,BOU,FWD,60,18,2,424,5,0,3,0.87,0.52,1.39,6.45,2,5,27,11,13,3,0,66,1,0,0,0,0,0,,,,,,a,,,3.2,24230,25121,259691,179948,0,0,3.5,3.6,3.5,3.5,3.0,Bournemouth,6.0
80,Enes Ünal,Enes,Ünal,BOU,FWD,55,0,0,0,0,0,0,0.00,0.00,0.00,0.00,0,0,0,0,0,0,0,0,0,0,0,0,0,0,,,,0,0,u,Has joined Getafe permanently,2026-08-14T14:14:21.881112Z,0.0,0,59,0,1991,0,0,0.0,0.0,0.0,0.0,0.0,Bournemouth,5.5
81,Rodríguez,Álvaro,Rodríguez,BOU,FWD,60,2,0,10,0,0,0,0.00,0.00,0.00,0.18,0,1,1,0,1,0,0,7,0,0,0,0,0,0,,,,100,100,a,,2026-08-15T16:30:07.054142Z,0.1,974,820,5681,6951,0,0,0.5,1.0,0.5,0.5,0.3,Bournemouth,6.0
566,Silva,António João,Pereira de Albuquerque Tavares da Silva,BOU,DEF,50,13,3,450,5,0,0,0.85,0.29,1.14,6.95,0,8,56,51,14,5,0,30,2,0,0,0,0,0,,,,,,a,,,0.4,13143,6125,38605,27566,0,0,3.0,2.6,3.0,3.0,2.6,Bournemouth,5.0
573,Sanchez,Juanlu,Sánchez,BOU,DEF,44,0,0,0,0,0,0,0.00,0.00,0.00,0.00,0,0,0,0,0,0,0,0,0,0,0,0,0,0,,,,,,a,,,0.2,171,513,1591,7170,0,-1,0.0,0.0,0.0,0.0,0.0,Bournemouth,4.4
608,Jebbison,Daniel,Jebbison,BOU,FWD,50,3,1,31,0,0,0,0.10,0.00,0.10,0.61,0,2,1,0,1,0,0,13,0,0,0,0,0,0,,,,,,a,,,0.1,1061,1036,13424,7391,0,0,0.5,1.0,0.5,0.5,0.6,Bournemouth,5.0
615,Di Gregorio,Michele,Di Gregorio,BOU,GK,45,0,0,0,0,0,0,0.00,0.00,0.00,0.00,0,0,0,0,0,0,0,0,0,0,0,0,0,0,,,,,,a,,,0.0,209,220,2952,1769,0,0,0.0,0.0,0.0,0.0,0.0,Bournemouth,4.5
82,Kelleher,Caoimhín,Kelleher,BRE,GK,50,20,6,450,5,0,0,0.00,0.01,0.01,6.32,2,4,0,7,34,0,0,97,0,0,17,0,0,0,,,,,,a,,,6.1,24406,17471,256043,217737,0,0,4.5,4.0,4.5,4.5,4.0,Brentford,5.0
83,Valdimarsson,Hákon Rafn,Valdimarsson,BRE,GK,45,0,0,0,0,0,0,0.00,0.00,0.00,0.00,0,0,0,0,0,0,0,0,0,0,0,0,0,0,,,,,,a,,,0.1,353,402,2918,4652,0,0,0.0,0.0,0.0,0.0,0.0,Brentford,4.5
84,Collins,Nathan,Collins,BRE,DEF,54,10,0,196,3,0,0,0.51,0.05,0.56,2.13,1,1,17,15,11,2,0,39,1,0,0,0,0,0,,,,0,0,i,Calf injury - Unknown return date,2026-09-05T18:00:06.182495Z,0.9,136,11098,58755,158454,0,-1,0.0,3.3,0.0,0.0,1.9,Brentford,5.4
85,Van den Berg,Sepp,van den Berg,BRE,DEF,49,0,0,0,0,0,0,0.00,0.00,0.00,0.00,0,0,0,0,0,0,0,0,0,0,0,0,0,0,,,,0,0,i,Groin injury - Unknown return date,2026-08-15T15:30:06.416627Z,0.1,53,425,426,9031,0,-1,0.0,0.0,0.0,0.0,0.0,Brentford,4.9
86,Lewis-Potter,Keane,Lewis-Potter,BRE,MID,55,22,3,406,5,1,1,1.21,0.79,2.00,5.69,2,4,38,17,15,6,3,85,0,0,0,0,0,0,,5,1,,,a,,,1.7,4450,14049,191095,122430,0,0,2.0,4.4,2.0,2.0,4.0,Brentford,5.5
87,Ajer,Kristoffer,Ajer,BRE,DEF,45,21,7,450,5,0,0,0.13,0.08,0.21,6.32,2,4,50,46,11,4,1,73,1,0,0,0,0,0,,,,,,a,,,3.9,15217,27815,320704,281507,0,0,4.0,4.2,4.0,4.0,4.7,Brentford,4.5
88,Kayode,Michael,Kayode,BRE,DEF,46,23,6,294,4,1,0,0.55,0.43,0.98,3.24,2,1,16,14,14,2,1,72,0,0,0,0,0,0,,,,,,a,,,7.6,18518,26273,601216,372507,0,1,3.5,4.6,3.5,3.5,5.0,Brentford,4.6
89,Henry,Rico,Henry,BRE,DEF,44,1,0,2,0,0,0,0.00,0.00,0.00,0.00,0,0,0,0,0,0,0,3,0,0,0,0,0,0,,,,,,a,,,0.2,185,696,2009,8694,0,-1,0.0,1.0,0.0,0.0,0.2,Brentford,4.4
90,Hickey,Aaron,Hickey,BRE,DEF,45,5,1,152,1,0,0,0.03,0.06,0.09,3.07,0,3,17,13,8,4,0,17,0,0,0,0,0,0,,,,,,a,,,0.1,218,297,2132,3030,0,0,1.0,1.0,1.0,1.0,1.1,Brentford,4.5
92,Ji-soo,Kim,Ji-soo,BRE,DEF,44,0,0,0,0,0,0,0.00,0.00,0.00,0.00,0,0,0,0,0,0,0,0,0,0,0,0,0,0,,,,,,a,,,0.0,69,99,503,971,-1,-1,0.0,0.0,0.0,0.0,0.0,Brentford,4.4
93,Schuster,Jannik,Schuster,BRE,DEF,45,21,14,253,2,0,1,0.10,0.54,0.64,4.19,1,3,38,35,6,3,3,59,0,0,0,0,0,0,,,,,,a,,,0.4,20803,3392,22365,7880,0,0,8.5,7.0,8.5,8.5,4.7,Brentford,4.5
94,Schade,Kevin,Schade,BRE,MID,62,39,9,447,5,3,2,1.52,0.32,1.84,6.32,2,4,34,6,21,7,6,138,0,0,0,0,0,0,2,,,,,a,,,12.4,482584,39121,1102439,259125,1,2,12.0,7.8,12.0,12.0,6.3,Brentford,6.2
95,O.Dango,Dango,Ouattara,BRE,MID,63,7,1,179,2,0,0,0.09,0.39,0.48,2.81,1,1,28,9,17,2,0,34,0,0,0,0,0,0,,4,,,,a,,,0.5,1031,4338,15392,82917,0,-2,1.0,1.4,1.0,1.0,1.1,Brentford,6.3
96,Damsgaard,Mikkel,Damsgaard,BRE,MID,54,16,3,283,3,0,1,0.17,0.73,0.90,3.06,2,1,31,6,18,7,3,74,0,0,0,0,0,0,,2,3,75,,d,Unspecified injury - 75% chance of playing,2026-10-03T19:30:08.141728Z,0.4,1848,3104,15359,31220,0,-1,2.0,3.2,1.5,2.0,3.0,Brentford,5.4
97,Jensen,Mathias,Jensen,BRE,MID,54,6,0,66,1,0,1,0.08,0.34,0.42,0.47,1,0,5,0,3,2,0,22,0,0,0,0,0,0,3,1,2,0,0,i,Unspecified injury - Expected back 10 Oct,2026-08-30T12:30:08.176795Z,0.1,22,764,4507,15198,0,-1,0.0,6.0,0.0,0.0,1.1,Brentford,5.4
98,Janelt,Vitaly,Janelt,BRE,MID,50,28,3,450,5,2,0,0.53,0.44,0.97,6.32,2,4,64,27,20,17,3,109,3,0,0,0,0,0,,3,,,,a,,,2.5,23612,21702,310672,110793,0,0,3.5,5.6,3.5,3.5,5.6,Brentford,5.0
99,Milambo,Antoni,Milambo,BRE,MID,50,0,0,0,0,0,0,0.00,0.00,0.00,0.00,0,0,0,0,0,0,0,0,0,0,0,0,0,0,,,,0,0,i,Knee injury - Unknown return date,2026-07-23T12:01:23.384798Z,0.0,9,8,118,160,0,0,0.0,0.0,0.0,0.0,0.0,Brentford,5.0
100,Carvalho,Fábio,Freitas Gouveia Carvalho,BRE,MID,50,6,6,3,0,1,0,0.43,0.00,0.43,0.13,0,0,0,0,0,0,0,23,0,0,0,0,0,0,,,,100,100,a,,2026-08-18T13:58:17.442072Z,0.0,678,196,1976,1474,0,0,3.0,6.0,3.0,3.0,1.2,Brentford,5.0
102,Yarmoliuk,Yehor,Yarmoliuk,BRE,MID,48,9,3,216,2,0,1,0.10,0.30,0.40,4.58,1,4,26,7,14,5,0,50,1,0,0,0,0,0,,,,,,a,,,0.6,1648,4069,6101,62419,0,-2,3.5,1.8,3.5,3.5,1.9,Brentford,4.8
103,Dasilva,Josh,Dasilva,BRE,MID,49,0,0,0,0,0,0,0.00,0.00,0.00,0.00,0,0,0,0,0,0,0,0,0,0,0,0,0,0,,,,0,0,i,Hamstring injury - Expected back 10 Oct,2026-09-04T13:30:08.371955Z,0.0,12,121,403,1966,0,-1,0.0,0.0,0.0,0.0,0.0,Brentford,4.9
105,Anthony,Jaidon,Anthony,BRE,MID,59,15,10,267,3,1,0,1.15,0.54,1.69,3.50,2,3,26,6,16,4,2,59,1,0,0,0,0,0,,,,,,a,,,0.2,2931,765,7929,11166,0,-1,5.5,3.0,5.5,5.5,2.5,Brentford,5.9
106,Thiago,Igor Thiago,Nascimento Rodrigues,BRE,FWD,78,10,5,442,5,1,0,3.13,0.16,3.29,6.25,2,4,19,4,12,3,0,37,2,0,0,0,1,0,1,,,,,a,,,9.2,76335,46633,296758,1043541,0,-2,3.0,2.0,3.0,3.0,1.3,Brentford,7.8
107,Furo,Kaye,Furo,BRE,FWD,45,0,0,0,0,0,0,0.00,0.00,0.00,0.00,0,0,0,0,0,0,0,0,0,0,0,0,0,0,,,,0,0,i,Unspecified injury - Unknown return date,2026-09-14T14:00:09.985723Z,0.9,1028,10927,62101,68089,0,0,0.0,0.0,0.0,0.0,0.0,Brentford,4.5
108,Wilson,Callum,Wilson,BRE,FWD,54,3,0,13,0,0,0,0.07,0.04,0.11,0.15,0,0,2,1,1,0,0,9,0,0,0,0,0,0,,,,,,a,,,0.3,1433,2790,15782,26855,-1,-1,0.0,1.0,0.0,0.0,0.6,Brentford,5.4
565,M.Sangaré,Mamadou,Sangaré,BRE,MID,56,22,0,321,4,0,2,0.41,0.65,1.06,4.31,1,3,48,12,22,14,3,76,2,0,0,0,0,0,,,,,,a,,,9.7,9911,160309,1229199,842198,-1,1,2.0,4.4,2.0,2.0,3.9,Brentford,5.6
620,Diouf,El Hadji Malick,Diouf,BRE,DEF,45,2,1,39,0,0,0,0.00,0.01,0.01,0.63,0,0,2,2,1,0,0,7,0,0,0,0,0,0,,,,,,a,,,0.1,601,783,13762,7445,0,0,1.0,1.0,1.0,1.0,0.4,Brentford,4.5
657,Nunes,Gustavo,Nunes Fernandes Gomes,BRE,MID,45,0,0,0,0,0,0,0.00,0.00,0.00,0.00,0,0,0,0,0,0,0,0,0,0,0,0,0,0,,,,,,a,,,0.0,391,296,2133,689,0,0,0.0,0.0,0.0,0.0,0.0,Brentford,4.5
660,Fredrick,Benjamin,Fredrick,BRE,DEF,40,0,0,0,0,0,0,0.00,0.00,0.00,0.00,0,0,0,0,0,0,0,0,0,0,0,0,0,0,,,,,,a,,,0.0,592,77,592,77,0,0,0.0,0.0,1.1,1.1,0.0,Brentford,4.0
661,Balcombe,Ellery,Balcombe,BRE,GK,40,0,0,0,0,0,0,0.00,0.00,0.00,0.00,0,0,0,0,0,0,0,0,0,0,0,0,0,0,,,,,,a,,,0.0,3480,685,3480,685,0,0,0.0,0.0,1.0,1.0,0.0,Brentford,4.0
109,Verbruggen,Bart,Verbruggen,BHA,GK,45,23,6,450,5,0,0,0.00,0.20,0.20,8.67,3,5,0,3,34,0,0,107,0,0,12,0,0,0,,,,,,a,,,21.6,90868,92991,784343,628845,0,0,7.0,4.6,7.0,7.0,5.1,Brighton,4.5
111,Steele,Jason,Steele,BHA,GK,40,0,0,0,0,0,0,0.00,0.00,0.00,0.00,0,0,0,0,0,0,0,0,0,0,0,0,0,0,,,,,,a,,,4.1,8776,18009,148963,123764,0,0,0.0,0.0,0.0,0.0,0.0,Brighton,4.0
113,F.Kadıoğlu,Ferdi,Kadıoğlu,BHA,DEF,44,13,5,332,4,0,0,0.12,0.13,0.25,7.55,2,5,10,9,8,1,0,46,1,0,0,0,0,0,,3,,100,100,a,,2026-08-23T13:00:07.595211Z,1.6,5237,8823,31650,136366,0,-1,5.5,3.2,5.5,5.5,3.0,Brighton,4.4
114,Boscagli,Olivier,Boscagli,BHA,DEF,45,19,6,437,5,0,0,0.07,0.53,0.60,8.45,3,5,29,25,17,4,0,93,1,0,0,0,0,0,,,,,,a,,,0.3,2878,1073,17095,12150,0,0,6.0,3.8,6.0,6.0,4.2,Brighton,4.5
115,De Cuyper,Maxim,De Cuyper,BHA,DEF,50,38,6,423,5,1,3,1.55,0.67,2.22,8.58,3,5,16,8,18,8,5,132,2,0,0,0,0,0,,2,4,,,a,,,28.3,361989,31167,2780328,416198,1,5,8.5,7.6,8.5,8.5,7.6,Brighton,5.0
116,Dunk,Lewis,Dunk,BHA,DEF,45,22,0,360,4,1,0,0.03,0.09,0.12,7.04,2,5,23,20,13,3,1,79,1,0,0,0,0,0,,,3,75,,d,Neck injury - 75% chance of playing,2026-09-22T09:30:09.629652Z,1.5,7922,12900,89483,53964,0,0,6.0,5.5,4.5,6.0,4.9,Brighton,4.5
117,Coppola,Diego,Coppola,BHA,DEF,45,0,0,0,0,0,0,0.00,0.00,0.00,0.00,0,0,0,0,0,0,0,0,0,0,0,0,0,0,,,,,,a,,,0.0,133,113,945,1076,0,0,0.0,0.0,0.0,0.0,0.0,Brighton,4.5
118,Igor,Igor Julio,dos Santos de Paulo,BHA,DEF,45,0,0,0,0,0,0,0.00,0.00,0.00,0.00,0,0,0,0,0,0,0,0,0,0,0,0,0,0,,,,0,0,u,Has joined Burnley permanently,2026-09-02T15:38:15.529699Z,0.0,0,341,915,5984,0,0,0.0,0.0,0.0,0.0,0.0,Brighton,4.5
119,Costinha,João Pedro,Loureiro da Costa,BHA,DEF,45,4,1,68,0,0,0,0.12,0.30,0.42,1.02,0,0,7,6,1,1,0,18,1,0,0,0,0,0,,,,,,a,,,0.0,202,157,1307,1482,0,0,1.0,0.8,1.0,1.0,0.9,Brighton,4.5
120,Svoboda,Michael,Svoboda,BHA,DEF,50,1,1,4,0,0,0,0.00,0.00,0.00,0.14,0,0,1,0,1,1,0,5,0,0,0,0,0,0,,,,,,a,,,0.1,1412,509,4588,4031,0,0,0.5,1.0,0.5,0.5,0.2,Brighton,5.0
121,Mitoma,Mitoma,Kaoru,BHA,MID,59,0,0,0,0,0,0,0.00,0.00,0.00,0.00,0,0,0,0,0,0,0,0,0,0,0,0,0,0,,,,0,0,i,Hamstring injury - Expected back 10 Oct,2026-07-24T18:30:10.661894Z,0.0,154,197,580,3134,0,-1,0.0,0.0,0.0,0.0,0.0,Brighton,5.9
122,Minteh,Yankuba,Minteh,BHA,MID,58,0,0,0,0,0,0,0.00,0.00,0.00,0.00,0,0,0,0,0,0,0,0,0,0,0,0,0,0,,5,,0,0,i,Leg injury - Expected back 28 Nov,2026-08-14T18:00:06.418033Z,0.0,51,258,341,6932,-1,-2,0.0,0.0,0.0,0.0,0.0,Brighton,5.8
123,Hinshelwood,Jack,Hinshelwood,BHA,MID,59,16,0,63,1,2,0,1.41,0.02,1.43,0.19,1,0,3,0,1,2,3,54,0,0,0,0,0,0,,,,0,0,i,Ankle injury - Expected back 10 Oct,2026-08-27T19:30:07.780933Z,0.5,345,7745,147966,216971,0,-1,0.0,16.0,0.0,0.0,2.7,Brighton,5.9
124,Groß,Pascal,Groß,BHA,MID,59,47,14,450,5,3,4,1.77,0.86,2.63,8.67,3,5,26,9,10,7,9,166,2,0,0,0,0,0,1,1,1,,,a,,,30.2,919111,17397,2279604,547180,2,4,15.5,9.4,15.5,15.5,8.0,Brighton,5.9
125,Georginio,Georginio,Rutter,BHA,FWD,53,6,1,104,1,0,1,0.17,0.45,0.62,1.03,1,0,9,1,6,2,0,24,0,0,0,0,0,0,,,,100,100,a,,2026-08-26T16:00:07.608056Z,0.5,3239,4624,35236,77252,-1,-2,0.5,3.0,0.5,0.5,1.1,Brighton,5.3
126,O'Riley,Matt,O'Riley,BHA,MID,54,2,1,10,0,0,0,0.28,0.01,0.29,0.18,0,0,3,2,1,0,0,6,0,0,0,0,0,0,3,,,,,a,,,0.1,481,628,3655,6584,0,-1,1.0,1.0,1.0,1.0,0.4,Brighton,5.4
127,Gomez,Diego,Gómez Amarilla,BHA,MID,50,24,8,433,5,0,3,0.79,0.78,1.57,8.49,3,5,36,7,16,13,0,80,0,0,0,0,0,0,,,5,,,a,,,3.9,14775,46291,337282,307922,0,0,5.5,4.8,5.5,5.5,4.8,Brighton,5.0
128,Buonanotte,Facundo,Buonanotte,BHA,MID,50,0,0,0,0,0,0,0.00,0.00,0.00,0.00,0,0,0,0,0,0,0,0,0,0,0,0,0,0,,,,0,0,u,Has joined Elche on loan for the rest of the season,2026-08-10T14:03:07.561436Z,0.0,0,8,0,331,0,0,0.0,0.0,0.0,0.0,0.0,Brighton,5.0
129,Ayari,Yasin,Ayari,BHA,MID,54,15,3,333,4,1,0,0.70,0.18,0.88,5.64,3,1,21,4,15,2,0,71,1,0,0,0,0,0,,4,2,100,100,a,,2026-08-30T18:00:07.935334Z,0.4,2945,2459,13186,42014,0,-1,5.5,3.8,5.5,5.5,2.8,Brighton,5.4
130,Wieffer,Mats,Wieffer,BHA,DEF,49,7,0,156,2,0,0,0.12,0.13,0.25,3.18,1,4,15,11,9,4,1,38,0,0,0,0,0,0,,,,0,0,i,Knee injury - Unknown return date,2026-09-04T09:30:08.612904Z,0.2,35,2286,25950,43718,0,-1,0.0,3.5,0.0,0.0,1.4,Brighton,4.9
132,Howell,Harry,Howell,BHA,MID,45,0,0,0,0,0,0,0.00,0.00,0.00,0.00,0,0,0,0,0,0,0,0,0,0,0,0,0,0,,,,0,0,u,Has joined Leicester City on loan for the rest of the season,2026-08-17T13:53:19.019938Z,0.0,0,243,0,3721,0,0,0.0,0.0,0.0,0.0,0.0,Brighton,4.5
133,Watson,Tom,Watson,BHA,MID,50,0,0,0,0,0,0,0.00,0.00,0.00,0.00,0,0,0,0,0,0,0,0,0,0,0,0,0,0,,,,0,0,u,Has joined Leicester City on loan for the rest of the season,2026-08-03T14:05:44.459483Z,0.0,0,6,0,137,0,0,0.0,0.0,0.0,0.0,0.0,Brighton,5.0
134,Oriola,Nehemiah,Oriola,BHA,MID,45,0,0,0,0,0,0,0.00,0.00,0.00,0.00,0,0,0,0,0,0,0,0,0,0,0,0,0,0,,,,,,a,,,0.2,400,1525,8804,14393,0,0,0.0,0.0,0.0,0.0,0.0,Brighton,4.5
135,Yohanna,Zadok,Yohanna,BHA,MID,48,1,0,12,0,0,0,0.00,0.03,0.03,0.00,0,0,0,0,0,0,0,3,0,0,0,0,0,0,,,,0,0,i,Unspecified injury - Expected back 10 Oct,2026-09-10T13:00:08.617941Z,0.0,28,446,1271,5553,-1,-2,0.0,1.0,0.0,0.0,0.2,Brighton,4.8
137,Tzimas,Stefanos,Tzimas,BHA,FWD,54,0,0,0,0,0,0,0.00,0.00,0.00,0.00,0,0,0,0,0,0,0,0,0,0,0,0,0,0,,,,0,0,i,Knee injury - Unknown return date,2026-07-23T12:01:23.432796Z,0.0,45,65,342,763,0,-1,0.0,0.0,0.0,0.0,0.0,Brighton,5.4
138,Kostoulas,Charalampos,Kostoulas,BHA,FWD,56,28,10,353,4,2,3,1.35,0.06,1.41,7.67,2,5,27,5,18,4,3,105,1,0,0,0,0,0,,,,,,a,,,5.0,389761,27574,494452,60084,1,1,10.0,5.6,10.0,10.0,5.0,Brighton,5.6
139,Ferguson,Evan,Ferguson,BHA,FWD,50,0,0,0,0,0,0,0.00,0.00,0.00,0.00,0,0,0,0,0,0,0,0,0,0,0,0,0,0,,,,0,0,i,Ankle injury - Expected back 10 Oct,2026-07-23T12:01:23.448357Z,0.0,163,286,1614,2555,0,0,0.0,0.0,0.0,0.0,0.0,Brighton,5.0
328,Struijk,Pascal,Struijk,BHA,DEF,49,7,5,98,1,0,0,0.16,0.01,0.17,1.70,1,0,10,9,6,1,0,31,1,0,0,0,0,0,,,,75,100,d,Hamstring injury - 75% chance of playing,2026-09-22T10:00:09.404233Z,0.2,656,1143,5685,12394,0,-1,3.0,2.3,2.2,3.0,1.4,Brighton,4.9
504,Vuskovic,Luka,Vušković,BHA,DEF,50,32,8,437,5,1,0,0.46,0.07,0.53,8.45,3,5,43,37,17,6,2,98,0,0,0,0,0,0,,,,,,a,,,3.8,75023,18249,278123,143061,0,0,7.0,6.4,7.0,7.0,6.4,Brighton,5.0
594,David,Promise,David,BHA,FWD,59,1,0,23,0,0,0,0.42,0.00,0.42,0.14,0,0,0,0,0,0,0,-4,1,0,0,0,0,0,2,,,,,a,,,0.2,3606,2491,15468,22764,-1,-1,0.0,0.5,0.0,0.0,0.2,Brighton,5.9
600,Osman,Ibrahim,Osman,BHA,MID,50,3,0,40,0,0,0,0.05,0.07,0.12,0.32,0,1,4,0,3,1,0,15,0,0,0,0,0,0,,,,,,a,,,0.0,121,139,952,1106,0,0,0.5,1.0,0.5,0.5,0.6,Brighton,5.0
605,Yalcouyé,Malick,Yalcouyé,BHA,MID,45,20,1,236,3,2,0,1.46,0.45,1.91,6.57,1,4,19,6,7,6,1,96,0,0,0,0,0,0,,,,,,a,,,3.9,30612,38768,559501,176722,0,0,4.5,4.0,4.5,4.5,4.4,Brighton,4.5
614,Hadjam,Jaouen,Hadjam,BHA,DEF,45,0,0,0,0,0,0,0.00,0.00,0.00,0.00,0,0,0,0,0,0,0,0,0,0,0,0,0,0,,,,,,a,,,0.0,267,275,4006,1980,0,0,0.0,0.0,0.0,0.0,0.0,Brighton,4.5
624,Cozier-Duberry,Amario,Cozier-Duberry,BHA,MID,50,0,0,0,0,0,0,0.00,0.00,0.00,0.00,0,0,0,0,0,0,0,0,0,0,0,0,0,0,,,,0,0,u,Has joined Middlesbrough on loan for the rest of the season,2026-09-02T15:38:15.552951Z,0.0,0,6,117,114,0,0,0.0,0.0,0.0,0.0,0.0,Brighton,5.0
639,Andrés,José María,Andrés Baixauli,BHA,MID,55,12,8,109,1,1,1,0.52,0.12,0.64,1.70,1,0,13,4,8,1,0,37,0,0,0,0,0,0,,,,,,a,,,0.0,3315,381,4559,849,0,0,6.0,6.0,6.0,6.0,2.2,Brighton,5.5
652,Azeez,Femi,Azeez,BHA,MID,55,0,0,0,0,0,0,0.00,0.00,0.00,0.00,0,0,0,0,0,0,0,0,0,0,0,0,0,0,,,,0,0,i,Hamstring injury - Expected back 10 Oct,2026-09-04T11:30:08.661589Z,0.0,20,49,443,206,0,0,0.0,0.0,0.0,0.0,0.0,Brighton,5.5
658,Ibrahim,Younes,Ibrahim,BHA,MID,45,0,0,0,0,0,0,0.00,0.00,0.00,0.00,0,0,0,0,0,0,0,0,0,0,0,0,0,0,,,,,,a,,,0.0,338,229,1501,497,0,0,0.0,0.0,0.0,0.0,0.0,Brighton,4.5
28,Martinez,Emiliano,Martínez Romero,CHE,GK,50,9,2,360,4,0,0,0.00,0.01,0.01,7.49,0,10,0,1,37,0,0,61,0,0,18,0,0,0,,,,,,a,,,4.7,9896,25211,247663,249792,0,0,2.0,2.2,2.0,2.0,1.8,Chelsea,5.0
40,Rogers,Morgan,Rogers,CHE,MID,78,29,2,437,5,3,1,1.72,1.23,2.95,8.73,0,12,31,3,23,5,2,135,1,0,0,0,0,0,,4,3,,,a,,,41.0,213698,82892,2543121,674579,1,3,5.0,5.8,5.0,5.0,3.7,Chelsea,7.8
101,Henderson,Jordan,Henderson,CHE,MID,49,2,2,90,1,0,0,0.00,0.08,0.08,2.65,0,3,10,2,7,1,0,16,0,0,0,0,0,0,,3,,100,50,a,,2026-08-09T09:30:07.136250Z,0.0,586,189,1199,2663,0,-1,1.0,2.0,1.0,0.5,0.4,Chelsea,4.9
136,Welbeck,Danny,Welbeck,CHE,FWD,59,4,2,85,1,0,0,0.00,0.14,0.14,1.99,0,1,5,2,2,1,0,15,0,0,0,0,0,0,,,,100,100,a,,2026-08-20T14:00:07.949090Z,1.0,10121,11046,64057,84950,0,-1,1.5,1.3,1.5,1.5,0.7,Chelsea,5.9
140,Sánchez,Robert,Lynch Sánchez,CHE,GK,49,2,0,90,1,0,0,0.00,0.01,0.01,1.33,0,2,0,1,5,0,0,6,0,0,4,0,0,0,,,,0,0,u,Has joined Como on loan for the rest of the season,2026-09-02T16:20:41.841936Z,0.7,0,5631,10847,177239,0,-1,0.0,2.0,0.0,0.0,0.4,Chelsea,4.9
141,Jörgensen,Filip,Jörgensen,CHE,GK,50,0,0,0,0,0,0,0.00,0.00,0.00,0.00,0,0,0,0,0,0,0,0,0,0,0,0,0,0,,,,0,0,u,Has joined RC Strasbourg on loan for the rest of the season,2026-08-12T14:07:02.607115Z,0.0,0,35,0,953,0,0,0.0,0.0,0.0,0.0,0.0,Chelsea,5.0
142,James,Reece,James,CHE,DEF,53,3,0,292,3,0,0,0.33,0.26,0.59,4.90,0,7,13,11,15,2,0,24,1,0,0,0,0,0,,1,1,75,75,d,Hamstring injury - 75% chance of playing,2026-09-18T10:30:09.719371Z,5.7,758,89663,168963,612352,-1,-2,0.5,0.8,0.4,0.4,0.6,Chelsea,5.3
143,Chalobah,Trevoh,Chalobah,CHE,DEF,55,0,0,0,0,0,0,0.00,0.00,0.00,0.00,0,0,0,0,0,0,0,0,0,0,0,0,0,0,,,,0,0,u,Has joined Como permanently,2026-08-10T14:03:50.769483Z,0.1,0,362,0,13992,0,0,0.0,0.0,0.0,0.0,0.0,Chelsea,5.5
144,Gusto,Malo,Gusto,CHE,DEF,49,4,0,272,3,0,0,0.08,0.12,0.20,3.50,0,7,15,11,13,4,0,12,0,0,0,0,0,0,,6,,,,a,,,0.9,1862,7644,37189,68124,-1,-1,0.5,1.0,0.5,0.5,0.8,Chelsea,4.9
145,Fofana,Wesley,Fofana,CHE,DEF,50,8,4,312,4,0,0,0.00,0.08,0.08,5.65,0,7,47,40,11,7,0,35,1,0,0,0,0,0,,,,100,100,a,,2026-07-23T12:01:23.464591Z,0.2,3263,1528,19369,8469,0,0,2.5,2.0,2.5,2.5,1.6,Chelsea,5.0
146,B.Badiashile,Benoît,Badiashile Mukinayi,CHE,DEF,45,0,0,0,0,0,0,0.00,0.00,0.00,0.00,0,0,0,0,0,0,0,0,0,0,0,0,0,0,,,,0,0,u,Has joined Napoli on loan for the rest of the season,2026-08-25T14:03:47.079414Z,0.0,0,52,232,1949,0,0,0.0,0.0,0.0,0.0,0.0,Chelsea,4.5
148,Hato,Jorrel,Hato,CHE,DEF,45,8,0,258,4,0,2,0.01,0.21,0.22,4.81,0,9,18,11,9,7,0,14,0,0,0,0,0,0,,,,,,a,,,0.8,1086,8570,91481,60897,0,0,0.0,2.0,0.0,0.0,1.8,Chelsea,4.5
149,Colwill,Levi,Samuels Colwill,CHE,DEF,48,3,1,341,4,0,0,0.01,0.05,0.06,6.67,0,9,26,23,15,3,0,17,1,0,0,0,0,0,,,,,,a,,,0.9,1469,6270,27125,99295,-1,-2,1.0,0.8,1.0,1.0,0.6,Chelsea,4.8
150,M.Sarr,Mamadou,Sarr,CHE,DEF,45,0,0,0,0,0,0,0.00,0.00,0.00,0.00,0,0,0,0,0,0,0,0,0,0,0,0,0,0,,,,0,0,u,Has joined Real Sociedad on loan for the rest of the season,2026-08-29T00:34:23.077418Z,0.0,0,200,429,6016,0,0,0.0,0.0,0.0,0.0,0.0,Chelsea,4.5
151,Acheampong,Josh,Acheampong,CHE,DEF,45,5,0,221,2,0,0,0.00,0.03,0.03,4.72,0,7,20,13,7,7,0,5,0,0,0,0,0,0,,,,,,a,,,0.3,503,2236,21215,22795,0,0,0.0,1.2,0.0,0.0,1.1,Chelsea,4.5
152,Palestra,Marco,Palestra,CHE,DEF,53,0,0,0,0,0,0,0.00,0.00,0.00,0.00,0,0,0,0,0,0,0,0,0,0,0,0,0,0,,,,50,50,d,Thigh injury - 50% chance of playing,2026-08-24T18:30:07.421239Z,0.6,353,4815,6813,221356,0,-2,0.0,0.0,0.0,0.0,0.0,Chelsea,5.3
154,Palmer,Cole,Palmer,CHE,MID,97,28,2,442,5,2,2,1.31,0.79,2.10,8.73,0,12,29,3,19,7,3,148,1,0,0,0,0,0,1,,2,75,100,d,Muscular injury - 75% chance of playing,2026-09-21T13:00:09.022726Z,25.1,57416,227344,1960792,722650,0,2,3.5,5.6,2.6,3.5,2.9,Chelsea,9.7
156,Neto,Pedro,Lomba Neto,CHE,MID,65,14,2,332,4,1,0,0.68,0.58,1.26,6.64,0,8,28,8,14,6,0,81,0,0,0,0,0,0,,2,4,,,a,,,1.4,7108,11045,84233,92696,0,0,2.0,2.8,2.0,2.0,2.2,Chelsea,6.5
157,Estêvão,Estêvão,Almeida de Oliveira Gonçalves,CHE,MID,63,4,1,23,0,0,0,0.07,0.07,0.14,1.01,0,1,2,0,1,1,0,17,0,0,0,0,0,0,2,5,,,,a,,,0.7,2290,4773,18204,87508,0,-2,1.0,1.0,1.0,1.0,0.6,Chelsea,6.3
158,Gittens,Jamie,Bynoe-Gittens,CHE,MID,58,0,0,0,0,0,0,0.00,0.00,0.00,0.00,0,0,0,0,0,0,0,0,0,0,0,0,0,0,,,,75,,d,Ankle injury - 75% chance of playing,2026-09-26T05:30:09.245832Z,0.0,160,290,1139,2920,-1,-2,0.0,0.0,0.0,0.0,0.0,Chelsea,5.8
159,Caicedo,Moisés,Caicedo Corozo,CHE,MID,53,1,0,13,0,0,0,0.00,0.00,0.00,0.07,0,0,0,0,0,0,0,3,0,0,0,0,0,0,,,,50,50,d,Calf injury - 50% chance of playing,2026-08-30T16:00:08.393562Z,1.0,471,10430,15109,282822,0,-2,0.0,1.0,0.0,0.0,0.2,Chelsea,5.3
161,Lavia,Roméo,Lavia,CHE,MID,50,11,0,258,4,1,0,0.75,0.11,0.86,5.06,0,8,31,10,15,6,0,61,1,0,0,0,0,0,,,,,,a,,,0.2,579,2767,25954,15877,0,0,1.0,2.8,1.0,1.0,2.2,Chelsea,5.0
163,D.Essugo,Dário,Luís Essugo,CHE,MID,45,0,0,0,0,0,0,0.00,0.00,0.00,0.00,0,0,0,0,0,0,0,0,0,0,0,0,0,0,,,,0,0,u,Has joined RC Strasbourg on loan for the rest of the season,2026-09-02T16:20:41.865225Z,0.1,0,837,2698,14549,0,0,0.0,0.0,0.0,0.0,0.0,Chelsea,4.5
164,Quenda,Geovany,Quenda,CHE,MID,53,2,1,27,0,0,0,0.03,0.01,0.04,1.29,0,2,1,1,0,0,0,5,0,0,0,0,0,0,,,,100,100,a,,2026-07-24T20:30:10.609931Z,0.0,82,201,914,3421,0,-2,0.5,1.0,0.5,0.5,0.4,Chelsea,5.3
165,João Pedro,João Pedro,Junqueira de Jesus,CHE,FWD,77,33,0,360,4,3,3,2.17,0.19,2.36,6.17,0,9,9,3,5,1,7,141,1,0,0,0,0,1,,,,75,75,d,Knee injury - 75% chance of playing,2026-09-16T19:00:09.919929Z,64.4,84419,464110,1599160,1536606,-1,2,6.0,8.2,4.5,4.5,4.3,Chelsea,7.7
168,Marc Guiu,Marc,Guiu Paz,CHE,FWD,50,0,0,0,0,0,0,0.00,0.00,0.00,0.00,0,0,0,0,0,0,0,0,0,0,0,0,0,0,,,,0,0,u,Has joined RB Leipzig permanently,2026-09-01T13:24:48.857362Z,0.2,0,1774,4102,33498,0,0,0.0,0.0,0.0,0.0,0.0,Chelsea,5.0
169,Mheuka,Shumaira,Mheuka,CHE,FWD,45,0,0,0,0,0,0,0.00,0.00,0.00,0.00,0,0,0,0,0,0,0,0,0,0,0,0,0,0,,,,,,a,,,0.5,5157,4013,32878,25802,0,0,0.0,0.0,0.0,0.0,0.0,Chelsea,4.5
170,Emegha,Emmanuel,Emegha,CHE,FWD,49,0,0,0,0,0,0,0.00,0.00,0.00,0.00,0,0,0,0,0,0,0,0,0,0,0,0,0,0,,,,0,0,i,Hamstring injury - Expected back 10 Oct,2026-09-09T15:00:09.063849Z,0.1,116,1220,6116,12727,-1,-1,0.0,0.0,0.0,0.0,0.0,Chelsea,4.9
200,Lacroix,Maxence,Lacroix,CHE,DEF,59,13,3,364,4,0,1,0.15,0.22,0.37,7.93,0,10,47,37,8,10,0,28,1,0,0,0,0,0,,,,,,a,,,6.7,10787,34115,177441,429691,-1,-1,2.0,2.6,2.0,2.0,2.2,Chelsea,5.9
560,Penders,Mike,Penders,CHE,GK,44,0,0,0,0,0,0,0.00,0.00,0.00,0.00,0,0,0,0,0,0,0,0,0,0,0,0,0,0,,,,,,a,,,0.1,270,341,2045,3661,0,-1,0.0,0.0,0.0,0.0,0.0,Chelsea,4.4
561,Anselmino,Aaron,Anselmino,CHE,DEF,45,0,0,0,0,0,0,0.00,0.00,0.00,0.00,0,0,0,0,0,0,0,0,0,0,0,0,0,0,,,,100,100,a,,2026-08-23T19:00:08.536705Z,0.0,77,117,834,1265,0,0,0.0,0.0,0.0,0.0,0.0,Chelsea,4.5
568,Barco,Valentín,Barco,CHE,MID,54,3,2,115,1,0,0,0.07,0.11,0.18,2.83,0,3,12,4,5,3,0,29,1,0,0,0,0,0,,,,,,a,,,0.1,281,522,3204,7089,0,-1,1.0,1.0,1.0,1.0,0.6,Chelsea,5.4
583,Chavarria,Pep,Chavarría,CHE,DEF,49,5,1,208,1,0,0,0.04,0.07,0.11,4.10,0,4,16,11,7,5,0,17,0,0,0,0,0,0,,,,,,a,,,0.2,562,636,3522,11242,0,-1,1.0,1.0,1.0,1.0,1.0,Chelsea,4.9
662,Nicoll-Jazuli,Mahdi,Nicoll-Jazuli,CHE,MID,45,1,1,3,0,0,0,0.00,0.00,0.00,0.43,0,1,2,0,0,2,0,5,0,0,0,0,0,0,,,,,,a,,,0.0,384,87,384,87,0,0,1.0,1.0,1.1,1.1,0.2,Chelsea,4.5
91,Pinnock,Ethan,Pinnock,COV,DEF,45,14,8,282,3,0,0,0.12,0.00,0.12,6.57,1,7,44,41,4,3,0,15,1,0,0,0,0,0,,,,,,a,,,0.1,534,302,2703,4073,0,0,5.0,3.5,5.0,5.0,3.1,Coventry City,4.5
104,Onyeka,Frank,Onyeka,COV,MID,49,9,3,314,4,0,0,0.03,0.02,0.05,6.31,1,7,28,9,14,5,0,34,0,0,0,0,0,0,,,,100,100,a,,2026-09-15T09:00:07.851220Z,0.1,197,539,4007,9666,0,-1,2.5,2.2,2.5,2.5,1.8,Coventry City,4.9
110,Rushworth,Carl,Rushworth,COV,GK,45,16,11,450,5,0,1,0.00,0.02,0.02,8.63,1,10,0,4,50,0,2,56,0,0,9,0,0,0,,,,,,a,,,0.8,3217,6863,24364,60027,0,0,5.5,3.2,5.5,5.5,3.6,Coventry City,4.5
171,Dovin,Oliver,Dovin,COV,GK,40,0,0,0,0,0,0,0.00,0.00,0.00,0.00,0,0,0,0,0,0,0,0,0,0,0,0,0,0,,,,0,0,u,Has joined Leyton Orient on loan for the rest of the season,2026-09-02T15:44:14.839336Z,1.0,0,5895,8924,59063,0,0,0.0,0.0,0.0,0.0,0.0,Coventry City,4.0
172,Wilson,Ben,Wilson,COV,GK,44,0,0,0,0,0,0,0.00,0.00,0.00,0.00,0,0,0,0,0,0,0,0,0,0,0,0,0,0,,,,,,a,,,0.4,276,806,1446,12503,0,-1,0.0,0.0,0.0,0.0,0.0,Coventry City,4.4
173,Thomas,Bobby,Thomas,COV,DEF,40,24,9,437,5,0,0,0.49,0.30,0.79,8.09,2,9,52,49,16,3,3,78,0,0,0,0,0,0,,,,,,a,,,8.6,37267,40025,374701,293049,0,0,4.5,4.8,4.5,4.5,6.0,Coventry City,4.0
174,Kitching,Liam,Kitching,COV,DEF,40,0,0,0,0,0,0,0.00,0.00,0.00,0.00,0,0,0,0,0,0,0,0,0,0,0,0,0,0,,,,0,0,u,Has joined Sheffield United on loan for the rest of the season,2026-09-02T16:21:03.612394Z,0.3,0,2234,981,33327,0,0,0.0,0.0,0.0,0.0,0.0,Coventry City,4.0
175,van Ewijk,Milan,van Ewijk,COV,DEF,40,6,0,360,4,0,0,0.00,0.30,0.30,7.53,0,10,27,21,13,6,0,7,1,0,0,0,0,0,,,,75,,d,Hamstring injury - 75% chance of playing,2026-09-19T16:00:09.486751Z,8.5,1291,93126,123196,517800,0,0,0.0,1.5,0.0,0.0,1.5,Coventry City,4.0
176,Dasilva,Jay,Dasilva,COV,DEF,40,20,15,444,5,1,0,0.50,0.52,1.02,8.63,1,10,23,19,14,4,3,54,0,0,0,0,0,0,,,,,,a,,,0.8,9055,2504,18338,23470,0,0,7.5,4.0,7.5,7.5,5.0,Coventry City,4.0
177,Kesler-Hayden,Kaine,Kesler-Hayden,COV,DEF,39,0,0,0,0,0,0,0.00,0.00,0.00,0.00,0,0,0,0,0,0,0,0,0,0,0,0,0,0,,,,0,0,i,Hamstring injury - Unknown return date,2026-08-27T14:56:28.704361Z,0.1,4090,1072,4689,4297,-1,-1,0.0,0.0,0.0,0.0,0.0,Coventry City,3.9
178,Bidwell,Jake,Bidwell,COV,DEF,40,0,0,0,0,0,0,0.00,0.00,0.00,0.00,0,0,0,0,0,0,0,0,0,0,0,0,0,0,,,,,,a,,,0.1,213,351,2520,3582,0,0,0.0,0.0,0.0,0.0,0.0,Coventry City,4.0
179,Latibeaudiere,Joel,Latibeaudiere,COV,DEF,40,1,1,1,0,0,0,0.00,0.00,0.00,0.02,0,0,2,2,0,0,0,3,0,0,0,0,0,0,,,,,,a,,,0.0,85,168,996,1771,0,0,0.5,1.0,0.5,0.5,0.2,Coventry City,4.0
180,Woolfenden,Luke,Woolfenden,COV,DEF,39,0,0,0,0,0,0,0.00,0.00,0.00,0.00,0,0,0,0,0,0,0,0,0,0,0,0,0,0,,,,0,0,i,Knee injury - Unknown return date,2026-08-27T14:56:28.718566Z,0.1,245,655,2480,9164,-1,-1,0.0,0.0,0.0,0.0,0.0,Coventry City,3.9
181,Brau,Miguel,Brau,COV,DEF,40,0,0,0,0,0,0,0.00,0.00,0.00,0.00,0,0,0,0,0,0,0,0,0,0,0,0,0,0,,,,0,0,u,Has joined Academico de Viseu on loan for the rest of the season,2026-08-29T00:35:59.980316Z,0.0,0,121,275,2191,0,0,0.0,0.0,0.0,0.0,0.0,Coventry City,4.0
182,Amenda,Aurèle,Amenda,COV,DEF,40,4,0,360,4,0,0,0.02,0.39,0.41,7.53,0,10,24,23,11,1,0,-3,1,0,0,0,0,0,,,,0,25,i,Calf injury - Unknown return date,2026-09-17T07:30:09.329041Z,0.6,46,7940,11491,34842,0,0,0.0,1.0,0.0,0.0,1.0,Coventry City,4.0
183,Rudoni,Jack,Rudoni,COV,MID,49,13,5,297,4,0,0,0.92,1.11,2.03,4.49,2,4,34,9,21,4,0,51,0,0,0,0,0,0,,5,1,100,100,a,,2026-07-23T12:01:23.481435Z,0.1,1177,894,4647,8283,0,-1,3.5,2.6,3.5,3.5,2.7,Coventry City,4.9
184,Grimes,Matt,Grimes,COV,MID,49,11,3,443,5,0,0,0.12,0.13,0.25,8.42,1,9,38,13,16,9,0,62,0,0,0,0,0,0,3,1,,,,a,,,0.1,218,1047,4115,11438,0,-1,2.5,2.2,2.5,2.5,2.2,Coventry City,4.9
185,Sakamoto,Tatsuhiro,Sakamoto,COV,MID,48,1,0,31,0,0,0,0.02,0.02,0.04,0.69,0,1,4,0,2,2,0,8,0,0,0,0,0,0,,,,,,a,,,0.1,136,467,1026,5839,0,-2,0.0,1.0,0.0,0.0,0.2,Coventry City,4.8
186,Mason-Clark,Ephron,Mason-Clark,COV,MID,53,5,1,231,4,0,0,0.51,0.12,0.63,3.16,0,3,15,6,9,0,0,19,0,0,0,0,0,0,,,,100,100,a,,2026-08-19T18:00:08.310507Z,0.1,88,407,1127,6011,-1,-2,1.0,1.2,1.0,1.0,0.9,Coventry City,5.3
187,Eccles,Josh,Eccles,COV,MID,48,0,0,0,0,0,0,0.00,0.00,0.00,0.00,0,0,0,0,0,0,0,0,0,0,0,0,0,0,,,,0,0,i,Unspecified injury - Expected back 12 Oct,2026-09-10T18:30:08.877110Z,0.0,33,114,646,1490,-1,-2,0.0,0.0,0.0,0.0,0.0,Coventry City,4.8
188,Torp,Victor,Torp,COV,MID,53,3,0,53,0,0,0,0.00,0.12,0.12,1.22,0,2,3,1,2,0,0,13,0,0,0,0,0,0,2,2,2,,,a,,,0.1,47,512,800,8044,-1,-2,0.5,1.0,0.5,0.5,0.6,Coventry City,5.3
189,Shepherd,George,Shepherd,COV,MID,44,0,0,0,0,0,0,0.00,0.00,0.00,0.00,0,0,0,0,0,0,0,0,0,0,0,0,0,0,,,,,,a,,,0.3,4534,3239,11254,16110,0,-1,0.0,0.0,0.0,0.0,0.0,Coventry City,4.4
190,Tchaouna,Loum,Tchaouna,COV,MID,54,5,1,211,2,0,0,0.23,0.18,0.41,3.23,0,3,18,6,11,1,0,32,0,0,0,0,0,0,,3,,,,a,,,0.1,30,434,3146,8311,0,-1,0.5,1.2,0.5,0.5,0.9,Coventry City,5.4
191,Borges Rodrigues,Raphael,Borges Rodrigues,COV,MID,45,0,0,0,0,0,0,0.00,0.00,0.00,0.00,0,0,0,0,0,0,0,0,0,0,0,0,0,0,,,,0,0,u,Has joined Burton Albion on loan for the rest of the season,2026-09-02T15:44:14.868001Z,0.1,0,831,1943,11655,0,0,0.0,0.0,0.0,0.0,0.0,Coventry City,4.5
192,Andrews,Kai,Andrews,COV,MID,45,0,0,0,0,0,0,0.00,0.00,0.00,0.00,0,0,0,0,0,0,0,0,0,0,0,0,0,0,,,,0,0,u,Has joined Oxford United on loan for the rest of the season,2026-08-29T00:35:59.998520Z,0.3,0,2396,2718,41501,0,0,0.0,0.0,0.0,0.0,0.0,Coventry City,4.5
193,Wright,Haji,Wright,COV,FWD,53,0,0,0,0,0,0,0.00,0.00,0.00,0.00,0,0,0,0,0,0,0,0,0,0,0,0,0,0,1,,,0,0,i,Thigh injury - Unknown return date,2026-08-14T22:00:07.214508Z,0.1,52,664,619,12590,-1,-2,0.0,0.0,0.0,0.0,0.0,Coventry City,5.3
194,Thomas-Asante,Brandon,Thomas-Asante,COV,FWD,50,9,4,227,2,0,0,0.34,0.06,0.39,4.98,1,6,27,12,12,3,0,43,0,0,0,0,0,0,4,,,,,a,,,0.8,10515,7304,61140,58329,0,0,2.5,1.8,2.5,2.5,1.8,Coventry City,5.0
195,Simms,Ellis,Simms,COV,FWD,49,4,1,104,1,0,0,0.30,0.01,0.31,2.79,0,3,3,1,2,0,0,13,0,0,0,0,0,0,,,,,,a,,,0.6,2668,6282,41172,65500,-1,-1,0.5,1.3,0.5,0.5,0.8,Coventry City,4.9
196,Markelo,Jahnoah,Markelo,COV,FWD,50,0,0,0,0,0,0,0.00,0.00,0.00,0.00,0,0,0,0,0,0,0,0,0,0,0,0,0,0,,,,0,0,u,Has joined Shabab Al-Ahli Dubai permanently,2026-08-17T13:53:55.791223Z,0.0,0,68,0,1195,0,0,0.0,0.0,0.0,0.0,0.0,Coventry City,5.0
197,Bassette,Norman,Bassette,COV,FWD,45,0,0,0,0,0,0,0.00,0.00,0.00,0.00,0,0,0,0,0,0,0,0,0,0,0,0,0,0,,,,0,0,u,Has joined KVC Westerlo on loan for the rest of the season,2026-07-28T12:58:50.001768Z,0.0,0,164,0,2123,0,0,0.0,0.0,0.0,0.0,0.0,Coventry City,4.5
492,Awoniyi,Taiwo,Awoniyi,COV,FWD,54,3,0,232,3,0,0,1.30,0.04,1.34,3.55,0,7,11,3,7,1,0,11,0,1,0,0,0,0,5,,,0,0,s,Suspended until 19 Oct,2026-09-13T15:00:09.305127Z,0.4,88,5971,21361,65766,-1,-1,-1.0,0.8,0.0,0.0,0.6,Coventry City,5.4
575,Yirenkyi,Caleb,Yirenkyi,COV,MID,48,9,3,265,3,0,0,0.03,0.15,0.18,4.25,2,5,21,7,13,1,0,36,1,0,0,0,0,0,,,,,,a,,,0.1,352,1183,3004,13850,-1,-2,2.0,1.8,2.0,2.0,1.9,Coventry City,4.8
584,Hamer,Gustavo,Hamer,COV,MID,54,3,0,32,0,0,0,0.00,0.02,0.02,0.82,0,1,3,0,2,1,0,6,0,0,0,0,0,0,,4,,,,a,,,0.1,45,459,795,6466,0,-1,0.0,1.0,0.0,0.0,0.6,Coventry City,5.4
599,Cherif,Sidiki,Cherif,COV,FWD,50,1,0,30,0,0,0,0.00,0.00,0.00,1.43,0,3,1,1,0,0,0,3,0,0,0,0,0,0,,,,,,a,,,0.1,644,879,7571,7718,0,0,0.5,1.0,0.5,0.5,0.2,Coventry City,5.0
623,Bentley,Dan,Bentley,COV,GK,40,0,0,0,0,0,0,0.00,0.00,0.00,0.00,0,0,0,0,0,0,0,0,0,0,0,0,0,0,,,,,,a,,,0.7,10863,2899,81241,19791,0,0,0.0,0.0,0.0,0.0,0.0,Coventry City,4.0
655,Gboho,Yann,Gboho,COV,MID,55,0,0,0,0,0,0,0.00,0.00,0.00,0.00,0,0,0,0,0,0,0,0,0,0,0,0,0,0,,,,,,a,,,0.0,83,56,281,105,0,0,0.0,0.0,0.0,0.0,0.0,Coventry City,5.5
656,Mfuni,Stephen,Mfuni,COV,DEF,40,6,6,90,1,0,0,0.00,0.01,0.01,1.10,1,0,8,7,3,1,0,27,0,0,0,0,0,0,,,,,,a,,,0.1,2160,978,10472,2779,0,0,3.0,6.0,3.0,3.0,1.5,Coventry City,4.0
42,Guessand,Evann,Guessand,CRY,MID,54,2,0,54,0,0,0,0.03,0.03,0.06,0.34,0,1,2,1,0,1,0,6,0,0,0,0,0,0,,,,,,a,,,0.0,121,290,2414,3661,0,-1,0.0,1.0,0.0,0.0,0.4,Crystal Palace,5.4
153,Disasi,Axel,Disasi,CRY,DEF,45,1,0,139,2,0,0,0.00,0.04,0.04,3.72,0,6,20,15,11,5,0,-6,0,1,0,0,0,0,,,,0,0,s,Suspended until 25 Oct,2026-09-12T15:30:09.445078Z,0.1,35,935,9436,10516,0,0,-1.5,0.3,0.0,0.0,0.2,Crystal Palace,4.5
198,Henderson,Dean,Henderson,CRY,GK,49,5,0,270,3,0,0,0.00,0.00,0.00,6.47,0,8,0,6,31,0,0,37,0,0,12,0,0,0,,,,0,0,i,Foot injury - Expected back 11 Oct,2026-09-12T14:00:09.378740Z,1.3,175,13241,55301,122149,-1,-1,0.0,1.7,0.0,0.0,1.0,Crystal Palace,4.9
199,Benitez,Walter,Benítez,CRY,GK,45,8,6,180,2,0,0,0.00,0.00,0.00,2.99,1,3,0,2,11,0,0,29,0,0,5,0,0,0,,,,,,a,,,0.1,889,466,3981,4883,0,0,4.0,4.0,4.0,4.0,1.8,Crystal Palace,4.5
202,Richards,Chris,Richards,CRY,DEF,49,14,8,450,5,0,0,0.08,0.07,0.15,9.46,1,11,54,46,16,8,0,48,1,0,0,0,0,0,,,,,,a,,,0.6,2118,2615,23030,38346,-1,-1,5.0,2.8,5.0,5.0,2.9,Crystal Palace,4.9
203,Canvot,Jaydee,Canvot,CRY,DEF,48,10,8,360,4,0,0,0.05,0.13,0.18,7.78,1,8,34,26,11,8,0,38,0,0,0,0,0,0,,,,,,a,,,0.2,581,1052,5923,19702,-1,-2,4.0,2.5,4.0,4.0,2.1,Crystal Palace,4.8
204,Mitchell,Tyrick,Mitchell,CRY,DEF,45,24,7,419,5,2,0,0.77,0.26,1.03,8.34,1,10,25,14,23,11,3,68,0,0,0,0,0,0,,,,,,a,,,6.1,19185,20878,315720,269280,0,0,4.0,4.8,4.0,4.0,5.3,Crystal Palace,4.5
205,Sosa,Borna,Sosa,CRY,DEF,45,0,0,0,0,0,0,0.00,0.00,0.00,0.00,0,0,0,0,0,0,0,0,0,0,0,0,0,0,,,,0,0,u,Has joined FC Cologne on loan for the rest of the season,2026-09-02T16:03:25.710518Z,0.0,0,126,236,2095,0,0,0.0,0.0,0.0,0.0,0.0,Crystal Palace,4.5
206,Chadi Riad,Chadi,Riad Dnanou,CRY,DEF,43,1,0,72,1,0,0,0.00,0.01,0.01,0.98,0,2,7,6,3,1,0,7,0,0,0,0,0,0,,,,0,0,i,Knee injury - Unknown return date,2026-08-22T18:00:07.352049Z,0.0,33,165,657,5716,-1,-2,0.0,1.0,0.0,0.0,0.2,Crystal Palace,4.3
207,Mingueza,Oscar,Mingueza,CRY,DEF,44,2,0,16,0,0,0,0.00,0.00,0.00,0.33,0,1,2,0,1,2,0,5,0,0,0,0,0,0,,,,,,a,,,0.1,110,344,2020,4900,0,-1,0.0,1.0,0.0,0.0,0.5,Crystal Palace,4.4
208,Sarr,Ismaïla,Sarr,CRY,MID,62,1,1,8,0,0,0,0.00,0.01,0.01,0.06,0,0,0,0,0,0,0,3,0,0,0,0,0,0,2,,,100,100,a,,2026-08-22T18:00:07.363165Z,0.6,3201,2657,7255,377108,0,-3,0.5,1.0,0.5,0.5,0.2,Crystal Palace,6.2
210,Wharton,Adam,Wharton,CRY,MID,54,12,2,436,5,0,0,0.15,0.58,0.73,8.91,1,10,41,16,15,10,0,77,1,0,0,0,0,0,,2,,100,100,a,,2026-07-23T12:01:23.498963Z,0.7,1357,5155,29764,49145,-1,-1,2.0,2.4,2.0,2.0,2.2,Crystal Palace,5.4
211,Yeremy,Yéremy,Pino Santos,CRY,MID,55,14,2,307,4,0,2,0.52,0.55,1.07,6.93,1,6,26,5,16,5,0,70,1,0,0,0,0,0,,1,1,,,a,,,0.3,814,3254,45358,31651,0,0,1.5,2.8,1.5,1.5,2.5,Crystal Palace,5.5
212,Hughes,Will,Hughes,CRY,MID,44,2,0,29,0,0,0,0.00,0.04,0.04,1.12,0,1,7,3,3,1,0,9,0,0,0,0,0,0,,4,,,,a,,,7.2,10387,54051,123786,492666,0,-1,0.5,1.0,0.5,0.5,0.5,Crystal Palace,4.4
213,Lerma,Jefferson,Lerma Solís,CRY,MID,48,1,0,51,0,0,0,0.26,0.00,0.26,1.25,0,1,12,7,3,2,0,6,1,0,0,0,0,0,,,,,,a,,,0.1,109,436,1315,5617,-1,-2,0.5,0.5,0.5,0.5,0.2,Crystal Palace,4.8
214,Kamada,Daichi,Kamada,CRY,MID,50,21,3,441,5,0,3,0.47,0.38,0.85,8.85,1,10,38,4,23,11,0,109,1,0,0,0,0,0,,3,,,,a,,,0.5,3979,3771,50726,25388,0,0,5.5,4.2,5.5,5.5,4.2,Crystal Palace,5.0
215,Devenny,Justin,Devenny,CRY,MID,50,0,0,0,0,0,0,0.00,0.00,0.00,0.00,0,0,0,0,0,0,0,0,0,0,0,0,0,0,3,,2,0,0,u,Has joined Stoke City permanently,2026-09-02T15:41:07.346849Z,0.0,0,45,132,959,0,0,0.0,0.0,0.0,0.0,0.0,Crystal Palace,5.0
216,Esse,Romain,Esse,CRY,MID,50,0,0,0,0,0,0,0.00,0.00,0.00,0.00,0,0,0,0,0,0,0,0,0,0,0,0,0,0,,,,0,0,u,Has joined Millwall on loan for the rest of the season,2026-09-02T15:41:07.376544Z,0.0,0,147,399,3258,0,0,0.0,0.0,0.0,0.0,0.0,Crystal Palace,5.0
217,M.França,Matheus,França de Oliveira,CRY,MID,49,0,0,0,0,0,0,0.00,0.00,0.00,0.00,0,0,0,0,0,0,0,0,0,0,0,0,0,0,,,,0,0,u,Has joined Alverca on loan for the rest of the season,2026-09-11T14:42:19.322912Z,0.0,0,186,1007,3468,0,-1,0.0,0.0,0.0,0.0,0.0,Crystal Palace,4.9
218,Doucouré,Cheick,Doucouré,CRY,MID,48,0,0,0,0,0,0,0.00,0.00,0.00,0.00,0,0,0,0,0,0,0,0,0,0,0,0,0,0,,,,,,a,,,0.0,129,339,2103,4504,-1,-2,0.0,0.0,0.0,0.0,0.0,Crystal Palace,4.8
219,J.Rak-Sakyi,Jesurun,Rak-Sakyi,CRY,MID,49,0,0,0,0,0,0,0.00,0.00,0.00,0.00,0,0,0,0,0,0,0,0,0,0,0,0,0,0,,,,0,0,u,has joined  Kasimpasa on loan for the rest of the seaon.,2026-09-10T09:12:47.224598Z,0.0,0,34,145,476,0,-1,0.0,0.0,0.0,0.0,0.0,Crystal Palace,4.9
220,Cardines,Rio,Cardines,CRY,DEF,45,0,0,0,0,0,0,0.00,0.00,0.00,0.00,0,0,0,0,0,0,0,0,0,0,0,0,0,0,,,,0,0,u,Has joined Bristol City on loan for the rest of the season,2026-08-12T14:08:46.501813Z,0.0,0,3,0,128,0,0,0.0,0.0,0.0,0.0,0.0,Crystal Palace,4.5
221,Drakes-Thomas,Joél,Drakes-Thomas,CRY,MID,44,0,0,0,0,0,0,0.00,0.00,0.00,0.00,0,0,0,0,0,0,0,0,0,0,0,0,0,0,,,,,,a,,,0.1,177,497,2725,4742,-1,-1,0.0,0.0,0.0,0.0,0.0,Crystal Palace,4.4
222,Strand Larsen,Jørgen,Strand Larsen,CRY,FWD,60,14,2,298,3,1,0,0.43,0.20,0.63,6.15,1,5,13,6,5,2,2,69,0,0,0,0,0,0,,,,,,a,,,0.7,6936,4846,52161,41900,0,0,5.0,2.8,5.0,5.0,2.3,Crystal Palace,6.0
223,Mateta,Jean-Philippe,Mateta,CRY,FWD,63,2,0,62,1,0,0,0.70,0.02,0.72,0.98,0,2,5,1,2,2,0,-3,0,0,0,0,0,0,1,,,0,0,i,Hamstring injury - Expected back 11 Oct,2026-08-28T21:00:08.020382Z,1.3,259,10484,26012,455971,0,-2,0.0,2.0,0.0,0.0,0.3,Crystal Palace,6.3
224,Nketiah,Eddie,Nketiah,CRY,FWD,55,8,1,175,3,0,1,1.10,0.60,1.70,4.51,0,7,12,2,6,4,0,38,0,0,0,0,0,0,,,,100,100,a,,2026-09-12T14:00:09.427136Z,0.5,1548,3949,47529,50596,0,0,0.5,2.0,0.5,0.5,1.5,Crystal Palace,5.5
225,Uche,Christantus,Uche,CRY,FWD,50,0,0,0,0,0,0,0.00,0.00,0.00,0.00,0,0,0,0,0,0,0,0,0,0,0,0,0,0,,,,0,0,u,has returned to Getafe CF,2026-07-23T12:18:56.275922Z,0.0,0,0,0,0,0,0,0.0,0.0,0.0,0.0,0.0,Crystal Palace,5.0
241,McNeil,Dwight,McNeil,CRY,MID,53,3,0,84,1,0,0,0.05,0.02,0.07,1.18,0,3,7,4,3,0,0,13,0,0,0,0,0,0,,,,,,a,,,0.1,98,585,1805,8314,-1,-2,0.0,1.5,0.0,0.0,0.6,Crystal Palace,5.3
555,Matthews,Remi,Matthews,CRY,GK,40,0,0,0,0,0,0,0.00,0.00,0.00,0.00,0,0,0,0,0,0,0,0,0,0,0,0,0,0,,,,,,a,,,1.7,1347,3475,23531,31915,0,0,0.0,0.0,0.0,0.0,0.0,Crystal Palace,4.0
577,Tomiyasu,Takehiro,Tomiyasu,CRY,DEF,44,3,1,189,2,0,0,0.00,0.03,0.03,3.98,0,5,17,15,7,2,0,10,0,0,0,0,0,0,,,,75,,d,Calf injury - 75% chance of playing,2026-09-21T13:30:09.030724Z,0.3,149,1505,3478,13625,0,-1,0.5,0.8,0.4,0.5,0.7,Crystal Palace,4.4
588,Khalaili,Anan,Khalaili,CRY,DEF,50,19,6,379,4,1,0,0.96,0.33,1.29,8.41,1,8,44,23,26,21,0,54,1,0,0,0,0,0,,,,75,,d,Hamstring injury - 75% chance of playing,2026-10-04T22:00:08.963040Z,0.3,2288,1936,34981,16190,0,0,6.5,3.8,4.9,6.5,3.8,Crystal Palace,5.0
595,Gozo,Zavier,Gozo,CRY,MID,49,2,0,28,0,0,0,0.00,0.00,0.00,0.68,0,2,1,0,0,1,0,6,0,0,0,0,0,0,,,,,,a,,,0.0,41,101,491,894,-1,-1,0.5,1.0,0.5,0.5,0.4,Crystal Palace,4.9
633,Ahanor,Honest,Ahanor,CRY,DEF,45,3,0,90,1,0,0,0.00,0.01,0.01,1.68,0,3,11,9,4,2,0,10,0,0,0,0,0,0,,,,,,a,,,0.0,159,122,1934,574,0,0,1.5,3.0,1.5,1.5,0.7,Crystal Palace,4.5
643,Chilwell,Ben,Chilwell,CRY,DEF,45,8,0,29,0,1,0,0.27,0.01,0.28,1.12,0,1,1,1,0,0,0,21,0,0,0,0,0,0,,,,,,a,,,0.4,694,3398,43248,18608,0,0,0.5,4.0,0.5,0.5,1.8,Crystal Palace,4.5
644,Timber,Quinten,Timber,CRY,MID,50,9,3,253,3,0,0,0.24,0.06,0.30,5.56,1,5,27,6,10,11,0,45,0,0,0,0,0,0,,,,,,a,,,0.0,549,368,4372,1560,0,0,3.5,3.0,3.5,3.5,1.8,Crystal Palace,5.0
647,Osorio,Darío,Osorio,CRY,MID,55,1,0,1,0,0,0,0.00,0.00,0.00,0.13,0,0,1,0,0,1,0,2,0,0,0,0,0,0,,,,,,a,,,0.0,35,84,954,420,0,0,0.0,1.0,0.0,0.0,0.2,Crystal Palace,5.5
21,Nørgaard,Christian,Nørgaard,EVE,MID,48,0,0,0,0,0,0,0.00,0.00,0.00,0.00,0,0,0,0,0,0,0,0,0,0,0,0,0,0,,,,0,0,i,Groin injury - Unknown return date,2026-08-15T20:00:06.779594Z,0.0,71,395,511,7497,-1,-2,0.0,0.0,0.0,0.0,0.0,Everton,4.8
209,Johnson,Brennan,Johnson,EVE,MID,59,9,3,238,3,0,0,1.03,0.22,1.25,3.73,2,1,26,8,11,7,0,26,1,0,0,0,0,0,,,,,,a,,,0.1,524,872,5419,10587,0,-1,3.0,1.8,3.0,3.0,1.5,Everton,5.9
226,Pickford,Jordan,Pickford,EVE,GK,55,25,8,450,5,0,0,0.00,0.02,0.02,6.94,3,3,0,7,53,0,1,121,0,0,15,0,0,0,,,,,,a,,,9.2,34184,20177,301701,240296,0,0,7.0,5.0,7.0,7.0,4.5,Everton,5.5
227,Travers,Mark,Travers,EVE,GK,50,0,0,0,0,0,0,0.00,0.00,0.00,0.00,0,0,0,0,0,0,0,0,0,0,0,0,0,0,,,,,,a,,,0.0,289,307,1847,2169,0,0,0.0,0.0,0.0,0.0,0.0,Everton,5.0
228,King,Tom,King,EVE,GK,45,0,0,0,0,0,0,0.00,0.00,0.00,0.00,0,0,0,0,0,0,0,0,0,0,0,0,0,0,,,,,,a,,,0.0,129,196,1196,1763,0,0,0.0,0.0,0.0,0.0,0.0,Everton,4.5
229,Tarkowski,James,Tarkowski,EVE,DEF,62,43,14,450,5,1,1,0.18,0.04,0.22,6.94,3,3,51,40,18,11,7,138,0,0,0,0,0,0,,,,,,a,,,17.0,277763,30865,988571,294451,1,2,11.0,8.6,11.0,11.0,6.9,Everton,6.2
230,Branthwaite,Jarrad,Branthwaite,EVE,DEF,55,27,8,450,5,0,0,0.17,0.02,0.19,6.94,3,3,54,49,14,5,0,97,0,0,0,0,0,0,,,,,,a,,,2.5,26501,9560,146673,74025,0,0,7.0,5.4,7.0,7.0,4.9,Everton,5.5
231,Keane,Michael,Keane,EVE,DEF,48,0,0,0,0,0,0,0.00,0.00,0.00,0.00,0,0,0,0,0,0,0,0,0,0,0,0,0,0,,,,,,a,,,0.7,523,4478,9428,91277,0,-2,0.0,0.0,0.0,0.0,0.0,Everton,4.8
232,O'Brien,Jake,O'Brien,EVE,DEF,48,2,1,16,0,0,0,0.00,0.00,0.00,0.42,0,0,2,2,2,0,0,5,0,0,0,0,0,0,,,,,,a,,,0.3,415,1369,4670,24840,-1,-2,1.0,1.0,1.0,1.0,0.4,Everton,4.8
233,Mykolenko,Vitalii,Mykolenko,EVE,DEF,46,27,5,450,5,0,0,0.04,0.16,0.20,6.94,3,3,39,25,30,14,3,109,1,0,0,0,0,0,,,,75,,d,Leg injury - 75% chance of playing,2026-10-01T19:30:09.402881Z,4.1,42543,35839,413735,132292,1,1,8.0,5.4,6.0,8.0,5.9,Everton,4.6
234,Patterson,Nathan,Patterson,EVE,DEF,45,0,0,0,0,0,0,0.00,0.00,0.00,0.00,0,0,0,0,0,0,0,0,0,0,0,0,0,0,,,,0,0,u,Has joined Torino permanently,2026-09-02T16:05:23.326971Z,0.0,0,150,371,2463,0,0,0.0,0.0,0.0,0.0,0.0,Everton,4.5
235,Aznou,Adam,Aznou,EVE,DEF,40,0,0,0,0,0,0,0.00,0.00,0.00,0.00,0,0,0,0,0,0,0,0,0,0,0,0,0,0,,,,0,0,u,Has joined Malaga on loan for the rest of the season,2026-09-01T13:23:16.934847Z,0.1,0,670,1728,11264,0,0,0.0,0.0,0.0,0.0,0.0,Everton,4.0
236,Dewsbury-Hall,Kiernan,Dewsbury-Hall,EVE,MID,66,20,3,450,5,1,0,0.99,0.83,1.82,6.74,3,3,42,5,26,11,3,110,1,0,0,0,0,0,,2,,,,a,,,5.8,38491,59925,589255,339289,1,1,2.5,4.0,2.5,2.5,3.0,Everton,6.6
238,Grealish,Jack,Grealish,EVE,MID,65,6,3,135,1,0,0,0.02,0.44,0.46,1.67,1,1,13,2,8,3,0,36,0,0,0,0,0,0,,,,100,100,a,,2026-07-29T10:00:10.492904Z,0.5,4766,3521,41810,23805,0,0,2.0,1.5,2.0,2.0,0.9,Everton,6.5
239,Garner,James,Garner,EVE,MID,60,11,3,328,4,0,0,0.20,0.17,0.37,3.45,2,2,45,9,25,11,0,71,2,0,0,0,0,0,2,1,1,100,100,a,,2026-09-06T18:00:08.301702Z,0.2,2378,2489,21830,14389,0,0,3.5,2.2,3.5,3.5,1.8,Everton,6.0
242,George,Tyrique,George,EVE,MID,55,19,1,309,4,1,0,0.35,0.32,0.67,3.71,2,3,18,5,12,1,3,77,0,0,0,0,0,0,,,,,,a,,,0.9,2911,13017,107576,44681,0,0,2.0,3.8,2.0,2.0,3.5,Everton,5.5
243,Alcaraz,Carlos,Alcaraz Durán,EVE,MID,49,1,0,5,0,0,0,0.05,0.02,0.07,0.04,0,0,3,0,2,1,0,5,1,0,0,0,0,0,,,,,,a,,,0.1,181,465,2882,5898,0,-1,0.0,0.5,0.0,0.0,0.2,Everton,4.9
244,Armstrong,Harrison,Armstrong,EVE,MID,50,16,2,446,5,0,1,0.21,0.49,0.70,6.94,3,3,40,13,19,8,0,61,2,0,0,0,0,0,,,,100,75,a,,2026-09-17T08:30:08.942299Z,0.4,1033,3760,54093,33114,0,0,2.5,3.2,2.5,1.9,3.2,Everton,5.0
245,Dibling,Tyler,Dibling,EVE,MID,54,1,1,24,0,0,0,0.17,0.16,0.33,0.38,0,0,0,0,0,0,0,10,0,0,0,0,0,0,,,,,,a,,,0.0,140,179,1195,2678,0,-1,0.5,1.0,0.5,0.5,0.2,Everton,5.4
246,Röhl,Merlin,Röhl,EVE,MID,49,6,0,249,3,0,0,0.00,0.20,0.20,4.52,1,2,24,6,13,5,0,35,1,0,0,0,0,0,,,,0,0,i,Unspecified injury - Expected back 11 Oct,2026-09-16T18:00:09.541933Z,0.0,8,663,1963,4763,0,-1,0.0,2.0,0.0,0.0,1.2,Everton,4.9
247,Hackney,Hayden,Hackney,EVE,MID,54,10,1,137,1,0,1,0.05,0.13,0.18,3.91,1,1,12,4,5,3,0,39,0,0,0,0,0,0,,3,,100,100,a,,2026-08-26T22:00:07.797766Z,0.2,224,1283,3775,12123,-1,-1,1.0,2.0,1.0,1.0,1.9,Everton,5.4
248,Beto,Norberto Bercique,Gomes Betuncal,EVE,FWD,54,2,0,31,0,0,0,0.09,0.00,0.09,1.92,0,0,1,1,0,0,0,5,0,0,0,0,0,0,,,,0,0,u,Has joined Fiorentina permanently,2026-09-02T16:05:23.357221Z,0.6,0,8460,16222,220782,0,-1,0.0,1.0,0.0,0.0,0.4,Everton,5.4
249,Barry,Thierno,Barry,EVE,FWD,57,20,6,417,5,2,0,3.50,0.15,3.65,5.02,3,3,17,5,11,1,2,83,0,0,0,0,0,0,1,,,,,a,,,8.4,105943,51515,988098,369691,1,2,4.0,4.0,4.0,4.0,3.5,Everton,5.7
649,Maitland-Niles,Ainsley,Maitland-Niles,EVE,DEF,45,21,8,177,2,1,0,0.06,0.25,0.31,2.00,2,1,13,8,7,5,2,75,0,0,0,0,0,0,,,,,,a,,,1.4,23214,6255,96246,16147,0,0,7.0,7.0,7.0,7.0,4.7,Everton,4.5
654,Graham,Braiden,Graham,EVE,MID,45,0,0,0,0,0,0,0.00,0.00,0.00,0.00,0,0,0,0,0,0,0,0,0,0,0,0,0,0,,,,,,a,,,0.1,260,1094,11306,5399,0,0,0.0,0.0,0.0,0.0,0.0,Everton,4.5
250,Leno,Bernd,Leno,FUL,GK,45,18,3,450,5,0,0,0.00,0.00,0.00,9.11,1,8,0,6,41,0,2,77,0,0,16,0,0,0,,,,,,a,,,3.5,55208,16298,166105,107340,0,0,6.0,3.6,6.0,6.0,4.0,Fulham,4.5
251,Lecomte,Benjamin,Lecomte,FUL,GK,40,0,0,0,0,0,0,0.00,0.00,0.00,0.00,0,0,0,0,0,0,0,0,0,0,0,0,0,0,,,,,,a,,,1.1,3188,3171,25916,26606,0,0,0.0,0.0,0.0,0.0,0.0,Fulham,4.0
252,McNally,Alfie,McNally,FUL,GK,40,0,0,0,0,0,0,0.00,0.00,0.00,0.00,0,0,0,0,0,0,0,0,0,0,0,0,0,0,,,,0,0,u,Has joined York City on loan for the rest of the season,2026-09-01T13:25:11.231240Z,0.1,0,721,2589,6717,0,0,0.0,0.0,0.0,0.0,0.0,Fulham,4.0
253,Andersen,Joachim,Andersen,FUL,DEF,50,3,1,190,2,0,0,0.00,0.10,0.10,4.35,0,5,20,18,9,2,0,12,1,0,0,0,0,0,,,,100,100,a,,2026-07-23T12:01:23.516350Z,0.2,3481,1358,15355,9468,0,0,0.5,1.0,0.5,0.5,0.6,Fulham,5.0
254,Robinson,Antonee,Robinson,FUL,DEF,45,12,2,429,5,0,0,0.26,0.30,0.56,9.08,1,8,31,18,20,13,0,65,0,0,0,0,0,0,2,,,,,a,,,1.5,23571,9246,66056,73221,0,0,4.0,2.4,4.0,4.0,2.7,Fulham,4.5
255,J.Cuenca,Jorge,Cuenca Barreno,FUL,DEF,45,3,0,90,1,0,0,0.00,0.03,0.03,2.24,0,3,10,9,3,1,0,7,0,0,0,0,0,0,,,,,,a,,,0.0,74,126,1554,2019,0,0,0.0,3.0,0.0,0.0,0.7,Fulham,4.5
256,Tete,Kenny,Tete,FUL,DEF,44,0,0,27,0,0,0,0.00,0.00,0.00,0.65,0,0,3,3,0,0,0,-1,1,0,0,0,0,0,,,,100,0,a,,2026-09-18T12:30:09.546158Z,0.2,89,1146,1420,10591,0,-1,0.0,0.0,0.0,0.0,0.0,Fulham,4.4
257,Bassey,Calvin,Bassey,FUL,DEF,45,15,6,450,5,0,1,0.13,0.08,0.21,9.11,1,8,29,23,22,6,1,69,1,0,0,0,0,0,,,,,,a,,,0.7,9637,2637,30651,30783,0,0,6.0,3.0,6.0,6.0,3.3,Fulham,4.5
258,Castagne,Timothy,Castagne,FUL,DEF,45,20,1,408,5,0,2,0.67,0.39,1.06,6.81,2,7,29,23,18,6,0,64,2,0,0,0,0,0,,,,,,a,,,1.0,20129,6424,96771,45153,0,0,3.5,4.0,3.5,3.5,4.4,Fulham,4.5
261,Iwobi,Alex,Iwobi,FUL,MID,54,14,5,408,5,0,0,0.39,1.22,1.61,8.16,2,7,29,5,19,5,2,94,0,0,0,0,0,0,3,1,1,,,a,,,0.7,5309,4062,24229,56423,0,-1,4.0,2.8,4.0,4.0,2.6,Fulham,5.4
262,Smith Rowe,Emile,Smith Rowe,FUL,MID,53,3,0,38,0,0,0,0.06,0.02,0.08,0.87,0,0,3,1,2,0,0,11,0,0,0,0,0,0,,,,,,a,,,0.2,384,1503,4582,21162,-1,-2,0.5,1.0,0.5,0.5,0.6,Fulham,5.3
263,Kevin,Kevin,Santos Lopes de Macedo,FUL,MID,53,4,1,61,0,0,0,0.07,0.12,0.19,1.23,0,1,8,1,4,3,0,14,0,0,0,0,0,0,,4,,,,a,,,0.0,244,332,2048,4269,0,-2,1.0,1.0,1.0,1.0,0.8,Fulham,5.3
264,Bobb,Oscar,Bobb,FUL,MID,55,13,3,343,5,0,0,0.54,1.14,1.68,6.19,3,6,28,5,15,8,0,53,0,0,0,0,0,0,,2,,,,a,,,0.3,3417,2218,17420,21324,0,0,3.0,2.6,3.0,3.0,2.4,Fulham,5.5
265,Berge,Sander,Berge,FUL,MID,49,11,3,349,4,0,0,0.08,0.36,0.44,7.36,2,5,19,7,8,4,0,67,0,0,0,0,0,0,,,,,,a,,,0.3,825,1578,6556,18334,0,-1,3.0,2.2,3.0,3.0,2.2,Fulham,4.9
266,Cairney,Tom,Cairney,FUL,MID,49,0,0,0,0,0,0,0.00,0.00,0.00,0.00,0,0,0,0,0,0,0,0,0,0,0,0,0,0,,,,0,0,i,Knee injury - Expected back 10 Oct,2026-08-14T18:00:06.460944Z,0.0,14,22,115,333,0,-1,0.0,0.0,0.0,0.0,0.0,Fulham,4.9
268,King,Josh,King,FUL,MID,56,24,2,425,5,2,0,1.54,0.46,2.00,8.29,2,7,28,5,16,7,3,109,1,0,0,0,0,0,,,,,,a,,,3.1,143024,25355,387159,103923,1,1,2.5,4.8,2.5,2.5,4.3,Fulham,5.6
269,Sessegnon,Ryan,Sessegnon,FUL,DEF,43,3,0,50,0,0,0,0.13,0.44,0.57,1.80,0,1,3,2,3,1,0,13,0,0,0,0,0,0,,3,,100,75,a,,2026-09-14T11:30:07.403957Z,0.3,412,1508,2855,19206,-1,-2,0.0,1.0,0.0,0.0,0.7,Fulham,4.3
270,Reed,Harrison,Reed,FUL,MID,44,0,0,0,0,0,0,0.00,0.00,0.00,0.00,0,0,0,0,0,0,0,0,0,0,0,0,0,0,,,,,,a,,,1.1,3186,8076,36678,74301,0,-1,0.0,0.0,0.0,0.0,0.0,Fulham,4.4
271,Muniz,Rodrigo,Muniz Carvalho,FUL,FWD,54,3,0,38,0,0,0,0.40,0.00,0.40,0.85,0,1,3,3,0,0,0,14,1,0,0,0,0,0,,,,,,a,,,0.4,2217,3127,16546,35568,0,-1,0.5,0.8,0.5,0.5,0.6,Fulham,5.4
272,Kusi-Asare,Jonah,Kusi-Asare,FUL,FWD,45,0,0,0,0,0,0,0.00,0.00,0.00,0.00,0,0,0,0,0,0,0,0,0,0,0,0,0,0,,,,,,a,,,5.3,13165,39722,162636,307527,0,0,0.0,0.0,0.0,0.0,0.0,Fulham,4.5
569,Gonzalo,Gonzalo,García,FUL,FWD,60,14,2,425,5,1,0,2.33,0.58,2.91,8.29,2,7,18,7,9,2,0,53,0,0,0,0,0,0,1,,,,,a,,,4.3,112705,40992,475014,320377,0,0,2.0,2.8,2.0,2.0,2.3,Fulham,6.0
570,Palacios,César,Palacios,FUL,MID,54,12,1,226,3,1,0,0.98,0.03,1.01,5.46,0,7,17,4,10,3,1,48,1,0,0,0,0,0,,,,,,a,,,0.2,833,1124,6122,10770,0,-1,0.5,3.0,0.5,0.5,2.2,Fulham,5.4
580,Charles,Shea,Charles,FUL,MID,50,13,4,303,3,0,0,0.09,0.16,0.25,6.65,1,5,46,23,19,4,0,60,0,0,0,0,0,0,,,,,,a,,,0.1,1165,597,2895,4273,0,0,4.5,2.6,4.5,4.5,2.6,Fulham,5.0
610,De Fougerolles,Luc,De Fougerolles,FUL,DEF,40,0,0,0,0,0,0,0.00,0.00,0.00,0.00,0,0,0,0,0,0,0,0,0,0,0,0,0,0,,,,0,0,u,has joined  Real Salt Lake on loan for the rest of the seaon.,2026-08-28T11:30:08.336405Z,0.1,0,541,5787,5287,0,0,0.0,0.0,0.0,0.0,0.0,Fulham,4.0
626,Zepa,Macaulay,Zepa,FUL,MID,44,0,0,0,0,0,0,0.00,0.00,0.00,0.00,0,0,0,0,0,0,0,0,0,0,0,0,0,0,,,,,,a,,,0.3,1591,2608,35758,18822,-1,-1,0.0,0.0,0.0,0.0,0.0,Fulham,4.4
635,Larsson,Hugo,Larsson,FUL,MID,50,3,1,37,0,0,0,0.13,0.23,0.36,0.88,0,1,6,2,3,1,0,9,0,0,0,0,0,0,,,,,,a,,,0.0,111,79,856,312,0,0,1.0,1.0,1.0,1.0,0.6,Fulham,5.0
636,Ángel,Manuel Ángel,Morán Ibáñez,FUL,MID,50,0,0,0,0,0,0,0.00,0.00,0.00,0.00,0,0,0,0,0,0,0,0,0,0,0,0,0,0,,,,,,a,,,0.0,37,31,374,173,0,0,0.0,0.0,0.0,0.0,0.0,Fulham,5.0
650,Affengruber,David,Affengruber,FUL,DEF,45,12,4,180,2,0,0,0.00,0.02,0.02,2.88,1,1,23,20,7,3,0,40,0,0,0,0,0,0,,,,,,a,,,0.1,15012,3136,17890,3758,0,0,6.0,6.0,6.0,6.0,2.7,Fulham,4.5
240,Iroegbunam,Tim,Iroegbunam,HUL,MID,50,2,1,70,0,0,0,0.12,0.01,0.13,0.60,0,0,9,1,5,3,0,10,1,0,0,0,0,0,,,,100,100,a,,2026-08-15T20:00:06.878792Z,0.0,84,151,1122,1165,0,0,0.5,0.7,0.5,0.5,0.4,Hull City,5.0
273,Phillips,Dillon,Phillips,HUL,GK,40,0,0,0,0,0,0,0.00,0.00,0.00,0.00,0,0,0,0,0,0,0,0,0,0,0,0,0,0,,,,,,a,,,1.4,3629,4474,29754,39357,0,0,0.0,0.0,0.0,0.0,0.0,Hull City,4.0
274,Butland,Jack,Butland,HUL,GK,44,0,0,0,0,0,0,0.00,0.00,0.00,0.00,0,0,0,0,0,0,0,0,0,0,0,0,0,0,,,,0,0,i,Arm injury - Unknown return date,2026-08-08T19:00:05.601633Z,0.1,75,367,644,4980,-1,-1,0.0,0.0,0.0,0.0,0.0,Hull City,4.4
275,Cartwright,Harvey,Cartwright,HUL,GK,40,0,0,0,0,0,0,0.00,0.00,0.00,0.00,0,0,0,0,0,0,0,0,0,0,0,0,0,0,,,,0,0,u,Has joined Grimsby Town on loan for the rest of the season,2026-07-29T13:00:27.959925Z,0.0,0,34,0,336,0,0,0.0,0.0,0.0,0.0,0.0,Hull City,4.0
276,Lo-Tutala,Thimothée,Lo-Tutala,HUL,GK,40,0,0,0,0,0,0,0.00,0.00,0.00,0.00,0,0,0,0,0,0,0,0,0,0,0,0,0,0,,,,0,0,u,Has joined Colchester United on loan for the rest of the season,2026-08-17T13:50:27.125537Z,0.0,0,135,0,1129,0,0,0.0,0.0,0.0,0.0,0.0,Hull City,4.0
277,Egan,John,Egan,HUL,DEF,41,26,1,437,5,0,0,0.05,0.00,0.05,7.27,3,4,59,50,12,9,1,71,1,0,0,0,0,0,,,,,,a,,,7.0,37410,35859,760569,222780,0,1,1.5,5.2,1.5,1.5,6.3,Hull City,4.1
278,Hughes,Charlie,Hughes,HUL,DEF,39,0,0,0,0,0,0,0.00,0.00,0.00,0.00,0,0,0,0,0,0,0,0,0,0,0,0,0,0,,,,0,0,i,Groin injury - Unknown return date,2026-08-02T09:00:11.030017Z,0.2,1250,2203,17039,13170,0,-1,0.0,0.0,0.0,0.0,0.0,Hull City,3.9
279,Ajayi,Semi,Ajayi,HUL,DEF,42,27,1,423,5,1,0,0.66,0.01,0.67,6.43,3,4,27,21,16,6,2,79,1,0,0,0,0,0,,,,100,100,a,,2026-08-22T17:30:07.668197Z,13.9,52759,69147,1364144,319649,0,2,1.0,5.4,1.0,1.0,6.4,Hull City,4.2
280,Coyle,Lewie,Coyle,HUL,DEF,40,14,1,348,5,0,0,0.13,0.07,0.20,6.22,2,4,11,8,11,3,0,49,1,0,0,0,0,0,,,,100,100,a,,2026-08-29T16:30:08.151841Z,0.7,2442,2490,28014,26298,0,0,1.0,2.8,1.0,1.0,3.5,Hull City,4.0
281,Drameh,Cody,Drameh,HUL,DEF,40,2,0,65,0,0,0,0.05,0.00,0.05,0.87,0,0,6,5,4,1,0,8,0,0,0,0,0,0,,,,0,0,u,Has joined Genoa permanently,2026-09-02T16:09:06.479140Z,0.0,0,280,2118,4533,0,0,0.0,1.0,0.0,0.0,0.5,Hull City,4.0
282,Giles,Ryan,Giles,HUL,DEF,40,24,0,444,5,0,1,0.02,0.43,0.45,7.33,3,4,24,19,14,5,2,94,1,0,0,0,0,0,,3,1,,,a,,,2.9,25375,16642,282192,68933,0,0,2.0,4.8,2.0,2.0,6.0,Hull City,4.0
283,Jacob,Matty,Jacob,HUL,DEF,40,0,0,0,0,0,0,0.00,0.00,0.00,0.00,0,0,0,0,0,0,0,0,0,0,0,0,0,0,,,,0,0,u,Has joined Newport County on loan until January,2026-08-02T09:00:11.038361Z,0.0,0,40,114,697,0,0,0.0,0.0,0.0,0.0,0.0,Hull City,4.0
284,McCarthy,Cathal,McCarthy,HUL,DEF,40,0,0,0,0,0,0,0.00,0.00,0.00,0.00,0,0,0,0,0,0,0,0,0,0,0,0,0,0,,,,,,a,,,0.1,449,514,4983,4666,0,0,0.0,0.0,0.0,0.0,0.0,Hull City,4.0
285,McNair,Paddy,McNair,HUL,DEF,40,1,0,26,0,0,0,0.00,0.00,0.00,0.96,0,0,2,2,1,0,0,3,0,0,0,0,0,0,,,,100,100,a,,2026-09-09T13:30:08.327907Z,0.1,228,480,3181,4789,0,0,0.0,1.0,0.0,0.0,0.2,Hull City,4.0
286,Belloumi,Mohamed,Belloumi,HUL,MID,51,31,4,394,5,2,2,0.72,0.43,1.15,6.44,3,3,44,14,14,16,2,111,1,0,0,0,0,0,,2,2,,,a,,,5.3,95100,32221,525036,92259,0,1,8.5,6.2,8.5,8.5,6.1,Hull City,5.1
287,Millar,Liam,Millar,HUL,MID,50,6,0,50,0,1,0,0.58,0.00,0.58,0.87,0,0,4,2,1,1,0,26,1,0,0,0,0,0,,,,0,0,u,Has joined Birmingham on loan for the rest of the season,2026-09-02T15:36:41.038103Z,0.0,0,351,3178,7571,0,0,0.0,3.0,0.0,0.0,1.2,Hull City,5.0
288,Dowell,Kieran,Dowell,HUL,MID,44,0,0,0,0,0,0,0.00,0.00,0.00,0.00,0,0,0,0,0,0,0,0,0,0,0,0,0,0,,,,,,a,,,0.3,712,2345,12469,21928,-1,-1,0.0,0.0,0.0,0.0,0.0,Hull City,4.4
289,Crooks,Matt,Crooks,HUL,MID,44,3,0,203,3,0,0,0.00,0.12,0.12,3.57,1,4,21,9,4,8,0,17,3,0,0,0,0,0,,,,100,100,a,,2026-08-29T15:00:08.569326Z,0.5,5864,5084,25223,41313,-1,-1,0.5,1.0,0.5,0.5,0.7,Hull City,4.4
290,Slater,Regan,Slater,HUL,MID,45,15,2,437,5,0,1,0.21,0.59,0.80,7.27,3,4,33,9,15,9,0,67,1,0,0,0,0,0,,1,,,,a,,,5.2,19047,45610,501980,286609,0,0,2.0,3.0,2.0,2.0,3.3,Hull City,4.5
291,Matazo,Eliot,Matazo,HUL,MID,45,0,0,0,0,0,0,0.00,0.00,0.00,0.00,0,0,0,0,0,0,0,0,0,0,0,0,0,0,,,,0,0,i,Knee injury - Unknown return date,2026-07-23T12:01:23.532635Z,0.0,34,69,385,507,0,0,0.0,0.0,0.0,0.0,0.0,Hull City,4.5
292,Ömür,Abdülkadir,Ömür,HUL,MID,49,0,0,0,0,0,0,0.00,0.00,0.00,0.00,0,0,0,0,0,0,0,0,0,0,0,0,0,0,,,,,,a,,,0.0,90,165,1208,1646,0,-1,0.0,0.0,0.0,0.0,0.0,Hull City,4.9
293,Kamara,Abu,Kamara,HUL,MID,50,0,0,0,0,0,0,0.00,0.00,0.00,0.00,0,0,0,0,0,0,0,0,0,0,0,0,0,0,,,,0,0,u,Has joined Portsmouth permanently,2026-08-12T14:08:23.542043Z,0.0,0,15,0,377,0,0,0.0,0.0,0.0,0.0,0.0,Hull City,5.0
294,Zambrano,Óscar,Zambrano,HUL,MID,45,0,0,0,0,0,0,0.00,0.00,0.00,0.00,0,0,0,0,0,0,0,0,0,0,0,0,0,0,,,,100,100,a,,2026-08-04T18:30:11.016909Z,0.1,166,557,3895,6886,0,0,0.0,0.0,0.0,0.0,0.0,Hull City,4.5
295,McBurnie,Oli,McBurnie,HUL,FWD,55,13,1,441,5,0,2,1.23,0.13,1.36,7.21,3,4,21,9,9,3,0,52,3,0,0,0,0,0,1,,,,,a,,,1.9,10258,21141,191244,156488,0,0,2.5,2.6,2.5,2.5,2.4,Hull City,5.5
296,Akintola,David,Akintola,HUL,MID,50,0,0,0,0,0,0,0.00,0.00,0.00,0.00,0,0,0,0,0,0,0,0,0,0,0,0,0,0,,,,0,0,u,Has joined Omonoia FC permanently,2026-09-11T14:42:38.120231Z,0.0,0,311,2704,4924,0,0,0.0,0.0,0.0,0.0,0.0,Hull City,5.0
297,Gyabi,Darko,Gyabi,HUL,MID,44,0,0,0,0,0,0,0.00,0.00,0.00,0.00,0,0,0,0,0,0,0,0,0,0,0,0,0,0,,,,0,0,i,Thigh injury - Unknown return date,2026-08-04T18:30:11.027155Z,0.0,73,166,462,1634,-1,-1,0.0,0.0,0.0,0.0,0.0,Hull City,4.4
298,Destan,Enis,Destan,HUL,FWD,45,0,0,0,0,0,0,0.00,0.00,0.00,0.00,0,0,0,0,0,0,0,0,0,0,0,0,0,0,,,,0,0,u,Has joined Konyaspor permanently,2026-08-17T13:50:27.145733Z,0.2,0,1594,0,22547,0,0,0.0,0.0,0.0,0.0,0.0,Hull City,4.5
299,Burstow,Mason,Burstow,HUL,FWD,45,0,0,0,0,0,0,0.00,0.00,0.00,0.00,0,0,0,0,0,0,0,0,0,0,0,0,0,0,,,,0,0,u,Has joined Sheffield Wednesday on loan for the rest of the season,2026-08-03T14:05:20.234842Z,0.0,0,254,0,3104,0,0,0.0,0.0,0.0,0.0,0.0,Hull City,4.5
340,Gelhardt,Joe,Gelhardt,HUL,MID,50,1,1,7,0,0,0,0.10,0.02,0.12,0.13,0,0,1,0,1,0,0,5,0,0,0,0,0,0,,,,100,100,a,,2026-08-17T21:30:07.799839Z,0.0,106,128,716,1035,0,0,0.5,1.0,0.5,0.5,0.2,Hull City,5.0
556,Targett,Matt,Targett,HUL,DEF,40,1,0,5,0,0,0,0.00,0.00,0.00,0.07,0,0,0,0,1,0,0,3,0,0,0,0,0,0,,,,75,75,d,Ankle injury - 75% chance of playing,2026-09-17T14:00:26.419938Z,1.6,129,11763,24853,89039,0,0,0.0,1.0,0.0,0.0,0.2,Hull City,4.0
563,Morita,Hidemasa,Morita,HUL,MID,49,1,0,45,1,0,0,0.00,0.00,0.00,1.09,0,0,3,2,1,0,0,6,0,0,0,0,0,0,,,,0,0,i,Calf injury - Expected back 11 Oct,2026-09-09T14:00:08.474217Z,0.0,24,211,727,1807,-1,-1,0.0,1.0,0.0,0.0,0.2,Hull City,4.9
572,Tzolakis,Konstantinos,Tzolakis,HUL,GK,47,34,6,450,5,0,0,0.00,0.00,0.00,7.40,3,4,0,2,69,1,6,129,1,0,17,1,0,0,,,,,,a,,,12.9,145587,29906,1016915,225556,1,2,4.0,6.8,4.0,4.0,7.2,Hull City,4.7
574,Hjertø-Dahl,Jens,Hjertø-Dahl,HUL,MID,49,1,0,8,0,0,0,0.00,0.00,0.00,0.00,0,0,1,0,1,0,0,4,0,0,0,0,0,0,,,,,,a,,,0.1,83,370,1444,4490,0,-1,0.0,1.0,0.0,0.0,0.2,Hull City,4.9
576,Stroud,Elliot,Stroud,HUL,MID,50,7,0,249,4,0,0,0.06,0.05,0.11,4.32,2,1,20,3,12,5,0,17,1,0,0,0,0,0,,,,,,a,,,0.1,169,552,3691,4775,0,0,0.5,1.8,0.5,0.5,1.4,Hull City,5.0
585,Herrington,Lucas,Herrington,HUL,DEF,40,5,1,197,1,0,0,0.02,0.04,0.06,3.36,0,3,16,14,6,2,0,19,0,0,0,0,0,0,,,,,,a,,,0.6,1179,1989,12978,18876,0,0,1.0,1.0,1.0,1.0,1.2,Hull City,4.0
586,Mendy,Nobel,Mendy,HUL,DEF,41,25,0,249,4,1,0,0.32,0.00,0.32,4.02,2,1,39,32,6,7,1,69,0,0,0,0,0,0,,,,100,0,a,,2026-09-12T18:00:09.334142Z,6.2,9075,36630,685367,361613,0,1,0.5,6.2,0.5,0.0,6.1,Hull City,4.1
589,Gourna-Douath,Lucas,Gourna-Douath,HUL,MID,50,4,1,138,1,0,0,0.03,0.03,0.06,2.26,1,0,17,5,7,5,0,18,1,0,0,0,0,0,,,,,,a,,,0.0,36,119,705,1354,0,0,0.5,1.3,0.5,0.5,0.8,Hull City,5.0
617,Cho,Mohamed-Ali,Cho,HUL,MID,50,9,6,72,0,1,0,0.79,0.36,1.15,0.98,0,1,2,1,1,0,0,36,0,0,0,0,0,0,,,,,,a,,,0.0,405,174,1841,786,0,0,3.5,2.2,3.5,3.5,1.8,Hull City,5.0
632,Ansah,Ilyas,Ansah,HUL,FWD,50,0,0,0,0,0,0,0.00,0.00,0.00,0.00,0,0,0,0,0,0,0,0,0,0,0,0,0,0,,,,0,0,i,Back injury - Unknown return date,2026-09-09T10:00:08.919489Z,0.0,83,479,5130,3559,0,0,0.0,0.0,0.0,0.0,0.0,Hull City,5.0
637,Vaz,Robinio,Vaz,HUL,FWD,50,2,1,20,0,0,0,0.00,0.01,0.01,0.31,0,0,2,0,2,0,0,8,0,0,0,0,0,0,,,,,,a,,,0.1,2117,1341,12622,4162,0,0,1.0,1.0,1.0,1.0,0.4,Hull City,5.0
638,Norton-Cuffy,Brooke,Norton-Cuffy,HUL,DEF,40,1,0,34,0,0,0,0.05,0.00,0.05,0.30,0,0,1,1,4,0,0,3,1,0,0,0,0,0,,,,75,,d,Hamstring injury - 75% chance of playing,2026-09-21T08:30:09.561308Z,0.2,469,2888,26085,10714,0,0,0.0,0.5,0.0,0.0,0.2,Hull City,4.0
642,Thomas,Sorba,Thomas,HUL,MID,55,4,2,119,1,0,0,0.21,0.11,0.32,2.04,0,3,8,0,7,1,0,13,0,0,0,0,0,0,,,,,,a,,,0.0,564,387,3168,1236,0,0,1.5,1.3,1.5,1.5,0.7,Hull City,5.5
645,Mouzakitis,Christos,Mouzakitis,HUL,MID,50,0,0,0,0,0,0,0.00,0.00,0.00,0.00,0,0,0,0,0,0,0,0,0,0,0,0,0,0,,,,,,a,,,0.0,104,99,796,325,0,0,0.0,0.0,0.0,0.0,0.0,Hull City,5.0
259,Diop,Issa,Diop,IPS,DEF,40,12,4,450,5,0,0,0.06,0.16,0.22,8.98,0,11,45,41,21,4,0,45,0,0,0,0,0,0,,,,,,a,,,12.6,9061,68554,138098,521176,0,0,2.5,2.4,2.5,2.5,3.0,Ipswich Town,4.0
267,Lukić,Saša,Lukić,IPS,MID,49,11,2,400,5,0,1,0.02,0.41,0.43,7.37,0,10,37,17,13,7,0,68,2,0,0,0,0,0,,1,,,,a,,,0.1,273,650,3501,6603,-1,-1,1.5,2.2,1.5,1.5,2.2,Ipswich Town,4.9
300,Walton,Christian,Walton,IPS,GK,44,2,2,90,1,0,0,0.00,0.01,0.01,2.24,0,1,0,2,17,0,0,10,0,0,1,0,0,0,,,,,,a,,,0.4,2248,1337,3933,15250,0,-1,1.0,2.0,1.0,1.0,0.5,Ipswich Town,4.4
301,Palmer,Alex,Palmer,IPS,GK,40,0,0,0,0,0,0,0.00,0.00,0.00,0.00,0,0,0,0,0,0,0,0,0,0,0,0,0,0,,,,,,a,,,3.9,5508,14709,76104,115948,0,0,0.0,0.0,0.0,0.0,0.0,Ipswich Town,4.0
302,Button,David,Button,IPS,GK,40,0,0,0,0,0,0,0.00,0.00,0.00,0.00,0,0,0,0,0,0,0,0,0,0,0,0,0,0,,,,,,a,,,0.6,2014,1636,32024,15488,0,0,0.0,0.0,0.0,0.0,0.0,Ipswich Town,4.0
303,Kipré,Cédric,Kipré,IPS,DEF,39,0,0,0,0,0,0,0.00,0.00,0.00,0.00,0,0,0,0,0,0,0,0,0,0,0,0,0,0,,,,,,a,,,0.9,5338,5136,49959,29883,0,-1,0.0,0.0,0.0,0.0,0.0,Ipswich Town,3.9
304,O'Shea,Dara,O'Shea,IPS,DEF,40,10,2,450,5,0,0,0.07,0.26,0.33,8.98,0,11,48,41,18,7,0,24,0,0,0,0,0,0,,,,,,a,,,2.6,2636,17609,66055,130952,0,0,1.5,2.0,1.5,1.5,2.5,Ipswich Town,4.0
305,Davis,Leif,Davis,IPS,DEF,40,25,2,450,5,2,2,1.59,0.46,2.05,8.98,0,11,24,22,10,2,1,52,0,0,0,0,0,0,,,2,,,a,,,7.1,68947,35052,389150,192668,0,0,8.0,5.0,8.0,8.0,6.2,Ipswich Town,4.0
306,Greaves,Jacob,Greaves,IPS,DEF,39,3,0,357,4,0,0,0.00,0.06,0.06,6.74,0,10,30,25,12,5,0,12,1,0,0,0,0,1,,,,,,a,,,1.1,766,4453,8502,39194,-1,-1,0.5,0.8,0.5,0.5,0.8,Ipswich Town,3.9
307,Johnson,Ben,Johnson,IPS,DEF,40,0,0,0,0,0,0,0.00,0.00,0.00,0.00,0,0,0,0,0,0,0,0,0,0,0,0,0,0,,,,0,0,u,Has joined Stoke City on loan for the rest of the season,2026-09-04T12:36:56.236331Z,0.1,0,436,1137,6383,0,0,0.0,0.0,0.0,0.0,0.0,Ipswich Town,4.0
308,Furlong,Darnell,Furlong,IPS,DEF,39,1,0,17,0,0,0,0.00,0.00,0.00,0.86,0,1,3,2,0,1,0,-1,0,0,0,0,0,0,,,,,,a,,,0.6,7360,3580,19997,20357,0,-1,0.0,1.0,0.0,0.0,0.3,Ipswich Town,3.9
309,Núñez,Marcelino,Núñez,IPS,MID,49,6,0,140,2,0,0,0.03,0.05,0.08,3.48,0,4,21,8,10,3,0,32,0,0,0,0,0,0,,3,1,,,a,,,0.1,110,779,3127,7786,0,-1,0.0,3.0,0.0,0.0,1.2,Ipswich Town,4.9
310,Matusiwa,Azor,Matusiwa,IPS,MID,49,0,0,0,0,0,0,0.00,0.00,0.00,0.00,0,0,0,0,0,0,0,0,0,0,0,0,0,0,,,,100,100,a,,2026-07-29T18:00:10.305484Z,0.0,18,22,129,283,0,-1,0.0,0.0,0.0,0.0,0.0,Ipswich Town,4.9
311,Burns,Wes,Burns,IPS,MID,50,0,0,0,0,0,0,0.00,0.00,0.00,0.00,0,0,0,0,0,0,0,0,0,0,0,0,0,0,,,,0,0,u,Has joined Leicester City permanently,2026-08-10T14:02:47.597478Z,0.0,0,9,0,348,0,0,0.0,0.0,0.0,0.0,0.0,Ipswich Town,5.0
312,Taylor,Jack,Taylor,IPS,MID,44,0,0,0,0,0,0,0.00,0.00,0.00,0.00,0,0,0,0,0,0,0,0,0,0,0,0,0,0,,,,0,0,i,Knee injury - Unknown return date,2026-07-29T18:00:10.319370Z,0.0,414,338,990,2719,-1,-1,0.0,0.0,0.0,0.0,0.0,Ipswich Town,4.4
313,Clarke,Jack,Clarke,IPS,MID,54,11,2,170,2,1,0,0.30,0.37,0.67,1.97,0,2,10,3,5,2,1,48,1,0,0,0,0,0,1,4,3,,,a,,,0.2,252,1106,5603,15900,0,-1,1.5,2.8,1.5,1.5,2.0,Ipswich Town,5.4
314,Ogbene,Chiedozie,Ogbene,IPS,MID,49,0,0,0,0,0,0,0.00,0.00,0.00,0.00,0,0,0,0,0,0,0,0,0,0,0,0,0,0,,,,0,0,u,Has joined Lincoln City on loan until January,2026-09-02T16:04:17.497385Z,0.0,0,70,104,1212,0,-1,0.0,0.0,0.0,0.0,0.0,Ipswich Town,4.9
315,Fatawu,Abdul,Fatawu,IPS,MID,54,8,-1,352,5,0,1,0.17,1.11,1.28,7.79,0,10,28,8,11,9,0,71,2,1,0,0,0,0,,2,,0,,s,Suspended until 17 Oct,2026-09-19T15:30:10.126897Z,0.2,70,2979,5372,13823,0,-1,0.0,1.6,0.0,0.0,1.5,Ipswich Town,5.4
316,Emersonn,Emersonn,Correia da Silva,IPS,FWD,55,26,2,317,5,2,1,1.61,0.12,1.73,4.29,0,6,10,3,4,3,6,110,0,0,0,0,0,0,2,,,100,100,a,,2026-08-31T09:30:08.306145Z,3.7,47117,27050,330815,146324,0,0,7.0,5.2,7.0,7.0,4.7,Ipswich Town,5.5
317,Hirst,George,Hirst,IPS,FWD,50,0,0,0,0,0,0,0.00,0.00,0.00,0.00,0,0,0,0,0,0,0,0,0,0,0,0,0,0,,,,0,0,u,Has joined Stoke City permanently,2026-08-21T13:06:08.606019Z,0.1,0,570,0,17200,0,0,0.0,0.0,0.0,0.0,0.0,Ipswich Town,5.0
318,Philogene,Jaden,Philogene,IPS,MID,54,2,1,52,0,0,0,0.08,0.01,0.08,0.97,0,1,4,0,4,0,0,11,0,0,0,0,0,0,3,5,,100,100,a,,2026-08-25T11:30:07.532993Z,0.1,42,189,310,9313,0,-1,1.0,1.0,1.0,1.0,0.4,Ipswich Town,5.4
319,Szmodics,Sam,Szmodics,IPS,MID,50,0,0,0,0,0,0,0.00,0.00,0.00,0.00,0,0,0,0,0,0,0,0,0,0,0,0,0,0,,,,0,0,u,Has joined Derby County on loan for the rest of the season,2026-08-17T13:51:41.713979Z,0.0,0,16,0,763,0,0,0.0,0.0,0.0,0.0,0.0,Ipswich Town,5.0
320,Akpom,Chuba,Akpom,IPS,FWD,50,7,1,78,0,1,0,1.14,0.00,1.14,4.20,0,4,3,0,2,1,0,36,0,0,0,0,0,0,,,,,,a,,,1.2,5620,11014,131576,75447,0,0,0.5,2.3,0.5,0.5,1.4,Ipswich Town,5.0
321,Walle Egeli,Sindre,Walle Egeli,IPS,FWD,45,1,0,10,0,0,0,0.00,0.00,0.00,0.03,0,0,0,0,0,0,0,3,0,0,0,0,0,0,,,,,,a,,,3.5,22773,31955,335394,216442,0,0,0.0,1.0,0.0,0.0,0.2,Ipswich Town,4.5
322,Al-Hamadi,Ali,Al-Hamadi,IPS,FWD,50,0,0,0,0,0,0,0.00,0.00,0.00,0.00,0,0,0,0,0,0,0,0,0,0,0,0,0,0,,,,0,0,u,Has joined Sheffield Wednesday on loan for the rest of the season,2026-08-27T14:54:10.215357Z,0.0,0,444,755,9989,0,0,0.0,0.0,0.0,0.0,0.0,Ipswich Town,5.0
323,McAteer,Kasey,McAteer,IPS,MID,44,3,0,42,0,0,0,0.05,0.00,0.05,0.21,0,0,5,0,4,1,0,12,0,0,0,0,0,0,,,,,,a,,,1.0,2004,7718,28748,63565,-1,-1,0.0,1.0,0.0,0.0,0.7,Ipswich Town,4.4
324,Mehmeti,Anis,Mehmeti,IPS,MID,48,0,0,0,0,0,0,0.00,0.00,0.00,0.00,0,0,0,0,0,0,0,0,0,0,0,0,0,0,,,,,,a,,,0.0,85,170,411,2501,-1,-2,0.0,0.0,0.0,0.0,0.0,Ipswich Town,4.8
554,Van Oevelen,Kayne,van Oevelen,IPS,GK,45,0,0,0,0,0,0,0.00,0.00,0.00,0.00,0,0,0,0,0,0,0,0,0,0,0,0,0,0,,,,0,0,u,Has joined Valencia on loan for the rest of the season,2026-08-25T14:04:09.529320Z,0.0,0,103,54,1977,0,0,0.0,0.0,0.0,0.0,0.0,Ipswich Town,4.5
562,Maeda,Daizen,Maeda,IPS,MID,53,8,1,259,3,0,0,0.71,0.02,0.73,6.05,0,8,20,8,4,8,0,32,0,0,0,0,0,0,,,,,,a,,,0.2,160,1746,2888,20516,-1,-2,1.0,1.6,1.0,1.0,1.5,Ipswich Town,5.3
564,Scherpen,Kjell,Scherpen,IPS,GK,45,7,0,360,4,0,0,0.00,0.01,0.01,6.74,0,10,0,8,39,0,0,40,0,0,15,0,0,0,,,,,,a,,,0.6,937,3269,15504,23846,0,0,0.5,1.8,0.5,0.5,1.6,Ipswich Town,4.5
571,Florentino,Florentino Ibrain,Morris Luís,IPS,MID,48,2,1,30,0,0,0,0.00,0.01,0.01,0.75,0,0,2,1,0,1,0,9,0,0,0,0,0,0,,,,100,100,a,,2026-08-25T11:30:07.678802Z,0.1,127,410,1072,7141,-1,-2,1.0,1.0,1.0,1.0,0.4,Ipswich Town,4.8
591,Enciso,Julio,Enciso,IPS,MID,55,15,2,413,5,0,2,1.26,0.89,2.15,8.47,0,11,31,5,24,2,0,83,1,0,0,0,0,0,,,,100,100,a,,2026-08-22T18:00:07.551930Z,0.8,3348,7331,94911,53620,0,0,2.0,3.0,2.0,2.0,2.7,Ipswich Town,5.5
592,Ouattara,Abdoul,Ouattara,IPS,DEF,40,6,2,131,1,0,0,0.02,0.03,0.05,3.13,0,2,11,7,14,4,0,29,0,0,0,0,0,0,,,,,,a,,,0.8,868,2436,13653,26572,0,0,1.5,1.2,1.5,1.5,1.5,Ipswich Town,4.0
602,Humphreys,Cameron,Humphreys,IPS,MID,45,0,0,0,0,0,0,0.00,0.00,0.00,0.00,0,0,0,0,0,0,0,0,0,0,0,0,0,0,,,,0,0,u,Has joined Huddersfield Town on loan for the rest of the season,2026-09-02T16:04:17.524642Z,0.0,0,263,2861,3257,0,0,0.0,0.0,0.0,0.0,0.0,Ipswich Town,4.5
619,Palacios,Exequiel,Palacios,IPS,MID,50,11,2,275,3,0,0,0.00,0.09,0.09,5.30,0,7,44,12,23,9,0,64,0,0,0,0,0,0,,,,,,a,,,0.1,638,983,9126,3593,0,0,3.0,2.8,3.0,3.0,2.2,Ipswich Town,5.0
640,Flemming,Zian,Flemming,IPS,FWD,55,6,0,60,0,1,0,0.64,0.01,0.65,0.63,0,1,5,1,3,1,0,34,1,0,0,0,0,0,,,,,,a,,,0.1,1213,1186,9575,3408,0,0,2.5,2.0,2.5,2.5,1.1,Ipswich Town,5.5
260,Wilson,Harry,Wilson,LEE,MID,62,5,0,145,1,0,0,0.01,0.09,0.10,3.28,1,1,11,3,4,4,0,19,1,0,0,0,0,0,,2,2,0,0,i,Thigh injury - Unknown return date,2026-09-18T13:30:09.626858Z,1.6,88,47741,29059,464443,0,-3,0.5,1.2,0.0,0.0,0.8,Leeds,6.2
326,Perri,Lucas Estella,Perri,LEE,GK,45,0,0,0,0,0,0,0.00,0.00,0.00,0.00,0,0,0,0,0,0,0,0,0,0,0,0,0,0,,,,0,0,u,Has joined Torino on loan for the rest of the season,2026-09-01T13:12:39.210133Z,0.3,0,1531,532,26731,0,0,0.0,0.0,0.0,0.0,0.0,Leeds,4.5
327,Bijol,Jaka,Bijol,LEE,DEF,50,12,0,164,2,0,0,0.11,0.00,0.11,3.16,1,2,21,18,7,3,2,29,0,0,0,0,0,0,,,,,,a,,,0.7,949,6293,69251,59908,0,0,0.0,4.0,0.0,0.0,2.4,Leeds,5.0
329,Rodon,Joe,Rodon,LEE,DEF,43,7,0,123,2,0,0,0.03,0.06,0.09,1.01,1,0,11,10,2,1,0,25,0,0,0,0,0,0,,,,0,0,i,Hamstring injury - Expected back 21 Nov,2026-08-30T16:00:08.564382Z,0.7,53,10553,26947,298558,-1,-2,0.0,3.5,0.0,0.0,1.6,Leeds,4.3
330,Bogle,Jayden,Bogle,LEE,DEF,46,42,5,365,5,2,0,1.38,0.08,1.46,2.89,4,1,16,11,11,5,6,122,2,0,0,0,0,0,,,,,,a,,,7.5,154635,34194,681208,93402,0,1,10.0,8.4,10.0,10.0,9.1,Leeds,4.6
331,Gudmundsson,Gabriel,Gudmundsson,LEE,DEF,45,14,6,252,3,0,0,0.00,0.21,0.21,3.83,2,1,14,5,12,9,0,62,0,0,0,0,0,0,,,,100,100,a,,2026-08-08T20:00:07.546568Z,0.1,836,444,4434,2874,0,0,6.0,4.7,6.0,6.0,3.1,Leeds,4.5
332,Justin,James,Justin,LEE,DEF,45,26,8,450,5,0,0,0.22,0.42,0.64,6.46,2,3,44,28,14,16,4,91,0,0,0,0,0,0,,,,,,a,,,1.4,6311,7617,123583,72530,0,0,5.0,5.2,5.0,5.0,5.8,Leeds,4.5
333,Bornauw,Sebastiaan,Bornauw,LEE,DEF,45,0,0,0,0,0,0,0.00,0.00,0.00,0.00,0,0,0,0,0,0,0,0,0,0,0,0,0,0,,,,0,0,u,Has joined Hamburg SV on loan for the rest of the season,2026-08-19T13:56:14.645970Z,0.0,0,6,0,300,0,0,0.0,0.0,0.0,0.0,0.0,Leeds,4.5
334,Muharemović,Tarik,Muharemović,LEE,DEF,50,27,6,450,5,0,1,0.49,0.05,0.54,6.46,2,3,58,53,16,5,0,101,0,0,0,0,0,0,,,,,,a,,,4.4,40979,31339,312264,180223,0,0,6.5,5.4,6.5,6.5,5.4,Leeds,5.0
335,Stach,Anton,Stach,LEE,MID,60,27,5,447,5,1,0,0.97,0.31,1.28,6.17,3,2,61,27,21,13,3,86,0,0,0,0,0,0,,1,1,,,a,,,2.5,6065,22925,203408,167658,0,0,4.0,5.4,4.0,4.0,4.5,Leeds,6.0
336,Okafor,Noah,Okafor,LEE,MID,58,18,3,299,4,1,0,0.17,0.27,0.44,2.37,3,1,18,3,8,7,1,82,0,0,0,0,0,0,,,,,,a,,,0.4,2382,4284,27489,36070,0,-2,6.0,3.6,6.0,6.0,3.1,Leeds,5.8
337,Aaronson,Brenden,Aaronson,LEE,MID,53,7,1,194,2,0,0,0.01,0.02,0.03,3.78,1,3,15,1,11,3,0,36,0,0,0,0,0,0,,,4,,,a,,,0.5,250,3981,6813,48710,-1,-2,1.0,1.4,1.0,1.0,1.3,Leeds,5.3
338,Ampadu,Ethan,Ampadu,LEE,MID,54,21,5,450,5,0,1,0.08,0.26,0.34,6.46,2,3,60,24,24,12,0,87,0,0,0,0,0,0,,,,,,a,,,0.9,2218,6225,18651,61904,0,-1,6.0,4.2,6.0,6.0,3.9,Leeds,5.4
339,Longstaff,Sean,Longstaff,LEE,MID,48,2,0,10,0,0,0,0.00,0.00,0.00,0.35,0,1,0,0,0,0,0,7,0,0,0,0,0,0,,3,3,,,a,,,0.1,183,729,2556,8213,-1,-2,0.5,1.0,0.5,0.5,0.4,Leeds,4.8
341,Gnonto,Wilfried,Gnonto,LEE,MID,50,0,0,0,0,0,0,0.00,0.00,0.00,0.00,0,0,0,0,0,0,0,0,0,0,0,0,0,0,,,,0,0,u,Has joined ACF Fiorentina on loan for the rest of the season,2026-09-02T16:04:47.189648Z,0.0,0,67,244,1825,0,0,0.0,0.0,0.0,0.0,0.0,Leeds,5.0
342,Harrison,Jack,Harrison,LEE,MID,50,0,0,0,0,0,0,0.00,0.00,0.00,0.00,0,0,0,0,0,0,0,0,0,0,0,0,0,0,,,,0,0,u,Has joined New England Revolution permanently,2026-07-28T12:59:09.492431Z,0.0,0,5,0,79,0,0,0.0,0.0,0.0,0.0,0.0,Leeds,5.0
343,James,Daniel,James,LEE,MID,49,3,1,52,0,0,0,0.35,0.01,0.36,1.61,0,1,5,1,4,0,0,9,0,0,0,0,0,0,,,,,,a,,,0.1,234,660,4203,8110,0,-1,1.0,1.0,1.0,1.0,0.6,Leeds,4.9
344,Gruev,Ilia,Gruev,LEE,MID,50,0,0,0,0,0,0,0.00,0.00,0.00,0.00,0,0,0,0,0,0,0,0,0,0,0,0,0,0,,,,100,100,a,,2026-08-14T23:00:06.272027Z,0.0,54,23,133,318,0,0,0.0,0.0,0.0,0.0,0.0,Leeds,5.0
345,Tanaka,Tanaka,Ao,LEE,MID,49,14,2,255,3,0,2,0.73,0.05,0.78,3.24,2,1,29,11,10,8,0,48,1,0,0,0,0,0,,4,,,,a,,,0.3,2695,2772,23213,18007,0,-1,4.0,3.5,4.0,4.0,2.9,Leeds,4.9
346,Calvert-Lewin,Dominic,Calvert-Lewin,LEE,FWD,60,22,2,419,5,2,1,3.00,0.08,3.08,4.85,3,2,22,9,13,0,4,73,3,0,0,0,0,0,1,,,,,a,,,24.6,115143,207786,1031772,1360728,0,0,6.0,4.4,6.0,6.0,3.7,Leeds,6.0
347,Nmecha,Lukas,Nmecha,LEE,FWD,54,7,1,64,0,0,1,0.27,0.15,0.42,2.90,0,1,4,0,3,1,0,28,0,0,0,0,0,0,2,,,,,a,,,0.5,2387,4285,22581,37706,0,-1,1.0,1.8,1.0,1.0,1.3,Leeds,5.4
348,Piroe,Joël,Piroe,LEE,FWD,50,0,0,0,0,0,0,0.00,0.00,0.00,0.00,0,0,0,0,0,0,0,0,0,0,0,0,0,0,3,,,0,0,u,Has joined West Ham United on loan for the rest of the season,2026-08-19T13:56:14.666726Z,0.1,0,492,0,11287,0,0,0.0,0.0,0.0,0.0,0.0,Leeds,5.0
349,Mateo Joseph,Mateo,Joseph Fernández-Regatillo,LEE,FWD,45,0,0,0,0,0,0,0.00,0.00,0.00,0.00,0,0,0,0,0,0,0,0,0,0,0,0,0,0,,,,0,0,i,Knee injury - Unknown return date,2026-07-29T18:00:10.338170Z,0.1,384,565,3170,4539,0,0,0.0,0.0,0.0,0.0,0.0,Leeds,4.5
385,Trafford,James,Trafford,LEE,GK,50,28,10,450,5,0,0,0.00,0.00,0.00,6.46,2,3,0,6,55,0,5,117,0,0,20,0,0,0,,,,,,a,,,5.5,28668,19035,270639,163380,0,0,6.5,5.6,6.5,6.5,5.6,Leeds,5.0
598,Elvedi,Nico,Elvedi,LEE,DEF,45,13,6,326,3,0,0,0.12,0.58,0.70,5.45,1,3,29,27,8,2,0,56,0,0,0,0,0,0,,,,,,a,,,0.1,322,298,5437,2857,0,0,4.0,3.2,4.0,4.0,2.9,Leeds,4.5
603,Lienou,Jayden,Lienou,LEE,DEF,40,0,0,0,0,0,0,0.00,0.00,0.00,0.00,0,0,0,0,0,0,0,0,0,0,0,0,0,0,,,,,,a,,,0.1,274,563,6947,4030,0,0,0.0,0.0,0.0,0.0,0.0,Leeds,4.0
604,Cresswell,Alfie,Cresswell,LEE,MID,45,0,0,0,0,0,0,0.00,0.00,0.00,0.00,0,0,0,0,0,0,0,0,0,0,0,0,0,0,,,,,,a,,,0.1,354,984,14110,8012,0,0,0.0,0.0,0.0,0.0,0.0,Leeds,4.5
625,Cairns,Alex,Cairns,LEE,GK,40,0,0,0,0,0,0,0.00,0.00,0.00,0.00,0,0,0,0,0,0,0,0,0,0,0,0,0,0,,,,,,a,,,0.2,973,876,19932,6034,0,0,0.0,0.0,0.0,0.0,0.0,Leeds,4.0
629,Zetterer,Michael,Zetterer,LEE,GK,40,0,0,0,0,0,0,0.00,0.00,0.00,0.00,0,0,0,0,0,0,0,0,0,0,0,0,0,0,,,,,,a,,,0.7,3574,3093,59014,14468,0,0,0.0,0.0,0.0,0.0,0.0,Leeds,4.0
641,Bard,Melvin,Bard,LEE,DEF,45,1,0,18,0,0,0,0.00,0.00,0.00,0.30,0,1,2,1,2,1,0,1,0,0,0,0,0,0,,,,,,a,,,0.0,111,90,973,366,0,0,0.5,1.0,0.5,0.5,0.2,Leeds,4.5
648,Bahoya,Jean-Mattéo,Bahoya,LEE,MID,50,1,1,1,0,0,0,0.00,0.00,0.00,0.00,0,0,0,0,0,0,0,5,0,0,0,0,0,0,,,,,,a,,,0.0,127,202,2259,1170,0,0,0.5,1.0,0.5,0.5,0.2,Leeds,5.0
350,A.Becker,Alisson,Becker,LIV,GK,55,27,8,450,5,0,0,0.00,0.00,0.00,6.12,3,4,0,10,47,0,5,96,1,0,14,0,0,0,,,,,,a,,,4.2,17182,14374,150500,147898,0,0,8.5,5.4,8.5,8.5,4.9,Liverpool,5.5
351,Mamardashvili,Giorgi,Mamardashvili,LIV,GK,48,0,0,0,0,0,0,0.00,0.00,0.00,0.00,0,0,0,0,0,0,0,0,0,0,0,0,0,0,,,,,,a,,,0.1,298,696,2910,8714,-1,-2,0.0,0.0,0.0,0.0,0.0,Liverpool,4.8
352,Woodman,Freddie,Woodman,LIV,GK,40,0,0,0,0,0,0,0.00,0.00,0.00,0.00,0,0,0,0,0,0,0,0,0,0,0,0,0,0,,,,,,a,,,1.0,928,2745,18422,27603,0,0,0.0,0.0,0.0,0.0,0.0,Liverpool,4.0
353,Pecsi,Armin,Pecsi,LIV,GK,40,0,0,0,0,0,0,0.00,0.00,0.00,0.00,0,0,0,0,0,0,0,0,0,0,0,0,0,0,,,,0,0,u,Has joined TSV Hartberg on loan for the rest of the season,2026-08-18T14:11:18.638344Z,0.0,0,72,0,1099,0,0,0.0,0.0,0.0,0.0,0.0,Liverpool,4.0
354,Jaros,Vitezslav,Jaros,LIV,GK,40,0,0,0,0,0,0,0.00,0.00,0.00,0.00,0,0,0,0,0,0,0,0,0,0,0,0,0,0,,,,0,0,i,Knee injury - Unknown return date,2026-07-29T18:00:10.351066Z,0.0,239,183,1786,1269,0,0,0.0,0.0,0.0,0.0,0.0,Liverpool,4.0
355,Davies,Harvey,Davies,LIV,GK,40,0,0,0,0,0,0,0.00,0.00,0.00,0.00,0,0,0,0,0,0,0,0,0,0,0,0,0,0,,,,,,a,,,0.2,338,523,4790,4303,0,0,0.0,0.0,0.0,0.0,0.0,Liverpool,4.0
356,Virgil,Virgil,van Dijk,LIV,DEF,65,25,8,450,5,0,0,0.25,0.08,0.33,6.12,3,4,48,43,18,5,0,96,1,0,0,0,0,0,,,,,,a,,,16.2,28617,52578,285633,625211,0,0,8.0,5.0,8.0,8.0,3.8,Liverpool,6.5
357,Frimpong,Jeremie,Frimpong,LIV,DEF,53,2,0,178,2,0,0,0.01,0.23,0.24,3.91,0,4,12,8,7,4,0,24,1,0,0,0,0,0,,,,,,a,,,1.7,1882,14485,59225,247870,0,-2,0.5,0.7,0.5,0.5,0.4,Liverpool,5.3
358,Kerkez,Milos,Kerkez,LIV,DEF,53,13,6,385,4,0,0,0.07,0.08,0.15,5.65,2,4,30,22,10,8,0,63,2,0,0,0,0,0,,,,,,a,,,2.2,3078,12681,48095,190053,-1,-2,3.5,2.6,3.5,3.5,2.5,Liverpool,5.3
359,Gomez,Joe,Gomez,LIV,DEF,49,0,0,0,0,0,0,0.00,0.00,0.00,0.00,0,0,0,0,0,0,0,0,0,0,0,0,0,0,,,,100,100,a,,2026-07-26T08:30:10.078473Z,0.0,378,130,798,1194,0,-1,0.0,0.0,0.0,0.0,0.0,Liverpool,4.9
360,Bradley,Conor,Bradley,LIV,DEF,50,0,0,0,0,0,0,0.00,0.00,0.00,0.00,0,0,0,0,0,0,0,0,0,0,0,0,0,0,,,,0,0,i,Knee injury - Unknown return date,2026-07-23T12:01:23.565711Z,0.0,72,98,389,810,0,0,0.0,0.0,0.0,0.0,0.0,Liverpool,5.0
361,Lucky,Wellity,Lucky,LIV,DEF,40,0,0,0,0,0,0,0.00,0.00,0.00,0.00,0,0,0,0,0,0,0,0,0,0,0,0,0,0,,,,,,a,,,0.1,327,645,3904,5870,0,0,0.0,0.0,0.0,0.0,0.0,Liverpool,4.0
362,Jacquet,Jeremy,Jacquet,LIV,DEF,50,24,6,415,5,0,0,0.00,0.14,0.14,5.51,3,4,36,25,21,11,3,112,1,0,0,0,0,0,,,,75,100,d,Hamstring injury - 75% chance of playing,2026-10-06T00:30:10.323830Z,3.5,39934,21280,237816,131313,0,0,7.5,4.8,5.6,7.5,4.8,Liverpool,5.0
363,Leoni,Giovanni,Leoni,LIV,DEF,40,0,0,0,0,0,0,0.00,0.00,0.00,0.00,0,0,0,0,0,0,0,0,0,0,0,0,0,0,,,,0,0,i,Knee injury - Unknown return date,2026-07-23T12:01:23.596909Z,0.0,77,213,878,2144,0,0,0.0,0.0,0.0,0.0,0.0,Liverpool,4.0
364,Tsimikas,Kostas,Tsimikas,LIV,DEF,49,2,0,64,1,0,0,0.04,0.02,0.06,0.47,0,0,3,2,3,1,0,6,0,0,0,0,0,0,,4,,,,a,,,0.1,118,433,1605,4459,0,-1,0.5,1.0,0.5,0.5,0.4,Liverpool,4.9
365,Ramsay,Calvin,Ramsay,LIV,DEF,40,0,0,0,0,0,0,0.00,0.00,0.00,0.00,0,0,0,0,0,0,0,0,0,0,0,0,0,0,,,,0,0,u,Has joined St Mirren on loan for the rest of the season,2026-08-26T14:05:26.748768Z,0.1,0,556,638,12785,0,0,0.0,0.0,0.0,0.0,0.0,Liverpool,4.0
366,Wirtz,Florian,Wirtz,LIV,MID,73,18,6,402,5,0,2,1.00,0.40,1.40,4.82,3,4,36,3,25,8,0,92,1,0,0,0,0,0,4,2,2,,,a,,,5.7,6358,49663,136626,773060,0,-2,4.5,3.6,4.5,4.5,2.5,Liverpool,7.3
367,Gakpo,Cody,Gakpo,LIV,MID,72,32,3,370,4,1,3,0.64,1.71,2.35,5.51,2,4,32,9,15,8,5,113,0,0,0,0,0,0,3,3,,75,100,d,Ankle injury - 75% chance of playing,2026-09-27T21:30:07.786183Z,12.0,53179,131888,1339591,759485,0,2,2.0,6.4,1.5,2.0,4.4,Liverpool,7.2
368,Szoboszlai,Dominik,Szoboszlai,LIV,MID,69,20,2,440,5,1,0,1.42,0.82,2.24,5.99,3,4,41,13,22,6,1,103,1,0,0,0,0,0,1,1,1,,,a,,,32.3,44464,261563,936823,1729721,-1,-1,2.5,4.0,2.5,2.5,2.9,Liverpool,6.9
369,Ngumoha,Rio,Ngumoha,LIV,MID,57,4,0,99,1,0,0,0.15,0.05,0.20,0.68,0,2,4,1,2,1,0,13,0,0,0,0,0,0,,,,,,a,,,0.5,961,4812,14739,89838,-1,-3,0.5,1.3,0.5,0.5,0.7,Liverpool,5.7
370,Chiesa,Federico,Chiesa,LIV,MID,53,0,0,0,0,0,0,0.00,0.00,0.00,0.00,0,0,0,0,0,0,0,0,0,0,0,0,0,0,,,,0,0,i,Back injury - Unknown return date,2026-08-27T13:30:07.598926Z,0.0,18,275,683,10108,-1,-2,0.0,0.0,0.0,0.0,0.0,Liverpool,5.3
371,Gravenberch,Ryan,Gravenberch,LIV,MID,58,9,1,190,2,0,1,0.10,0.08,0.18,2.02,0,2,25,10,11,4,0,51,0,0,0,0,0,0,,,,,,a,,,1.1,1460,10188,35998,131541,-1,-2,1.0,1.8,1.0,1.0,1.6,Liverpool,5.8
372,Mac Allister,Alexis,Mac Allister,LIV,MID,54,11,5,306,3,0,0,0.10,0.49,0.59,4.85,2,2,41,11,19,11,0,59,1,0,0,0,0,0,5,,,,,a,,,1.3,4457,7953,46077,97667,0,-1,3.0,2.2,3.0,3.0,2.0,Liverpool,5.4
373,C.Jones,Curtis,Jones,LIV,MID,55,0,0,0,0,0,0,0.00,0.00,0.00,0.00,0,0,0,0,0,0,0,0,0,0,0,0,0,0,,,,0,0,u,Has joined Internazionale permanently,2026-08-16T18:30:07.426408Z,0.0,0,71,34,2658,0,0,0.0,0.0,0.0,0.0,0.0,Liverpool,5.5
374,Endo,Endo,Wataru,LIV,MID,49,0,0,0,0,0,0,0.00,0.00,0.00,0.00,0,0,0,0,0,0,0,0,0,0,0,0,0,0,,,,100,100,a,,2026-07-23T12:01:23.612529Z,0.1,177,481,2340,4847,0,-1,0.0,0.0,0.0,0.0,0.0,Liverpool,4.9
375,Nyoni,Trey,Nyoni,LIV,MID,49,3,1,38,0,0,0,0.00,0.00,0.00,0.36,0,0,10,6,2,2,0,9,0,0,0,0,0,0,,,,,,a,,,0.0,102,340,1359,3085,0,-1,0.5,1.0,0.5,0.5,0.6,Liverpool,4.9
376,Bajcetic,Stefan,Bajčetić Maquieira,LIV,MID,50,0,0,0,0,0,0,0.00,0.00,0.00,0.00,0,0,0,0,0,0,0,0,0,0,0,0,0,0,,,,0,0,u,Has joined Celta Vigo permanently,2026-07-23T12:01:23.628373Z,0.0,0,3,19,107,0,0,0.0,0.0,0.0,0.0,0.0,Liverpool,5.0
377,Munoz,Victor,Munoz,LIV,MID,65,15,1,257,3,1,1,0.52,0.31,0.83,4.63,1,2,16,5,8,3,0,60,1,0,0,0,0,0,,,,,,a,,,0.9,1896,13051,117879,103393,0,0,1.0,3.0,1.0,1.0,2.3,Liverpool,6.5
378,McConnell,James,McConnell,LIV,MID,44,0,0,0,0,0,0,0.00,0.00,0.00,0.00,0,0,0,0,0,0,0,0,0,0,0,0,0,0,,,,,,a,,,0.2,1141,1691,7016,13148,0,-1,0.0,0.0,0.0,0.0,0.0,Liverpool,4.4
379,Isak,Alexander,Isak,LIV,FWD,91,33,8,413,5,4,0,3.54,0.08,3.62,5.82,3,4,7,3,3,1,8,133,1,0,0,0,0,0,2,,,75,,d,Thigh injury - 75% chance of playing,2026-09-27T10:30:09.051435Z,21.9,124265,133856,1251427,793825,0,1,5.0,6.6,3.8,5.0,3.6,Liverpool,9.1
380,Ekitiké,Hugo,Ekitiké,LIV,FWD,74,0,0,0,0,0,0,0.00,0.00,0.00,0.00,0,0,0,0,0,0,0,0,0,0,0,0,0,0,,,,0,0,i,Achilles injury - Unknown return date,2026-07-23T12:01:23.643771Z,0.1,462,941,2734,11404,0,-1,0.0,0.0,0.0,0.0,0.0,Liverpool,7.4
381,Koumas,Lewis,Koumas,LIV,MID,50,3,1,22,0,0,0,0.28,0.00,0.28,0.72,0,0,1,0,1,0,0,14,0,0,0,0,0,0,,,,,,a,,,0.0,202,217,881,1418,0,0,0.5,1.0,0.5,0.5,0.6,Liverpool,5.0
382,Danns,Jayden,Danns,LIV,FWD,45,0,0,0,0,0,0,0.00,0.00,0.00,0.00,0,0,0,0,0,0,0,0,0,0,0,0,0,0,,,,100,100,a,,2026-07-23T12:01:23.659279Z,0.2,4052,2751,23859,10030,0,0,0.0,0.0,0.0,0.0,0.0,Liverpool,4.5
383,Elliott,Harvey,Elliott,LIV,MID,54,0,0,0,0,0,0,0.00,0.00,0.00,0.00,0,0,0,0,0,0,0,0,0,0,0,0,0,0,,,,0,0,u,Has joined Valencia on loan for the rest of the season,2026-09-02T16:05:49.104326Z,0.0,0,257,907,6177,0,-1,0.0,0.0,0.0,0.0,0.0,Liverpool,5.4
579,Araujo,Ronald,Araujo,LIV,DEF,54,22,7,284,3,0,0,0.00,0.06,0.06,2.75,3,0,24,19,15,5,1,81,1,0,0,0,0,0,,,,,,a,,,3.1,21010,12249,152926,161938,0,-1,6.5,4.4,6.5,6.5,4.1,Liverpool,5.4
627,Barcola,Bradley,Barcola,LIV,MID,80,7,3,168,2,0,0,0.26,0.13,0.39,1.43,2,0,8,0,5,3,0,22,0,0,0,0,0,0,,,,,,a,,,1.9,15941,22049,293403,133295,0,0,3.0,2.3,3.0,3.0,0.9,Liverpool,8.0
155,Enzo,Enzo,Fernández,MCI,MID,69,13,7,271,3,1,0,0.35,0.53,0.88,5.35,2,3,21,6,12,3,0,73,1,0,0,0,0,0,,4,3,,,a,,,3.7,36708,18218,178375,325127,0,-1,4.5,3.2,4.5,4.5,1.9,Man City,6.9
237,Ndiaye,Iliman,Ndiaye,MCI,MID,58,22,5,385,4,0,2,0.38,0.58,0.96,9.42,2,4,44,10,26,8,1,110,0,0,0,0,0,0,,,,,,a,,,6.6,8701,80942,299570,1148945,-1,-2,3.0,4.4,3.0,3.0,3.8,Man City,5.8
384,Donnarumma,Gianluigi,Donnarumma,MCI,GK,55,19,2,450,5,0,0,0.00,0.00,0.00,7.25,2,5,0,4,32,0,0,84,0,0,14,0,0,1,,,,,,a,,,7.5,12398,36226,208589,322142,0,0,4.5,3.8,4.5,4.5,3.5,Man City,5.5
386,Bettinelli,Marcus,Bettinelli,MCI,GK,45,0,0,0,0,0,0,0.00,0.00,0.00,0.00,0,0,0,0,0,0,0,0,0,0,0,0,0,0,,,,,,a,,,0.0,66,95,581,1131,0,0,0.0,0.0,0.0,0.0,0.0,Man City,4.5
387,O'Reilly,Nico,O'Reilly,MCI,DEF,63,6,1,163,2,0,0,0.87,0.43,1.30,2.10,0,2,5,2,9,3,0,22,0,0,0,0,0,0,,,,75,100,d,Unspecified injury - 75% chance of playing,2026-10-01T15:30:10.272693Z,10.7,5481,93238,192825,1229749,-1,-2,1.0,1.5,0.8,1.0,1.0,Man City,6.3
388,Guéhi,Marc,Guéhi,MCI,DEF,60,30,4,450,5,1,1,0.95,0.39,1.34,7.25,2,5,29,26,19,3,4,114,0,0,0,0,0,0,,,,,,a,,,18.1,27987,62561,509907,474537,0,0,5.0,6.0,5.0,5.0,5.0,Man City,6.0
389,Matheus N.,Matheus,Nunes,MCI,DEF,59,11,1,213,2,0,0,0.00,0.06,0.06,4.67,1,3,21,18,10,3,1,38,0,0,0,0,0,0,4,,,100,100,a,,2026-08-27T11:30:08.171622Z,1.0,2019,3474,15174,74615,0,-1,5.0,3.7,5.0,5.0,1.9,Man City,5.9
390,Rúben,Rúben,dos Santos Gato Alves Dias,MCI,DEF,55,17,1,450,5,0,0,0.29,0.74,1.03,7.25,2,5,26,25,16,1,0,72,0,0,0,0,0,0,,,,,,a,,,1.9,5496,10542,68084,75344,0,0,3.5,3.4,3.5,3.5,3.1,Man City,5.5
391,Gvardiol,Joško,Gvardiol,MCI,DEF,57,37,4,434,5,1,3,0.22,0.74,0.96,7.25,2,5,31,20,21,11,6,135,1,0,0,0,0,0,,,,,,a,,,26.9,176311,72986,1858343,433202,0,2,7.5,7.4,7.5,7.5,6.5,Man City,5.7
392,Aït-Nouri,Rayan,Aït-Nouri,MCI,DEF,52,0,0,0,0,0,0,0.00,0.00,0.00,0.00,0,0,0,0,0,0,0,0,0,0,0,0,0,0,,,,,,a,,,0.4,607,2477,7959,61886,-1,-3,0.0,0.0,0.0,0.0,0.0,Man City,5.2
393,Khusanov,Abdukodir,Khusanov,MCI,DEF,54,9,0,268,3,0,0,0.00,0.06,0.06,2.68,1,2,17,9,13,8,0,53,1,0,0,0,0,0,,,,,,a,,,1.4,1624,10067,27060,81713,0,-1,0.0,3.0,0.0,0.0,1.7,Man City,5.4
394,Alleyne,Max,Alleyne,MCI,DEF,50,0,0,0,0,0,0,0.00,0.00,0.00,0.00,0,0,0,0,0,0,0,0,0,0,0,0,0,0,,,,0,0,u,Has joined Burnley on loan for the rest of the season,2026-08-18T14:11:56.324656Z,0.0,0,21,0,619,0,0,0.0,0.0,0.0,0.0,0.0,Man City,5.0
395,Lewis,Rico,Lewis,MCI,DEF,44,1,0,56,1,0,0,0.17,0.02,0.19,0.55,0,1,2,2,0,0,0,-1,0,0,0,0,0,0,,,,,,a,,,0.2,375,1370,8331,16436,0,-1,0.0,1.0,0.0,0.0,0.2,Man City,4.4
396,Vitor Reis,Vitor,de Oliveira Nunes dos Reis,MCI,DEF,45,1,0,1,0,0,0,0.00,0.00,0.00,0.00,0,0,0,0,0,0,0,3,0,0,0,0,0,0,,,,,,a,,,0.0,83,172,563,1195,0,0,0.0,1.0,0.0,0.0,0.2,Man City,4.5
397,Semenyo,Antoine,Semenyo,MCI,MID,84,33,17,450,5,2,3,0.33,1.16,1.49,7.25,2,5,22,2,14,6,2,147,0,0,0,0,0,0,2,,,75,,d,Ankle injury - 75% chance of playing,2026-09-24T12:00:09.848000Z,14.9,131929,107044,322832,1249744,0,-1,10.0,6.6,7.5,10.0,3.9,Man City,8.4
398,Foden,Phil,Foden,MCI,MID,69,9,0,217,3,0,2,1.61,0.88,2.49,1.91,0,2,14,2,8,4,1,52,1,1,0,0,0,0,,2,2,0,0,s,Suspended until 17 Oct,2026-09-13T17:00:09.433455Z,1.7,246,32955,303492,570677,0,-1,-1.0,2.2,0.0,0.0,1.3,Man City,6.9
399,Cherki,Rayan,Cherki,MCI,MID,78,34,8,302,4,3,2,0.72,1.54,2.26,5.00,1,4,12,3,9,0,5,150,1,0,0,0,0,0,,1,1,,,a,,,28.5,156407,113085,2703568,980030,0,3,4.5,6.8,4.5,4.5,4.4,Man City,7.8
400,Doku,Jérémy,Doku,MCI,MID,74,1,1,15,0,0,0,0.23,0.32,0.55,0.42,0,0,2,1,1,0,0,7,0,0,0,0,0,0,3,,,100,75,a,,2026-08-18T17:00:08.385597Z,0.7,5802,2507,7269,128593,0,-1,0.5,1.0,0.5,0.4,0.1,Man City,7.4
402,Rodrigo,Rodrigo 'Rodri',Hernandez Cascante,MCI,MID,65,0,0,0,0,0,0,0.00,0.00,0.00,0.00,0,0,0,0,0,0,0,0,0,0,0,0,0,0,,,,0,0,u,Has joined Barcelona permanently,2026-07-23T12:01:23.675537Z,0.0,0,29,0,1233,0,0,0.0,0.0,0.0,0.0,0.0,Man City,6.5
404,Reijnders,Tijjani,Reijnders,MCI,MID,60,0,0,0,0,0,0,0.00,0.00,0.00,0.00,0,0,0,0,0,0,0,0,0,0,0,0,0,0,,,,0,0,u,Has joined Al Qadsiah permanently,2026-08-20T14:02:58.154273Z,0.0,0,112,0,8197,0,0,0.0,0.0,0.0,0.0,0.0,Man City,6.0
406,Kovačić,Mateo,Kovačić,MCI,MID,53,2,0,42,0,0,0,0.00,0.02,0.02,0.10,0,0,2,0,2,0,0,12,0,0,0,0,0,0,,,,,,a,,,0.1,133,521,2275,6350,-1,-2,0.0,1.0,0.0,0.0,0.4,Man City,5.3
407,Echeverri,Claudio,Echeverri,MCI,MID,49,0,0,0,0,0,0,0.00,0.00,0.00,0.00,0,0,0,0,0,0,0,0,0,0,0,0,0,0,,,,0,0,u,Has joined Benfica on loan for the rest of the season,2026-09-03T15:41:24.710479Z,0.0,0,61,250,1350,0,-1,0.0,0.0,0.0,0.0,0.0,Man City,4.9
408,Phillips,Kalvin,Phillips,MCI,MID,50,0,0,0,0,0,0,0.00,0.00,0.00,0.00,0,0,0,0,0,0,0,0,0,0,0,0,0,0,,,,0,0,u,Has joined Sheffield United on loan for the rest of the season,2026-08-18T14:11:56.348781Z,0.0,0,16,0,575,0,0,0.0,0.0,0.0,0.0,0.0,Man City,5.0
409,Mukasa,Divine,Mukasa,MCI,MID,45,0,0,0,0,0,0,0.00,0.00,0.00,0.00,0,0,0,0,0,0,0,0,0,0,0,0,0,0,,,,0,0,u,has joined West Ham on loan for the rest of the seaon.,2026-09-03T10:34:10.733520Z,0.1,0,697,1621,12264,0,0,0.0,0.0,0.0,0.0,0.0,Man City,4.5
410,Monga,Jeremy,Monga,MCI,MID,49,0,0,0,0,0,0,0.00,0.00,0.00,0.00,0,0,0,0,0,0,0,0,0,0,0,0,0,0,,,,0,0,u,Has joined Swansea City on loan for the rest of the season,2026-09-02T16:02:01.136760Z,0.0,0,61,219,1281,0,-1,0.0,0.0,0.0,0.0,0.0,Man City,4.9
411,Haaland,Erling,Haaland,MCI,FWD,156,39,6,450,5,5,0,4.42,0.53,4.95,7.25,2,5,20,10,10,0,9,167,0,0,0,0,0,0,1,,,,,a,,,73.9,96650,29413,941927,331071,0,1,7.5,7.8,7.5,7.5,2.5,Man City,15.6
481,Anderson,Elliot,Anderson,MCI,MID,63,15,2,413,5,0,0,0.11,0.67,0.78,7.15,2,5,54,18,23,13,0,95,1,0,0,0,0,0,,3,,100,100,a,,2026-08-23T17:00:07.952697Z,3.9,9528,32622,106967,450462,0,-2,3.5,3.0,3.5,3.5,2.4,Man City,6.3
587,Rulli,Gerónimo,Rulli,MCI,GK,50,0,0,0,0,0,0,0.00,0.00,0.00,0.00,0,0,0,0,0,0,0,0,0,0,0,0,0,0,,,,,,a,,,0.0,87,111,619,1122,0,0,0.0,0.0,0.0,0.0,0.0,Man City,5.0
616,Bouaddi,Ayyoub,Bouaddi,MCI,MID,55,2,0,22,0,0,0,0.00,0.12,0.12,0.37,0,0,6,3,3,0,0,8,0,0,0,0,0,0,,,,,,a,,,0.2,925,2302,21124,13741,0,0,0.0,1.0,0.0,0.0,0.4,Man City,5.5
621,McAidoo,Ryan,McAidoo,MCI,MID,44,2,0,11,0,0,0,0.10,0.00,0.10,0.02,0,0,4,0,2,2,0,8,0,0,0,0,0,0,,,,,,a,,,0.1,239,1208,11408,7231,-1,-1,0.0,1.0,0.0,0.0,0.5,Man City,4.4
622,Braithwaite,Kaden,Braithwaite,MCI,DEF,40,1,0,1,0,0,0,0.00,0.00,0.00,0.00,0,0,0,0,1,0,0,3,0,0,0,0,0,0,,,,,,a,,,0.2,652,1771,16859,9322,0,0,0.0,1.0,0.0,0.0,0.2,Man City,4.0
628,Allan,Allan,Andrade Elias,MCI,MID,60,0,0,0,0,0,0,0.00,0.00,0.00,0.00,0,0,0,0,0,0,0,0,0,0,0,0,0,0,,,,,,a,,,0.0,248,181,1211,702,0,0,0.0,0.0,0.0,0.0,0.0,Man City,6.0
653,Samba,Floyd,Samba,MCI,MID,45,0,0,0,0,0,0,0.00,0.00,0.00,0.00,0,0,0,0,0,0,0,0,0,0,0,0,0,0,,,,,,a,,,0.0,276,528,3925,2211,0,0,0.0,0.0,0.0,0.0,0.0,Man City,4.5
43,Tielemans,Youri,Tielemans,MUN,MID,58,14,4,402,5,0,0,0.65,0.52,1.17,6.16,0,8,43,11,25,7,0,93,0,0,0,0,0,0,3,,,100,100,a,,2026-07-23T12:01:23.321726Z,1.5,3768,12189,45215,162813,0,-2,3.0,2.8,3.0,3.0,2.4,Man Utd,5.8
131,Baleba,Carlos,Baleba,MUN,MID,49,0,0,0,0,0,0,0.00,0.00,0.00,0.00,0,0,0,0,0,0,0,0,0,0,0,0,0,0,,,,100,50,a,,2026-08-06T16:00:10.997714Z,0.1,1830,881,7269,14522,0,-1,0.0,0.0,0.0,0.0,0.0,Man Utd,4.9
162,Andrey Santos,Andrey,Nascimento dos Santos,MUN,MID,48,4,0,82,1,0,0,0.00,0.24,0.24,2.03,0,4,18,7,7,4,0,23,0,0,0,0,0,0,,,,,,a,,,0.6,1133,5752,22330,74371,0,-2,0.0,1.3,0.0,0.0,0.8,Man Utd,4.8
325,Darlow,Karl,Darlow,MUN,GK,45,0,0,0,0,0,0,0.00,0.00,0.00,0.00,0,0,0,0,0,0,0,0,0,0,0,0,0,0,,,,75,100,d,Unspecified injury - 75% chance of playing,2026-09-21T13:30:08.885505Z,0.0,69,257,1076,1638,0,0,0.0,0.0,0.0,0.0,0.0,Man Utd,4.5
412,Lammens,Senne,Lammens,MUN,GK,49,11,4,450,5,0,0,0.00,0.00,0.00,6.80,0,8,0,5,38,0,0,58,0,0,16,0,0,0,,,,,,a,,,9.8,8395,59053,100603,697484,0,-1,3.0,2.2,3.0,3.0,2.2,Man Utd,4.9
413,Bayindir,Altay,Bayındır,MUN,GK,45,0,0,0,0,0,0,0.00,0.00,0.00,0.00,0,0,0,0,0,0,0,0,0,0,0,0,0,0,,,,0,0,u,Has joined Celta Vigo on loan for the rest of the season,2026-08-10T14:02:28.608415Z,0.0,0,51,0,1161,0,0,0.0,0.0,0.0,0.0,0.0,Man Utd,4.5
414,Heaton,Tom,Heaton,MUN,GK,40,0,0,0,0,0,0,0.00,0.00,0.00,0.00,0,0,0,0,0,0,0,0,0,0,0,0,0,0,,,,0,0,i,Hamstring injury - Unknown return date,2026-08-15T16:00:07.854151Z,0.1,248,338,2166,3625,0,0,0.0,0.0,0.0,0.0,0.0,Man Utd,4.0
415,Dorgu,Patrick,Dorgu,MUN,MID,58,10,4,171,2,0,1,0.78,0.09,0.87,3.38,0,6,20,8,4,8,0,27,1,0,0,0,0,0,,,,75,,d,Hamstring injury - 75% chance of playing,2026-09-27T21:30:07.831640Z,0.5,1046,5351,14016,98888,0,-2,4.0,2.0,3.0,4.0,1.7,Man Utd,5.8
416,De Ligt,Matthijs,de Ligt,MUN,DEF,49,0,0,0,0,0,0,0.00,0.00,0.00,0.00,0,0,0,0,0,0,0,0,0,0,0,0,0,0,,,,0,0,i,Back injury - Unknown return date,2026-07-23T12:01:23.690880Z,0.0,98,156,477,1579,-1,-1,0.0,0.0,0.0,0.0,0.0,Man Utd,4.9
417,Dalot,Diogo,Dalot Teixeira,MUN,DEF,49,8,2,346,4,0,0,0.24,0.23,0.47,4.70,0,4,16,10,21,6,0,46,1,0,0,0,0,0,,,,,,a,,,1.6,1779,8968,26558,137463,0,-1,2.0,1.6,2.0,2.0,1.6,Man Utd,4.9
418,Maguire,Harry,Maguire,MUN,DEF,48,10,2,450,5,0,1,0.20,0.46,0.66,6.80,0,8,31,28,21,3,0,50,2,0,0,0,0,0,,,,,,a,,,8.5,5938,86940,139896,1016631,-1,-2,1.5,2.0,1.5,1.5,2.1,Man Utd,4.8
419,Martinez,Lisandro,Martínez,MUN,DEF,49,6,0,360,4,0,0,0.21,0.16,0.37,5.79,0,6,20,17,14,3,0,29,0,0,0,0,0,1,,,,100,100,a,,2026-07-24T20:00:10.337107Z,1.3,4321,7268,37247,68121,-1,-1,1.0,1.5,1.0,1.0,1.2,Man Utd,4.9
420,Yoro,Leny,Yoro,MUN,DEF,48,2,0,22,0,0,0,0.00,0.02,0.02,1.09,0,2,5,3,1,2,0,-1,0,0,0,0,0,0,,,,,,a,,,0.5,577,2436,5359,36278,-1,-2,0.0,1.0,0.0,0.0,0.4,Man Utd,4.8
421,Heaven,Ayden,Heaven,MUN,DEF,43,1,0,90,1,0,0,0.12,0.04,0.16,1.01,0,2,2,1,4,1,0,5,0,0,0,0,0,0,,,,,,a,,,0.3,302,1698,6072,24284,-1,-2,0.0,1.0,0.0,0.0,0.2,Man Utd,4.3
422,Mazraoui,Noussair,Mazraoui,MUN,DEF,44,3,0,97,1,0,0,0.22,0.06,0.28,2.08,0,4,6,4,3,2,0,6,0,0,0,0,0,0,,,,75,,d,Back injury - 75% chance of playing,2026-10-04T21:30:08.533022Z,0.5,616,3562,14400,41649,0,-1,0.0,1.0,0.0,0.0,0.7,Man Utd,4.4
423,Shaw,Luke,Shaw,MUN,DEF,43,9,2,335,4,0,1,0.03,0.58,0.61,4.63,0,5,23,17,7,6,0,54,1,0,0,0,0,0,,3,,100,50,a,,2026-09-11T13:00:09.030120Z,7.6,5295,88568,102779,1320497,-1,-2,1.0,2.2,1.0,0.5,2.1,Man Utd,4.3
424,Amass,Harry,Amass,MUN,DEF,40,0,0,0,0,0,0,0.00,0.00,0.00,0.00,0,0,0,0,0,0,0,0,0,0,0,0,0,0,,,,,,a,,,0.2,480,907,6382,8937,0,0,0.0,0.0,0.0,0.0,0.0,Man Utd,4.0
425,Fredricson,Tyler,Fredricson,MUN,DEF,40,0,0,0,0,0,0,0.00,0.00,0.00,0.00,0,0,0,0,0,0,0,0,0,0,0,0,0,0,,,,0,0,u,Has joined Lausanne-Sport permanently,2026-08-18T14:12:31.904433Z,0.0,0,57,0,1325,0,0,0.0,0.0,0.0,0.0,0.0,Man Utd,4.0
426,B.Fernandes,Bruno,Borges Fernandes,MUN,MID,119,31,2,450,5,3,1,2.56,1.32,3.88,6.80,0,8,29,3,21,5,3,148,0,0,0,0,0,0,1,1,1,,,a,,,38.4,61037,229442,672637,1882392,-1,-1,2.0,6.2,2.0,2.0,2.6,Man Utd,11.9
427,Mbeumo,Bryan,Mbeumo,MUN,MID,79,25,2,450,5,2,1,3.07,0.80,3.87,6.80,0,8,26,7,14,5,3,110,1,0,0,0,0,0,2,2,2,,,a,,,20.4,52415,156279,479394,2042778,0,-1,2.0,5.0,2.0,2.0,3.2,Man Utd,7.9
428,Cunha,Matheus,Santos Carneiro da Cunha,MUN,MID,79,26,10,407,5,1,2,0.63,0.83,1.46,5.44,1,5,13,1,9,3,4,95,0,0,0,0,0,0,,,,,,a,,,5.8,30086,26175,103832,514206,0,-1,6.0,5.2,6.0,6.0,3.3,Man Utd,7.9
429,Rashford,Marcus,Rashford,MUN,MID,70,10,2,351,4,0,0,0.78,0.43,1.21,4.50,1,3,18,4,10,4,0,58,0,0,0,0,0,0,,,3,75,,d,Unspecified injury - 75% chance of playing,2026-09-21T10:30:09.221479Z,1.4,4439,21231,85468,132312,0,0,2.0,2.0,1.5,2.0,1.4,Man Utd,7.0
430,Mount,Mason,Mount,MUN,MID,54,1,1,10,0,0,0,0.09,0.01,0.10,0.00,0,0,1,0,1,0,0,3,0,0,0,0,0,0,,,4,100,100,a,,2026-08-15T16:00:07.879135Z,0.0,210,220,938,1996,0,-1,0.5,1.0,0.5,0.5,0.2,Man Utd,5.4
431,Amad,Amad,Diallo,MUN,MID,57,0,0,0,0,0,0,0.00,0.00,0.00,0.00,0,0,0,0,0,0,0,0,0,0,0,0,0,0,,4,,0,0,i,Unspecified injury - Unknown return date,2026-08-22T11:00:08.617283Z,0.3,157,2178,2199,123899,0,-3,0.0,0.0,0.0,0.0,0.0,Man Utd,5.7
432,Mainoo,Kobbie,Mainoo,MUN,MID,55,22,4,354,4,0,1,0.30,0.52,0.82,4.77,0,4,56,10,40,6,2,102,0,0,0,0,0,0,,,,75,,d,Unspecified injury - 75% chance of playing,2026-09-21T13:00:09.169862Z,1.5,8325,18428,95419,70705,0,0,4.0,4.4,3.0,4.0,4.0,Man Utd,5.5
433,Ugarte,Manuel,Ugarte Ribeiro,MUN,MID,50,0,0,0,0,0,0,0.00,0.00,0.00,0.00,0,0,0,0,0,0,0,0,0,0,0,0,0,0,,,,0,0,i,Knee injury - Unknown return date,2026-07-23T12:01:23.706702Z,0.0,26,28,122,268,0,0,0.0,0.0,0.0,0.0,0.0,Man Utd,5.0
434,J.Fletcher,Jack,Fletcher,MUN,MID,49,0,0,0,0,0,0,0.00,0.00,0.00,0.00,0,0,0,0,0,0,0,0,0,0,0,0,0,0,,,,,,a,,,0.0,51,63,331,711,0,-1,0.0,0.0,0.0,0.0,0.0,Man Utd,4.9
435,Lacey,Shea,Lacey,MUN,MID,49,1,0,10,0,0,0,0.00,0.00,0.00,0.00,0,0,1,0,1,0,0,3,0,0,0,0,0,0,,,,,,a,,,0.1,417,401,1770,3366,0,-1,0.0,1.0,0.0,0.0,0.2,Man Utd,4.9
436,Collyer,Toby,Collyer,MUN,MID,50,0,0,0,0,0,0,0.00,0.00,0.00,0.00,0,0,0,0,0,0,0,0,0,0,0,0,0,0,,,,0,0,u,Has joined West Brom permanently,2026-09-01T13:16:48.584385Z,0.0,0,51,150,1058,0,0,0.0,0.0,0.0,0.0,0.0,Man Utd,5.0
437,Bendito Mantato,Bendito,Mantato,MUN,MID,44,0,0,0,0,0,0,0.00,0.00,0.00,0.00,0,0,0,0,0,0,0,0,0,0,0,0,0,0,,,,,,a,,,0.2,563,1025,5227,9806,-1,-1,0.0,0.0,0.0,0.0,0.0,Man Utd,4.4
438,Fletcher,Tyler,Fletcher,MUN,MID,44,0,0,0,0,0,0,0.00,0.00,0.00,0.00,0,0,0,0,0,0,0,0,0,0,0,0,0,0,,,,,,a,,,0.3,2735,2414,10804,17183,0,-1,0.0,0.0,0.0,0.0,0.0,Man Utd,4.4
439,Šeško,Benjamin,Sesko,MUN,FWD,70,8,0,76,0,1,0,0.39,0.01,0.40,2.00,0,3,5,0,5,0,0,39,0,0,0,0,0,0,,,,75,100,d,Shin injury - 75% chance of playing,2026-09-20T19:30:08.505755Z,1.6,6869,27803,104308,137476,0,0,0.5,2.0,0.4,0.5,1.1,Man Utd,7.0
440,Zirkzee,Joshua,Zirkzee,MUN,FWD,53,2,1,20,0,0,0,0.00,0.01,0.01,0.02,0,0,4,2,2,0,0,8,0,0,0,0,0,0,,,,,,a,,,0.4,2346,3516,16226,44069,-1,-2,1.0,1.0,1.0,1.0,0.4,Man Utd,5.3
441,Obi,Chido,Obi,MUN,FWD,45,0,0,0,0,0,0,0.00,0.00,0.00,0.00,0,0,0,0,0,0,0,0,0,0,0,0,0,0,,,,0,0,u,Has joined Willem II on loan for the rest of the season,2026-09-14T16:12:42.090874Z,0.9,0,12579,45543,75521,0,0,0.0,0.0,0.0,0.0,0.0,Man Utd,4.5
405,N.Gonzalez,Nico,González Iglesias,NEW,MID,55,5,0,164,3,0,0,0.00,0.21,0.21,2.34,1,2,12,3,9,0,0,23,1,0,0,0,0,0,,,,100,0,a,,2026-09-14T21:30:07.343728Z,0.2,804,1989,18267,17158,0,0,0.5,1.7,0.5,0.0,0.9,Newcastle,5.5
442,Pope,Nick,Pope,NEW,GK,49,0,0,0,0,0,0,0.00,0.00,0.00,0.00,0,0,0,0,0,0,0,0,0,0,0,0,0,0,,,,,,a,,,0.9,1020,3569,13513,54292,0,-1,0.0,0.0,0.0,0.0,0.0,Newcastle,4.9
443,Gillespie,Mark,Gillespie,NEW,GK,45,0,0,0,0,0,0,0.00,0.00,0.00,0.00,0,0,0,0,0,0,0,0,0,0,0,0,0,0,,,,,,a,,,0.0,51,99,776,1219,0,0,0.0,0.0,0.0,0.0,0.0,Newcastle,4.5
444,Jaouen,Ewen,Jaouen,NEW,GK,44,0,0,0,0,0,0,0.00,0.00,0.00,0.00,0,0,0,0,0,0,0,0,0,0,0,0,0,0,,,,0,50,i,Hamstring injury - Unknown return date,2026-09-10T16:00:09.127466Z,0.0,23,145,456,1550,-1,-1,0.0,0.0,0.0,0.0,0.0,Newcastle,4.4
445,Thiaw,Malick,Thiaw,NEW,DEF,50,14,4,450,5,0,0,0.00,0.08,0.08,9.14,1,9,45,45,10,0,0,32,0,0,0,0,0,1,,,,,,a,,,2.2,11731,12646,181032,125657,0,0,3.0,2.8,3.0,3.0,2.8,Newcastle,5.0
446,Schär,Fabian,Schär,NEW,DEF,49,2,1,25,0,0,0,0.00,0.01,0.01,1.87,0,2,7,7,0,0,0,0,0,0,0,0,0,0,,,2,100,100,a,,2026-08-15T16:30:07.209742Z,0.2,719,1044,7230,13990,0,-1,0.5,1.0,0.5,0.5,0.4,Newcastle,4.9
447,Botman,Sven,Botman,NEW,DEF,50,15,4,450,5,0,0,0.06,0.17,0.23,9.14,1,9,59,54,14,5,0,43,1,0,0,0,0,0,,,,,,a,,,0.7,6161,3781,48835,29075,0,0,3.0,3.0,3.0,3.0,3.0,Newcastle,5.0
448,Burn,Dan,Burn,NEW,DEF,48,0,0,0,0,0,0,0.00,0.00,0.00,0.00,0,0,0,0,0,0,0,0,0,0,0,0,0,0,,,,0,0,i,Ankle injury - Expected back 12 Oct,2026-08-23T18:00:08.367241Z,0.7,137,6774,7352,161682,-1,-2,0.0,0.0,0.0,0.0,0.0,Newcastle,4.8
449,Hall,Lewis,Hall,NEW,DEF,53,31,13,449,5,1,1,0.25,0.79,1.04,9.12,1,9,46,33,38,13,6,127,0,0,0,0,0,0,,1,1,,,a,,,17.9,305932,28906,1719434,356739,1,3,6.5,6.2,6.5,6.5,5.8,Newcastle,5.3
450,Livramento,Tino,Livramento,NEW,DEF,49,4,0,33,0,0,1,0.00,0.01,0.01,0.18,0,1,3,1,4,2,0,12,1,0,0,0,0,0,,,,75,100,d,Unspecified injury - 75% chance of playing,2026-09-19T14:00:09.046677Z,0.1,487,1790,10283,6230,0,-1,1.5,2.0,1.1,1.5,0.8,Newcastle,4.9
451,A.Murphy,Alex,Murphy,NEW,DEF,40,0,0,0,0,0,0,0.00,0.00,0.00,0.00,0,0,0,0,0,0,0,0,0,0,0,0,0,0,,,,0,0,u,Has joined FC Kaiserslautern on loan for the rest of the season,2026-08-12T14:05:29.224600Z,0.1,0,348,0,6999,0,0,0.0,0.0,0.0,0.0,0.0,Newcastle,4.0
453,Barnes,Harvey,Barnes,NEW,MID,61,28,9,450,5,1,3,0.62,0.48,1.10,9.14,1,9,33,14,16,3,3,105,0,0,0,0,0,0,,3,,,,a,,,6.1,202662,34423,673765,166331,1,1,5.5,5.6,5.5,5.5,4.6,Newcastle,6.1
454,Elanga,Anthony,Elanga,NEW,MID,61,18,0,232,3,2,0,0.42,0.34,0.76,4.01,1,3,9,2,3,4,2,71,1,0,0,0,0,0,,2,,0,0,i,Unspecified injury - Unknown return date,2026-09-14T20:00:09.505598Z,4.3,368,187955,1286205,1107916,-1,1,0.0,6.0,0.0,0.0,3.0,Newcastle,6.1
456,J.Ramsey,Jacob,Ramsey,NEW,MID,48,7,0,69,0,1,0,0.17,0.16,0.33,1.92,0,1,11,3,6,2,0,26,1,0,0,0,0,0,,,,0,0,i,Thigh injury - Unknown return date,2026-09-15T09:00:08.191022Z,0.2,85,5405,16631,31608,-1,-2,0.0,2.3,0.0,0.0,1.5,Newcastle,4.8
457,J.Murphy,Jacob,Murphy,NEW,MID,59,3,1,181,2,0,0,0.03,0.41,0.44,4.96,0,5,18,4,10,4,0,21,3,0,0,0,0,0,,4,,,,a,,,0.1,1136,967,6239,11146,0,-1,0.5,0.6,0.5,0.5,0.5,Newcastle,5.9
458,Joelinton,Joelinton Cássio,Apolinário de Lira,NEW,MID,54,0,0,0,0,0,0,0.00,0.00,0.00,0.00,0,0,0,0,0,0,0,0,0,0,0,0,0,0,,,,0,0,i,Unspecified injury - Unknown return date,2026-08-16T08:00:08.074045Z,0.0,22,97,233,2259,0,-1,0.0,0.0,0.0,0.0,0.0,Newcastle,5.4
459,L.Miley,Lewis,Miley,NEW,MID,55,12,4,396,5,0,0,0.05,0.14,0.19,7.95,1,8,52,20,26,6,0,68,1,0,0,0,0,1,,5,,75,100,d,Unspecified injury - 75% chance of playing,2026-10-01T15:30:10.335504Z,0.1,499,716,6363,5723,0,0,2.0,2.4,1.5,2.0,2.2,Newcastle,5.5
460,Willock,Joe,Willock,NEW,MID,50,22,10,284,3,2,0,0.81,0.30,1.11,5.19,1,5,18,4,9,5,3,80,0,0,0,0,0,0,,,,,,a,,,0.6,11803,3597,66623,31582,0,0,5.5,4.4,5.5,5.5,4.4,Newcastle,5.0
461,Touré,Bazoumana,Touré,NEW,MID,58,8,1,50,0,1,0,0.28,0.01,0.29,0.76,0,1,4,1,3,0,0,29,0,0,0,0,0,0,,,,,,a,,,0.1,409,1020,3792,16627,0,-2,3.5,2.7,3.5,3.5,1.4,Newcastle,5.8
462,Steur,Sean,Steur,NEW,MID,49,8,3,223,2,0,0,0.00,0.06,0.06,4.23,1,5,21,9,8,4,0,42,0,0,0,0,0,0,,,,,,a,,,0.1,307,468,2463,6265,0,-1,2.5,1.6,2.5,2.5,1.6,Newcastle,4.9
463,Woltemade,Nick,Woltemade,NEW,FWD,59,4,0,19,0,0,1,0.02,0.01,0.03,0.38,0,0,0,0,0,0,0,18,0,0,0,0,0,0,,,,0,0,u,Has joined Juventus on loan for the rest of the season,2026-09-02T16:07:16.549304Z,0.5,0,4175,14520,142610,0,-1,0.0,4.0,0.0,0.0,0.7,Newcastle,5.9
464,Wissa,Yoane,Wissa,NEW,FWD,62,15,0,441,5,1,1,2.35,0.06,2.41,7.97,1,8,27,6,15,6,2,54,2,0,0,0,1,0,2,,,,,a,,,18.7,115785,163877,2311297,750887,0,2,1.0,3.0,1.0,1.0,2.4,Newcastle,6.2
465,Osula,William,Osula,NEW,FWD,58,4,0,55,1,0,1,0.06,0.14,0.20,1.48,0,1,5,2,2,1,0,18,0,0,0,0,0,0,1,,4,0,0,i,Foot injury - Unknown return date,2026-08-25T19:00:08.004915Z,0.3,145,2822,21468,87127,-1,-2,0.0,4.0,0.0,0.0,0.7,Newcastle,5.8
466,Neave,Sean,Neave,NEW,FWD,45,0,0,0,0,0,0,0.00,0.00,0.00,0.00,0,0,0,0,0,0,0,0,0,0,0,0,0,0,,,,0,0,u,Has joined Wolves on loan for the rest of the season,2026-09-04T12:37:43.515176Z,0.5,0,4442,23805,53064,0,0,0.0,0.0,0.0,0.0,0.0,Newcastle,4.5
559,Bamba,Aladji,Bamba,NEW,MID,49,3,1,27,0,0,0,0.00,0.00,0.00,1.29,0,1,8,3,2,3,0,12,0,0,0,0,0,0,,,,,,a,,,0.1,141,572,2581,7656,0,-1,1.0,1.0,1.0,1.0,0.6,Newcastle,4.9
567,Horníček,Lukás,Hornícek,NEW,GK,50,14,3,450,5,0,0,0.00,0.00,0.00,9.14,1,9,0,11,31,0,0,72,1,0,19,0,0,0,,,,,,a,,,1.5,8775,6493,153425,73046,0,0,2.0,2.8,2.0,2.0,2.8,Newcastle,5.0
593,Dedić,Amar,Dedic,NEW,DEF,45,13,0,327,4,0,1,0.14,0.08,0.22,7.38,1,7,24,16,15,8,2,36,0,0,0,0,0,0,,,3,0,0,i,Unspecified injury - Unknown return date,2026-09-17T14:30:09.823731Z,1.7,301,45277,447923,315327,0,0,0.0,3.2,0.0,0.0,2.9,Newcastle,4.5
609,Shahar,Leo,Shahar,NEW,DEF,40,0,0,0,0,0,0,0.00,0.00,0.00,0.00,0,0,0,0,0,0,0,0,0,0,0,0,0,0,,,,0,0,u,has joined Arouca on loan for the rest of the seaon.,2026-09-11T14:41:57.406766Z,0.2,0,2020,18236,15918,0,0,0.0,0.0,0.0,0.0,0.0,Newcastle,4.0
634,Fernandez-Pardo,Matias,Fernandez-Pardo,NEW,FWD,60,4,2,157,2,0,0,0.05,0.01,0.06,2.94,0,4,5,0,3,2,0,16,0,0,0,0,0,0,,,,,,a,,,0.1,2644,1708,17715,6608,0,0,1.5,1.3,1.5,1.5,0.7,Newcastle,6.0
659,Miley,Mason,Miley,NEW,MID,45,0,0,0,0,0,0,0.00,0.00,0.00,0.00,0,0,0,0,0,0,0,0,0,0,0,0,0,0,,,,,,a,,,0.0,1582,715,5020,1317,0,0,0.0,0.0,0.0,0.0,0.0,Newcastle,4.5
663,Pivas,Miodrag,Pivas,NEW,DEF,40,0,0,0,0,0,0,0.00,0.00,0.00,0.00,0,0,0,0,0,0,0,0,0,0,0,0,0,0,,,,,,a,,,0.0,455,75,455,75,0,0,0.0,0.0,1.1,1.1,0.0,Newcastle,4.0
664,Salia,Vakhtang,Salia,NEW,FWD,45,0,0,0,0,0,0,0.00,0.00,0.00,0.00,0,0,0,0,0,0,0,0,0,0,0,0,0,0,,,,,,a,,,0.1,11413,1978,11413,1978,0,0,0.0,0.0,1.0,1.0,0.0,Newcastle,4.5
665,Mills,Michael,Mills,NEW,MID,45,0,0,0,0,0,0,0.00,0.00,0.00,0.00,0,0,0,0,0,0,0,0,0,0,0,0,0,0,,,,,,a,,,0.0,178,36,178,36,0,0,0.0,0.0,1.1,1.1,0.0,Newcastle,4.5
666,Thompson,Kyran,Thompson,NEW,MID,45,0,0,0,0,0,0,0.00,0.00,0.00,0.00,0,0,0,0,0,0,0,0,0,0,0,0,0,0,,,,,,a,,,0.0,262,39,262,39,0,0,0.0,0.0,1.1,1.1,0.0,Newcastle,4.5
167,Delap,Liam,Delap,NFO,FWD,56,9,1,277,3,1,0,0.89,0.35,1.24,2.62,1,3,17,5,10,2,0,49,2,0,0,0,0,0,3,,,,,a,,,2.7,27994,34308,315170,87880,1,1,3.0,2.2,3.0,3.0,1.6,Nott'm Forest,5.6
201,Muñoz,Daniel,Muñoz Mejía,NFO,DEF,54,5,2,257,3,0,0,0.60,0.21,0.81,2.59,0,4,15,8,8,7,0,29,0,0,0,0,0,0,,,,,,a,,,5.7,9478,35741,160036,489917,0,-1,2.0,1.2,2.0,2.0,0.9,Nott'm Forest,5.4
467,Sels,Matz,Sels,NFO,GK,50,14,2,450,5,0,0,0.00,0.01,0.01,4.77,1,5,0,6,46,0,0,67,0,0,11,0,0,0,,,,,,a,,,1.6,2508,7644,68761,63706,0,0,2.5,2.8,2.5,2.5,2.8,Nott'm Forest,5.0
468,John,John Victor,Maciel Furtado,NFO,GK,45,0,0,0,0,0,0,0.00,0.00,0.00,0.00,0,0,0,0,0,0,0,0,0,0,0,0,0,0,,,,,,a,,,0.1,70,176,877,2036,0,0,0.0,0.0,0.0,0.0,0.0,Nott'm Forest,4.5
469,N.Williams,Neco,Williams,NFO,DEF,50,19,2,450,5,0,1,0.41,0.61,1.02,4.77,1,5,29,15,28,14,1,85,0,0,0,0,0,0,,2,3,,,a,,,8.6,14108,57480,328594,362738,0,0,2.0,3.8,2.0,2.0,3.8,Nott'm Forest,5.0
470,Morato,Felipe,Rodrigues da Silva,NFO,DEF,50,0,0,0,0,0,0,0.00,0.00,0.00,0.00,0,0,0,0,0,0,0,0,0,0,0,0,0,0,,,,0,0,u,Has joined West Ham on loan for the rest of the season,2026-09-02T16:19:54.503286Z,0.0,0,136,424,3716,0,0,0.0,0.0,0.0,0.0,0.0,Nott'm Forest,5.0
471,Milenković,Nikola,Milenković,NFO,DEF,54,12,0,270,3,0,0,0.11,0.03,0.14,3.28,1,3,31,26,12,5,0,34,1,0,0,0,0,0,,,,0,0,i,Hamstring injury - Expected back 11 Oct,2026-09-12T14:00:09.705107Z,1.0,83,14200,18015,109357,-1,-1,0.0,4.0,0.0,0.0,2.2,Nott'm Forest,5.4
472,Murillo,Murillo,Costa dos Santos,NFO,DEF,55,23,4,449,5,0,1,0.42,0.37,0.79,4.77,1,5,53,44,18,9,0,76,1,0,0,0,0,0,,,2,100,100,a,,2026-07-23T12:01:23.801183Z,2.1,10653,10001,106150,63262,0,0,5.0,4.6,5.0,5.0,4.2,Nott'm Forest,5.5
473,Aina,Ola,Aina,NFO,DEF,44,8,0,306,4,0,0,0.04,0.53,0.57,3.72,1,3,22,12,14,10,0,45,2,0,0,0,0,0,,,,,,a,,,2.3,1304,24171,69417,173958,-1,-1,1.0,2.0,1.0,1.0,1.8,Nott'm Forest,4.4
474,Jair Cunha,Jair,Paula da Cunha Filho,NFO,DEF,45,11,1,360,4,0,0,0.05,0.02,0.07,3.95,1,4,36,29,8,7,0,40,2,0,0,0,0,0,,,,100,75,a,,2026-09-12T14:00:09.724349Z,0.2,326,754,9832,13280,0,0,0.5,2.8,0.5,0.4,2.4,Nott'm Forest,4.5
475,Savona,Nicolò,Savona,NFO,DEF,45,0,0,0,0,0,0,0.00,0.00,0.00,0.00,0,0,0,0,0,0,0,0,0,0,0,0,0,0,,,,0,0,i,Knee injury - Unknown return date,2026-07-23T12:01:23.816304Z,0.0,23,23,243,281,0,0,0.0,0.0,0.0,0.0,0.0,Nott'm Forest,4.5
476,O.Richards,Omar,Richards,NFO,DEF,40,0,0,0,0,0,0,0.00,0.00,0.00,0.00,0,0,0,0,0,0,0,0,0,0,0,0,0,0,,,,,,a,,,0.2,347,859,4047,8410,0,0,0.0,0.0,0.0,0.0,0.0,Nott'm Forest,4.0
477,Abbott,Zach,Abbott,NFO,DEF,40,0,0,0,0,0,0,0.00,0.00,0.00,0.00,0,0,0,0,0,0,0,0,0,0,0,0,0,0,,,,0,0,u,Has joined Southampton on loan for the rest of the season,2026-09-02T16:19:54.536676Z,0.1,0,978,2459,14051,0,0,0.0,0.0,0.0,0.0,0.0,Nott'm Forest,4.0
478,Netz,Luca,Netz,NFO,DEF,44,3,1,27,0,0,0,0.00,0.02,0.02,0.13,0,1,1,0,1,1,0,8,0,0,0,0,0,0,,,,,,a,,,0.0,64,132,694,1603,0,-1,0.5,1.0,0.5,0.5,0.7,Nott'm Forest,4.4
479,Bindon,Tyler,Bindon,NFO,DEF,40,0,0,0,0,0,0,0.00,0.00,0.00,0.00,0,0,0,0,0,0,0,0,0,0,0,0,0,0,,,,0,0,u,Has joined Charlton Athletic on loan for the rest of the season,2026-09-01T13:16:05.383880Z,0.1,0,631,799,8761,0,0,0.0,0.0,0.0,0.0,0.0,Nott'm Forest,4.0
480,Gibbs-White,Morgan,Gibbs-White,NFO,MID,80,28,2,450,5,1,2,1.56,1.42,2.98,4.77,1,5,21,2,14,5,6,116,0,0,0,0,0,0,1,,1,100,100,a,,2026-08-24T15:30:08.350159Z,15.7,86269,106165,1229951,688859,0,0,5.0,5.6,5.0,5.0,3.5,Nott'm Forest,8.0
482,Hudson-Odoi,Callum,Hudson-Odoi,NFO,MID,58,1,0,1,0,0,0,0.00,0.00,0.00,0.00,0,0,0,0,0,0,0,2,0,0,0,0,0,0,,,4,100,100,a,,2026-07-23T12:01:23.832709Z,0.1,340,1318,5351,17718,0,-2,0.0,1.0,0.0,0.0,0.2,Nott'm Forest,5.8
483,Ndoye,Dan,Ndoye,NFO,MID,55,15,1,316,5,1,0,1.25,0.93,2.18,3.84,1,3,20,3,15,2,2,44,1,0,0,0,0,0,,,,,,a,,,0.7,992,9558,72588,50721,0,0,1.0,3.0,1.0,1.0,2.7,Nott'm Forest,5.5
484,Hutchinson,Omari,Hutchinson,NFO,MID,54,0,0,0,0,0,0,0.00,0.00,0.00,0.00,0,0,0,0,0,0,0,0,0,0,0,0,0,0,,,,0,0,u,Has joined AC Milan on loan for the rest of the season,2026-09-01T13:23:52.340206Z,0.1,0,436,427,11064,0,-1,0.0,0.0,0.0,0.0,0.0,Nott'm Forest,5.4
485,Bakwa,Dilane,Bakwa,NFO,MID,55,0,0,0,0,0,0,0.00,0.00,0.00,0.00,0,0,0,0,0,0,0,0,0,0,0,0,0,0,,,,0,0,u,Has joined Lille on loan for the rest of the season,2026-08-27T14:53:03.381941Z,0.0,0,41,107,1183,0,0,0.0,0.0,0.0,0.0,0.0,Nott'm Forest,5.5
486,McAtee,James,McAtee,NFO,MID,55,12,2,416,5,0,0,0.37,0.96,1.33,4.55,2,4,39,9,21,9,0,91,2,0,0,0,0,0,,1,,,,a,,,0.1,428,1074,10073,6120,0,0,2.5,2.4,2.5,2.5,2.2,Nott'm Forest,5.5
487,Dominguez,Nicolás,Domínguez,NFO,MID,49,1,0,1,0,0,0,0.00,0.00,0.00,0.00,0,0,0,0,0,0,0,3,0,0,0,0,0,0,,,,,,a,,,0.1,70,335,1208,4137,0,-1,0.0,1.0,0.0,0.0,0.2,Nott'm Forest,4.9
488,I.Sangaré,Ibrahim,Sangaré,NFO,MID,48,4,1,105,1,0,0,0.09,0.02,0.11,0.56,0,1,8,4,3,1,0,15,0,0,0,0,0,0,,,,100,100,a,,2026-08-28T09:30:07.471668Z,0.4,394,3761,9293,69340,-1,-2,1.0,1.3,1.0,1.0,0.8,Nott'm Forest,4.8
489,Yates,Ryan,Yates,NFO,MID,45,0,0,0,0,0,0,0.00,0.00,0.00,0.00,0,0,0,0,0,0,0,0,0,0,0,0,0,0,,,,100,100,a,,2026-08-17T20:30:08.195072Z,1.1,711,8528,30357,94883,0,0,0.0,0.0,0.0,0.0,0.0,Nott'm Forest,4.5
490,Wood,Chris,Wood,NFO,FWD,58,4,1,62,0,0,0,0.12,0.01,0.13,0.53,0,1,1,0,1,0,0,13,0,0,0,0,0,0,2,,,,,a,,,0.9,2493,7377,25072,117224,0,-2,1.0,1.0,1.0,1.0,0.7,Nott'm Forest,5.8
491,Igor Jesus,Igor Jesus,Maciel da Cruz,NFO,FWD,58,12,1,257,2,1,0,1.25,0.08,1.33,2.61,0,3,15,5,8,2,2,53,1,0,0,0,0,0,4,,,,,a,,,2.6,9520,27665,128520,275010,0,-2,4.0,2.4,4.0,4.0,2.1,Nott'm Forest,5.8
493,Kalimuendo,Arnaud,Kalimuendo,NFO,FWD,54,1,0,1,0,0,0,0.00,0.00,0.00,0.00,0,0,0,0,0,0,0,3,0,0,0,0,0,0,,,,,,a,,,0.1,267,474,3077,4174,0,-1,0.0,1.0,0.0,0.0,0.2,Nott'm Forest,5.4
558,Schlager,Xaver,Schlager,NFO,MID,50,13,2,376,4,0,0,0.19,0.18,0.37,4.43,1,5,49,11,21,17,0,70,1,0,0,0,0,0,,3,,,,a,,,0.1,259,941,5939,5958,0,0,2.5,2.6,2.5,2.5,2.6,Nott'm Forest,5.0
581,Diomande,Ousmane,Diomande,NFO,DEF,54,7,2,163,2,0,0,0.16,0.01,0.17,1.45,0,2,19,18,10,1,0,17,0,0,0,0,0,0,,,,,,a,,,0.5,1800,2599,13922,42064,0,-1,3.0,2.3,3.0,3.0,1.3,Nott'm Forest,5.4
590,Benda,Steven,Benda,NFO,GK,45,0,0,0,0,0,0,0.00,0.00,0.00,0.00,0,0,0,0,0,0,0,0,0,0,0,0,0,0,,,,,,a,,,0.1,144,263,2684,2864,0,0,0.0,0.0,0.0,0.0,0.0,Nott'm Forest,4.5
112,Van Hecke,Jan Paul,van Hecke,TOT,DEF,49,24,6,450,5,1,0,0.69,0.42,1.11,7.78,2,8,43,33,17,10,2,85,1,0,0,0,0,0,,,,75,,d,Foot injury - 75% chance of playing,2026-09-30T16:00:09.552205Z,6.3,21006,48642,157175,494037,0,-1,7.0,4.8,5.2,7.0,4.9,Spurs,4.9
147,Tosin,Tosin,Adarabioyo,TOT,DEF,44,1,0,5,0,0,0,0.00,0.00,0.00,0.03,0,0,4,2,1,2,0,5,0,0,0,0,0,0,,,,,,a,,,0.1,128,639,2020,7991,0,-1,0.5,1.0,0.5,0.5,0.2,Spurs,4.4
401,Marmoush,Omar,Marmoush,TOT,FWD,70,8,2,339,4,0,0,0.38,0.15,0.53,3.84,2,5,13,0,11,2,0,37,0,0,0,0,0,0,2,8,4,,,a,,,2.1,15692,25530,238171,166663,0,0,2.0,2.0,2.0,2.0,1.1,Spurs,7.0
403,Sávio,Sávio,Moreira de Oliveira,TOT,MID,65,8,2,240,3,0,0,0.41,0.70,1.11,2.76,2,3,11,3,8,0,0,66,0,0,0,0,0,0,,2,,100,100,a,,2026-08-29T16:30:08.380416Z,0.6,3774,8541,100686,81304,0,0,2.5,2.7,2.5,2.5,1.2,Spurs,6.5
455,Tonali,Sandro,Tonali,TOT,MID,53,14,2,427,5,0,0,0.24,0.61,0.85,7.72,2,8,42,11,20,11,0,86,0,0,0,0,0,0,,,,100,100,a,,2026-09-14T14:30:07.387706Z,1.8,2810,17663,48399,272270,-1,-2,2.5,2.8,2.5,2.5,2.6,Spurs,5.3
494,Vicario,Guglielmo,Vicario,TOT,GK,45,0,0,0,0,0,0,0.00,0.00,0.00,0.00,0,0,0,0,0,0,0,0,0,0,0,0,0,0,,,,0,0,u,Has joined Juventus on loan for the rest of the season,2026-08-19T13:55:33.193962Z,0.1,0,816,0,22199,0,0,0.0,0.0,0.0,0.0,0.0,Spurs,4.5
495,Austin,Brandon,Austin,TOT,GK,40,0,0,0,0,0,0,0.00,0.00,0.00,0.00,0,0,0,0,0,0,0,0,0,0,0,0,0,0,,,,,,a,,,1.0,2352,2556,30003,22241,0,0,0.0,0.0,0.0,0.0,0.0,Spurs,4.0
496,Kinsky,Antonín,Kinský,TOT,GK,45,18,2,450,5,0,0,0.00,0.00,0.00,7.78,2,8,0,10,34,0,0,77,0,0,12,0,0,0,,,,,,a,,,17.0,23887,136513,353041,818740,0,0,4.5,3.6,4.5,4.5,4.0,Spurs,4.5
497,Dubravka,Martin,Dubravka,TOT,GK,40,0,0,0,0,0,0,0.00,0.00,0.00,0.00,0,0,0,0,0,0,0,0,0,0,0,0,0,0,,,,,,a,,,17.0,35978,59620,406617,452270,0,0,0.0,0.0,0.0,0.0,0.0,Spurs,4.0
498,Senesi,Marcos,Senesi Barón,TOT,DEF,58,3,0,90,1,0,0,0.00,0.02,0.02,3.87,0,3,16,11,2,5,0,10,0,0,0,0,0,0,,,,,,a,,,3.5,1435,24693,29579,461156,0,-2,0.0,3.0,0.0,0.0,0.5,Spurs,5.8
499,Pedro Porro,Pedro,Porro Sauceda,TOT,DEF,54,9,1,198,3,0,0,0.37,0.16,0.53,1.68,1,2,9,6,5,3,1,33,0,0,0,0,0,0,,1,1,75,100,d,Hamstring injury - 75% chance of playing,2026-09-19T12:00:08.823872Z,7.4,1828,89785,124602,1007533,0,-1,0.5,3.0,0.4,0.5,1.7,Spurs,5.4
500,Romero,Cristian,Romero,TOT,DEF,50,0,0,0,0,0,0,0.00,0.00,0.00,0.00,0,0,0,0,0,0,0,0,0,0,0,0,0,0,,,,0,0,u,Has joined Atletico Madrid permanently,2026-08-17T13:49:05.465401Z,0.1,0,325,0,16839,0,0,0.0,0.0,0.0,0.0,0.0,Spurs,5.0
502,Robertson,Andrew,Robertson,TOT,DEF,44,17,4,366,4,0,1,0.13,0.43,0.56,7.05,1,7,20,15,15,5,1,68,0,0,0,0,0,0,,6,,,,a,,,2.5,7654,16499,69326,187175,0,-1,5.5,3.4,5.5,5.5,3.9,Spurs,4.4
503,Van de Ven,Micky,van de Ven,TOT,DEF,50,16,1,360,4,0,0,0.59,0.05,0.64,3.91,2,5,29,24,17,5,3,69,1,0,0,0,0,0,,,,100,100,a,,2026-08-21T15:00:07.610517Z,3.8,7830,23627,96286,270868,0,0,3.5,4.0,3.5,3.5,3.2,Spurs,5.0
505,Spence,Djed,Spence,TOT,DEF,45,0,0,0,0,0,0,0.00,0.00,0.00,0.00,0,0,0,0,0,0,0,0,0,0,0,0,0,0,,,,0,0,u,Has joined Internazionale permanently,2026-08-18T14:13:08.454214Z,0.2,0,1359,0,69445,0,0,0.0,0.0,0.0,0.0,0.0,Spurs,4.5
506,Udogie,Destiny,Udogie,TOT,DEF,44,7,0,86,1,0,0,0.00,0.23,0.23,1.17,1,1,4,3,4,1,0,21,1,0,0,0,0,0,,,,100,100,a,,2026-09-11T18:00:09.092110Z,0.3,398,1871,5637,22701,0,-1,0.0,2.3,0.0,0.0,1.6,Spurs,4.4
507,Phillips,Ashley,Phillips,TOT,DEF,45,0,0,0,0,0,0,0.00,0.00,0.00,0.00,0,0,0,0,0,0,0,0,0,0,0,0,0,0,,,,0,0,u,Has joined Middlesbrough permanently,2026-08-18T14:13:08.474144Z,0.0,0,60,0,1275,0,0,0.0,0.0,0.0,0.0,0.0,Spurs,4.5
508,Davies,Ben,Davies,TOT,DEF,39,0,0,0,0,0,0,0.00,0.00,0.00,0.00,0,0,0,0,0,0,0,0,0,0,0,0,0,0,,,,,,a,,,0.9,8883,4844,20679,42287,-1,-1,0.0,0.0,0.0,0.0,0.0,Spurs,3.9
509,Byfield,Jun'ai,Byfield,TOT,DEF,40,0,0,0,0,0,0,0.00,0.00,0.00,0.00,0,0,0,0,0,0,0,0,0,0,0,0,0,0,,,,,,a,,,0.1,140,278,2355,2622,0,0,0.0,0.0,0.0,0.0,0.0,Spurs,4.0
510,Rowswell,James,Rowswell,TOT,DEF,40,0,0,0,0,0,0,0.00,0.00,0.00,0.00,0,0,0,0,0,0,0,0,0,0,0,0,0,0,,,,,,a,,,0.1,189,390,2918,3518,0,0,0.0,0.0,0.0,0.0,0.0,Spurs,4.0
511,Souza,João Victor,de Souza Menezes,TOT,DEF,40,0,0,0,0,0,0,0.00,0.00,0.00,0.00,0,0,0,0,0,0,0,0,0,0,0,0,0,0,,,,0,0,u,Has joined FC Porto on loan for the rest of the season,2026-09-01T13:24:26.858636Z,0.2,0,1048,2555,17034,0,0,0.0,0.0,0.0,0.0,0.0,Spurs,4.0
512,Kudus,Mohammed,Kudus,TOT,MID,65,7,4,123,0,0,1,0.11,0.42,0.53,1.46,0,3,14,0,11,3,0,49,0,0,0,0,0,0,3,7,6,100,100,a,,2026-07-23T12:01:23.848657Z,0.2,2904,1456,13698,11411,0,0,2.5,1.8,2.5,2.5,1.1,Spurs,6.5
513,Xavi,Xavi,Simons,TOT,MID,59,0,0,0,0,0,0,0.00,0.00,0.00,0.00,0,0,0,0,0,0,0,0,0,0,0,0,0,0,4,,2,0,0,i,Knee injury - Unknown return date,2026-07-23T12:01:23.864304Z,0.0,65,90,357,1131,0,-1,0.0,0.0,0.0,0.0,0.0,Spurs,5.9
514,Tel,Mathys,Tel,TOT,MID,57,8,0,257,3,0,0,0.21,0.23,0.44,5.55,1,4,13,1,11,1,0,41,0,0,0,0,0,0,,3,3,,,a,,,0.2,241,2305,9173,47122,-1,-3,0.5,2.0,0.5,0.5,1.4,Spurs,5.7
515,Maddison,James,Maddison,TOT,MID,63,3,1,59,0,0,0,0.06,0.04,0.10,1.03,0,2,11,3,4,4,0,18,0,0,0,0,0,0,,5,5,100,100,a,,2026-08-25T14:30:07.623508Z,0.4,936,2298,5985,96551,0,-2,1.0,1.0,1.0,1.0,0.5,Spurs,6.3
516,Bentancur,Rodrigo,Bentancur,TOT,MID,55,15,4,370,4,0,0,0.02,0.12,0.14,5.59,2,6,60,22,23,15,0,69,0,0,0,0,0,0,,,,,,a,,,0.2,495,967,5259,8624,0,0,3.5,3.0,3.5,3.5,2.7,Spurs,5.5
517,Odobert,Wilson,Odobert,TOT,MID,55,0,0,0,0,0,0,0.00,0.00,0.00,0.00,0,0,0,0,0,0,0,0,0,0,0,0,0,0,,,,0,0,i,Knee injury - Unknown return date,2026-07-23T12:01:23.879434Z,0.0,38,17,140,112,0,0,0.0,0.0,0.0,0.0,0.0,Spurs,5.5
518,P.M.Sarr,Pape Matar,Sarr,TOT,MID,49,0,0,0,0,0,0,0.00,0.00,0.00,0.00,0,0,0,0,0,0,0,0,0,0,0,0,0,0,,,,0,0,u,Has joined Juventus on loan for the rest of the season,2026-09-02T16:02:43.386849Z,0.1,0,778,4138,23845,0,-1,0.0,0.0,0.0,0.0,0.0,Spurs,4.9
519,Gallagher,Conor,Gallagher,TOT,MID,53,9,6,134,2,1,0,0.37,0.12,0.49,2.65,1,2,18,1,9,8,0,48,1,0,0,0,0,0,,,,,,a,,,0.2,928,809,4784,17197,0,-2,3.0,3.0,3.0,3.0,1.7,Spurs,5.3
520,Bergvall,Lucas,Bergvall,TOT,MID,53,3,1,78,1,0,0,0.06,0.27,0.33,2.21,0,2,13,1,9,3,0,13,0,0,0,0,0,0,,,,,,a,,,0.1,121,713,1901,9646,-1,-2,1.0,1.0,1.0,1.0,0.6,Spurs,5.3
521,Kulusevski,Dejan,Kulusevski,TOT,MID,65,0,0,0,0,0,0,0.00,0.00,0.00,0.00,0,0,0,0,0,0,0,0,0,0,0,0,0,0,,,,0,0,i,Knee injury - Unknown return date,2026-07-23T12:01:23.895175Z,0.0,122,88,428,753,0,0,0.0,0.0,0.0,0.0,0.0,Spurs,6.5
522,Gray,Archie,Gray,TOT,MID,49,9,2,307,3,0,0,0.23,0.05,0.28,6.11,1,7,27,10,12,5,0,51,0,0,0,0,0,0,,,,,,a,,,0.2,542,1415,6919,13586,0,-1,2.5,2.2,2.5,2.5,1.8,Spurs,4.9
523,Moore,Mikey,Moore,TOT,MID,50,3,0,89,1,0,0,0.40,0.02,0.42,3.26,0,4,3,0,2,1,0,11,0,0,0,0,0,0,,,,0,0,u,Has joined FC Köln on loan for the rest of the season,2026-09-04T12:39:48.098158Z,0.1,0,639,3258,17124,0,0,0.0,1.5,0.0,0.0,0.6,Spurs,5.0
524,Olusesi,Callum,Olusesi,TOT,MID,44,0,0,0,0,0,0,0.00,0.00,0.00,0.00,0,0,0,0,0,0,0,0,0,0,0,0,0,0,,,,,,a,,,1.0,6352,8425,55968,50270,0,-1,0.0,0.0,0.0,0.0,0.0,Spurs,4.4
525,Fernandes,Mateus,Fernandes,TOT,MID,57,7,1,249,3,0,0,0.19,0.28,0.47,4.43,1,4,21,2,12,7,0,50,1,0,0,0,0,0,,4,,,,a,,,0.8,564,7798,14545,125885,-1,-3,2.0,1.4,2.0,2.0,1.2,Spurs,5.7
526,Solanke,Dominic,Solanke-Mitchell,TOT,FWD,58,7,2,170,2,0,0,0.56,0.01,0.57,2.57,1,1,9,2,5,2,0,21,0,0,0,0,0,0,1,,,,,a,,,0.8,2508,6759,30055,95810,0,-2,2.0,1.4,2.0,2.0,1.2,Spurs,5.8
527,Richarlison,Richarlison,de Andrade,TOT,FWD,59,2,0,67,1,0,0,0.00,0.00,0.00,3.02,0,3,1,1,0,0,0,6,0,0,0,0,0,0,,,,0,0,u,not included in squad.,2026-09-04T12:32:39.183614Z,0.6,0,6730,21439,269213,0,-1,0.0,2.0,0.0,0.0,0.3,Spurs,5.9
528,Scarlett,Dane,Scarlett,TOT,FWD,45,0,0,0,0,0,0,0.00,0.00,0.00,0.00,0,0,0,0,0,0,0,0,0,0,0,0,0,0,,,,0,0,u,Has joined Leyton Orient permanently,2026-09-02T16:02:43.413625Z,1.1,0,9188,42525,110755,0,0,0.0,0.0,0.0,0.0,0.0,Spurs,4.5
578,Mudryk,Mykhailo,Mudryk,TOT,MID,53,1,0,16,0,0,0,0.00,0.00,0.00,0.16,0,0,0,0,0,0,0,3,0,0,0,0,0,0,,,,0,0,i,Ankle injury - Unknown return date,2026-09-11T18:00:09.154412Z,0.0,27,623,5447,7671,-1,-2,0.0,1.0,0.0,0.0,0.2,Spurs,5.3
601,Williams-Barnett,Luca,Williams-Barnett,TOT,MID,45,0,0,0,0,0,0,0.00,0.00,0.00,0.00,0,0,0,0,0,0,0,0,0,0,0,0,0,0,,,,,,a,,,0.1,189,827,10271,7110,0,0,0.0,0.0,0.0,0.0,0.0,Spurs,4.5
501,Danso,Kevin,Danso,SUN,DEF,50,3,0,270,3,0,0,0.07,0.17,0.24,5.91,0,8,20,19,11,1,0,7,0,0,0,0,0,0,,,,,,a,,,0.2,1383,948,6808,9985,0,0,0.5,1.0,0.5,0.5,0.6,Sunderland,5.0
529,Roefs,Robin,Roefs,SUN,GK,49,11,0,450,5,0,0,0.00,0.01,0.01,8.66,1,10,0,7,35,0,0,41,0,0,6,0,0,0,,,,,,a,,,2.4,2428,14313,22277,180438,0,-1,1.0,2.2,1.0,1.0,2.2,Sunderland,4.9
530,Patterson,Anthony,Patterson,SUN,GK,40,0,0,0,0,0,0,0.00,0.00,0.00,0.00,0,0,0,0,0,0,0,0,0,0,0,0,0,0,,,,0,0,u,Has joined Wrexham permanently,2026-08-12T14:08:03.064533Z,0.1,0,415,0,6067,0,0,0.0,0.0,0.0,0.0,0.0,Sunderland,4.0
531,Ellborg,Melker,Ellborg,SUN,GK,44,0,0,0,0,0,0,0.00,0.00,0.00,0.00,0,0,0,0,0,0,0,0,0,0,0,0,0,0,,,,,,a,,,0.1,162,305,1201,3386,-1,-1,0.0,0.0,0.0,0.0,0.0,Sunderland,4.4
532,Ballard,Daniel,Ballard,SUN,DEF,49,14,2,450,5,0,0,0.31,0.16,0.47,8.66,1,10,49,39,12,10,0,31,2,0,0,0,0,0,,,,75,,d,Hamstring injury - 75% chance of playing,2026-09-25T21:30:10.370384Z,2.4,3721,23949,45620,324517,0,-1,1.0,2.8,0.8,1.0,2.9,Sunderland,4.9
533,Mukiele,Nordi,Mukiele,SUN,DEF,54,13,0,360,4,0,0,0.75,0.28,1.03,6.86,1,8,48,35,16,13,1,44,1,0,0,0,0,0,,,,100,100,a,,2026-08-09T08:30:05.954750Z,1.9,6151,10502,45482,131607,0,-1,0.0,3.2,0.0,0.0,2.4,Sunderland,5.4
534,Hume,Trai,Hume,SUN,DEF,43,10,1,206,2,0,0,0.14,0.29,0.43,4.57,1,2,13,3,12,10,0,44,0,0,0,0,0,0,,3,,,,a,,,2.7,1447,35945,38073,403620,-1,-2,0.5,2.5,0.5,0.5,2.3,Sunderland,4.3
535,Alderete,Omar,Alderete,SUN,DEF,48,1,0,23,0,0,0,0.00,0.01,0.01,0.10,0,1,0,0,2,0,0,2,0,0,0,0,0,0,,,,100,100,a,,2026-08-09T08:30:05.962393Z,0.2,278,1276,5032,27552,-1,-2,0.0,1.0,0.0,0.0,0.2,Sunderland,4.8
536,Reinildo,Reinildo,Mandava,SUN,DEF,44,7,0,360,4,0,0,0.00,0.32,0.32,5.05,1,5,29,21,18,8,0,37,0,1,0,0,0,0,,,,100,0,a,,2026-09-12T21:30:09.421687Z,0.3,285,1770,4148,24570,-1,-1,-1.0,1.8,-1.0,0.0,1.6,Sunderland,4.4
537,Seelt,Jenson,Seelt,SUN,DEF,45,0,0,0,0,0,0,0.00,0.00,0.00,0.00,0,0,0,0,0,0,0,0,0,0,0,0,0,0,,,,0,0,u,Has joined Swansea City on loan for the rest of the season,2026-08-29T00:34:52.425076Z,0.0,0,27,61,669,0,0,0.0,0.0,0.0,0.0,0.0,Sunderland,4.5
538,Hjelde,Leo Fuhr,Hjelde,SUN,DEF,40,0,0,0,0,0,0,0.00,0.00,0.00,0.00,0,0,0,0,0,0,0,0,0,0,0,0,0,0,,,,0,0,u,Has joined KV Mechelen on loan for the rest of the season,2026-08-12T14:08:03.081789Z,0.0,0,184,0,2555,0,0,0.0,0.0,0.0,0.0,0.0,Sunderland,4.0
539,O'Nien,Luke,O'Nien,SUN,DEF,39,1,0,66,1,0,0,0.01,0.01,0.02,1.69,0,1,5,4,4,1,0,1,1,0,0,0,0,0,,,,,,a,,,2.5,20797,14430,35540,124330,-1,-1,0.0,1.0,0.0,0.0,0.3,Sunderland,3.9
540,Masuaku,Arthur,Masuaku,SUN,DEF,40,0,0,0,0,0,0,0.00,0.00,0.00,0.00,0,0,0,0,0,0,0,0,0,0,0,0,0,0,,,,0,0,u,Has joined Konyaspor permanently,2026-08-12T14:08:03.097784Z,0.1,0,728,0,11661,0,0,0.0,0.0,0.0,0.0,0.0,Sunderland,4.0
541,Meunier,Thomas,Meunier,SUN,DEF,45,14,3,396,5,0,1,0.34,0.58,0.92,5.94,1,8,20,16,15,4,0,42,0,0,0,0,0,0,,,,100,100,a,,2026-08-16T08:30:07.830062Z,0.3,2073,1153,7474,9905,0,0,2.5,2.8,2.5,2.5,3.1,Sunderland,4.5
542,E.Le Fée,Enzo,Le Fée,SUN,MID,57,18,5,438,5,1,1,2.06,1.34,3.40,8.46,1,9,21,3,11,7,1,90,0,0,0,0,1,0,2,1,3,,,a,,,3.3,14116,29949,47688,656524,-1,-3,2.5,3.6,2.5,2.5,3.2,Sunderland,5.7
543,Diarra,Habib,Diarra,SUN,MID,53,5,0,28,0,0,1,0.03,0.16,0.19,0.12,0,1,0,0,0,0,0,18,0,0,0,0,0,0,1,,,0,0,i,Hamstring injury - Unknown return date,2026-08-30T16:30:08.428960Z,0.0,21,271,559,5954,-1,-2,0.0,2.5,0.0,0.0,0.9,Sunderland,5.3
544,Xhaka,Granit,Xhaka,SUN,MID,55,21,2,450,5,0,1,0.06,1.32,1.38,8.66,1,10,54,12,33,9,5,116,2,0,0,0,0,0,,2,2,,,a,,,3.6,7486,27139,132018,212228,0,0,1.5,4.2,1.5,1.5,3.8,Sunderland,5.5
545,Sadiki,Noah,Sadiki,SUN,MID,49,10,2,410,5,0,0,0.44,0.24,0.68,6.47,1,9,29,11,12,6,0,75,1,0,0,0,0,0,,,,,,a,,,0.2,472,1637,5785,18662,0,-1,2.0,2.0,2.0,2.0,2.0,Sunderland,4.9
546,Adingra,Simon,Adingra,SUN,MID,49,0,0,0,0,0,0,0.00,0.00,0.00,0.00,0,0,0,0,0,0,0,0,0,0,0,0,0,0,,,,0,0,u,Has joined Ajax on loan for the rest of the season,2026-08-20T14:00:08.416985Z,0.0,0,217,240,7445,0,-1,0.0,0.0,0.0,0.0,0.0,Sunderland,4.9
547,Mundle,Romaine,Mundle,SUN,MID,49,1,0,1,0,0,0,0.17,0.00,0.17,0.09,0,0,1,1,0,0,0,2,0,0,0,0,0,0,,,,0,0,i,Knee injury - Unknown return date,2026-09-09T14:00:08.462705Z,0.0,11,60,202,678,0,-1,0.0,1.0,0.0,0.0,0.2,Sunderland,4.9
548,Rigg,Chris,Rigg,SUN,MID,49,2,0,17,0,0,0,0.00,0.00,0.00,0.44,0,1,1,0,1,0,0,6,0,0,0,0,0,0,,,,,,a,,,0.0,43,272,480,2892,0,-1,0.0,1.0,0.0,0.0,0.4,Sunderland,4.9
549,Talbi,Chemsdine,Talbi,SUN,MID,53,1,0,31,0,0,0,0.00,0.00,0.00,0.14,0,1,2,0,2,0,0,1,0,0,0,0,0,0,,,,,,a,,,0.1,130,656,1363,11876,0,-2,0.0,1.0,0.0,0.0,0.2,Sunderland,5.3
550,Jocelin.T,Djiamgone Jocelin Ta,Bi,SUN,MID,50,0,0,0,0,0,0,0.00,0.00,0.00,0.00,0,0,0,0,0,0,0,0,0,0,0,0,0,0,,,,,,a,,,0.0,50,52,324,433,0,0,0.0,0.0,0.0,0.0,0.0,Sunderland,5.0
551,N.Angulo,Nilson,Angulo,SUN,MID,50,16,4,313,5,1,1,0.60,0.13,0.73,4.56,1,7,24,5,14,5,0,67,1,0,0,0,0,0,,,1,,,a,,,0.1,621,901,12900,10689,0,0,3.0,3.2,3.0,3.0,3.2,Sunderland,5.0
552,Brobbey,Brian,Brobbey,SUN,FWD,57,24,17,399,5,3,0,2.94,0.11,3.05,8.18,1,9,11,1,10,0,3,113,1,0,0,0,0,0,,,,75,,d,Hamstring injury - 75% chance of playing,2026-09-24T21:30:10.382142Z,6.8,201890,63793,293348,949965,-1,-3,9.0,4.8,6.8,9.0,4.2,Sunderland,5.7
553,Isidor,Wilson,Isidor,SUN,FWD,55,15,1,117,0,1,1,1.49,0.01,1.50,3.78,0,3,5,0,3,2,3,51,0,0,0,0,0,0,,,,,,a,,,1.3,4663,13185,96965,88339,0,0,1.0,3.0,1.0,1.0,2.7,Sunderland,5.5
612,Methalie,Dayann,Méthalie,SUN,DEF,45,-1,-1,90,1,0,0,0.03,0.01,0.04,2.82,0,5,3,2,4,1,0,-8,1,0,0,0,0,0,,,,100,100,a,,2026-08-28T13:00:08.950445Z,0.0,136,79,925,505,0,0,-0.5,-1.0,-0.5,-0.5,-0.2,Sunderland,4.5
613,Ahoka,Jules,Ahoka,SUN,MID,45,0,0,0,0,0,0,0.00,0.00,0.00,0.00,0,0,0,0,0,0,0,0,0,0,0,0,0,0,,,,,,a,,,0.2,663,1781,25458,14479,0,0,0.0,0.0,0.0,0.0,0.0,Sunderland,4.5
646,Fofana,Malick,Fofana,SUN,MID,55,3,1,60,0,0,0,0.39,0.01,0.40,3.25,0,2,3,0,2,1,0,11,0,0,0,0,0,0,,,,,,a,,,0.0,375,337,4111,1765,0,0,1.0,1.0,1.0,1.0,0.5,Sunderland,5.5
651,J.Angulo,Juan,Angulo,SUN,FWD,45,0,0,0,0,0,0,0.00,0.00,0.00,0.00,0,0,0,0,0,0,0,0,0,0,0,0,0,0,,,,,,a,,,0.7,10541,8224,92409,31239,0,0,0.0,0.0,0.0,0.0,0.0,Sunderland,4.5
