id,round,opponent_team,was_home,minutes,total_points,goals_scored,assists,clean_sheets,goals_conceded,bonus,bps,yellow_cards,expected_goals,expected_assists,expected_goal_involvements,expected_goals_conceded,defensive_contribution,value,selected,transfers_in,transfers_out
1,1,7,True,90,6,0,0,1,0,0,24,0,0.00,0.00,0.00,0.20,0,60,3347153,0,0
1,2,2,False,90,6,0,0,1,0,0,21,0,0.00,0.00,0.00,0.33,0,60,3801300,106734,81978
1,3,6,True,90,3,0,0,0,1,0,15,0,0.00,0.01,0.01,0.39,0,60,3887669,204948,228728
1,4,20,False,90,14,0,0,1,0,3,38,0,0.00,0.00,0.00,1.80,0,60,4195206,249119,214670
1,5,5,False,90,1,0,0,0,3,0,6,0,0.00,0.00,0.00,1.31,0,60,4487209,279598,67028
4,1,7,True,90,5,0,0,1,0,0,21,1,0.05,0.01,0.06,0.20,4,80,2647984,0,0
4,2,2,False,90,8,0,0,1,0,0,23,0,0.13,0.02,0.15,0.33,10,80,2878770,58765,124108
4,3,6,True,90,2,0,0,0,1,0,10,0,0.31,0.02,0.33,0.39,7,80,2590027,46883,345642
4,4,20,False,90,9,0,0,1,0,2,30,1,0.02,0.01,0.03,1.80,11,80,2549738,56562,254329
4,5,5,False,90,1,0,0,0,3,0,6,0,0.00,0.14,0.14,1.31,9,80,2494884,48033,118812
5,1,7,True,0,0,0,0,0,0,0,0,0,0.00,0.00,0.00,0.00,0,65,11200,0,0
5,2,2,False,0,0,0,0,0,0,0,0,0,0.00,0.00,0.00,0.00,0,65,9810,401,3104
5,3,6,True,0,0,0,0,0,0,0,0,0,0.00,0.00,0.00,0.00,0,65,8594,549,2441
5,4,20,False,45,1,0,0,0,0,0,3,0,0.00,0.01,0.01,1.57,3,65,8281,618,1390
5,5,5,False,59,0,0,0,0,3,0,-6,0,0.00,0.02,0.02,0.61,2,65,32012,20088,3818
7,1,7,True,90,3,0,0,1,0,0,15,0,0.06,0.11,0.17,0.20,7,55,55656,0,0
7,2,2,False,70,3,0,0,1,0,0,15,0,0.07,0.02,0.09,0.33,5,55,70615,9693,9051
7,3,6,True,66,2,0,0,0,1,0,5,0,0.03,0.10,0.13,0.26,2,55,71335,8849,13490
7,4,20,False,45,1,0,0,0,0,0,2,0,0.00,0.00,0.00,0.23,0,55,70499,6908,11120
7,5,5,False,0,0,0,0,0,0,0,0,0,0.00,0.00,0.00,0.00,0,55,64229,3227,11143
8,1,7,True,80,9,0,1,1,0,0,31,0,0.04,0.09,0.13,0.06,5,55,3542684,0,0
8,2,2,False,90,11,0,1,1,0,2,30,0,0.11,0.46,0.57,0.33,3,56,4150694,310105,41633
8,3,6,True,66,2,0,0,0,1,0,0,0,0.39,0.03,0.42,0.26,1,57,4639050,515479,118556
8,4,20,False,90,6,0,0,1,0,0,18,0,0.06,0.01,0.07,1.80,4,58,5296821,487524,94715
8,5,5,False,90,1,0,0,0,3,0,-3,0,0.07,0.03,0.10,1.31,5,58,5451521,266900,83603
9,1,7,True,9,1,0,0,0,0,0,3,0,0.00,0.00,0.00,0.15,0,55,165924,0,0
9,2,2,False,0,0,0,0,0,0,0,0,0,0.00,0.00,0.00,0.00,0,54,145234,3910,41046
9,3,6,True,23,1,0,0,0,0,0,3,0,0.00,0.00,0.00,0.13,3,54,119369,4425,35641
9,4,20,False,0,0,0,0,0,0,0,0,0,0.00,0.00,0.00,0.00,0,53,109174,3925,19376
9,5,5,False,0,0,0,0,0,0,0,0,0,0.00,0.00,0.00,0.00,0,53,98376,2559,15648
10,1,7,True,90,11,0,1,1,0,2,37,0,0.18,0.21,0.39,0.20,5,55,401419,0,0
10,2,2,False,90,7,0,0,1,0,1,26,0,0.00,0.05,0.05,0.33,4,55,683136,144941,25055
10,3,6,True,90,2,0,0,0,1,0,11,0,0.00,0.03,0.03,0.39,6,55,745511,163295,117376
10,4,20,False,45,1,0,0,0,0,0,4,0,0.00,0.00,0.00,0.23,3,55,815166,123355,116956
10,5,5,False,0,0,0,0,0,0,0,0,0,0.00,0.00,0.00,0.00,0,55,573621,21167,239394
11,1,7,True,90,6,0,0,1,0,0,27,0,0.00,0.00,0.00,0.20,6,55,571606,0,0
11,2,2,False,78,6,0,0,1,0,0,25,0,0.00,0.01,0.01,0.33,4,55,566006,15410,45949
11,3,6,True,0,0,0,0,0,0,0,0,0,0.00,0.00,0.00,0.00,0,55,438589,13546,128368
11,4,20,False,0,0,0,0,0,0,0,0,0,0.00,0.00,0.00,0.00,0,54,248830,733,202535
11,5,5,False,0,0,0,0,0,0,0,0,0,0.00,0.00,0.00,0.00,0,53,181804,476,81877
12,1,7,True,67,9,1,0,1,0,1,36,0,0.64,0.08,0.72,0.06,7,95,819914,0,0
12,2,2,False,90,11,1,0,1,0,3,46,0,0.63,0.04,0.67,0.33,11,95,1039189,88913,35230
12,3,6,True,89,2,0,0,0,1,0,13,0,0.23,0.23,0.46,0.39,4,95,1160318,156377,101286
12,4,20,False,90,8,1,0,1,0,0,28,0,1.38,0.08,1.46,1.80,7,95,1257689,213086,148406
12,5,5,False,80,2,0,0,0,3,0,14,0,0.34,0.55,0.89,1.00,2,95,1461185,221246,64929
13,1,7,True,67,3,0,0,1,0,0,10,0,0.07,0.08,0.15,0.06,6,75,1604406,0,0
13,2,2,False,84,5,0,0,1,0,0,19,0,0.00,0.10,0.10,0.33,12,75,1662633,35487,157722
13,3,6,True,90,5,0,1,0,1,0,22,0,0.03,0.08,0.11,0.39,6,75,1465517,21785,248891
13,4,20,False,80,6,0,1,1,0,0,27,0,0.00,0.37,0.37,1.41,10,74,1379844,25889,152556
13,5,5,False,90,1,0,0,0,3,0,13,1,0.02,0.06,0.08,1.31,8,74,1344452,28685,83505
14,1,7,True,14,1,0,0,0,0,0,4,0,0.04,0.00,0.04,0.15,2,65,188164,0,0
14,2,2,False,45,1,0,0,0,0,0,6,0,0.00,0.07,0.07,0.24,3,65,169814,5716,44492
14,3,6,True,0,0,0,0,0,0,0,0,0,0.00,0.00,0.00,0.00,0,64,146059,8271,40572
14,4,20,False,9,1,0,0,0,0,0,3,0,0.00,0.00,0.00,0.40,0,63,125433,3906,29739
14,5,5,False,17,1,0,0,0,0,0,5,0,0.00,0.02,0.02,0.54,0,63,113499,3026,18041
15,1,7,True,75,11,1,0,1,0,3,41,0,0.21,0.10,0.31,0.06,8,65,717252,0,0
15,2,2,False,70,3,0,0,1,0,0,13,0,0.08,0.07,0.15,0.33,5,66,1174125,289559,36860
15,3,6,True,76,10,1,0,0,1,3,47,0,0.72,0.88,1.60,0.27,3,66,1130521,119653,172602
15,4,20,False,84,3,0,0,1,0,0,26,0,0.00,0.25,0.25,1.80,5,67,2036643,820232,117959
15,5,5,False,72,2,0,0,0,3,0,10,0,0.07,0.02,0.09,0.77,2,68,2167651,326276,132028
16,1,7,True,22,1,0,0,0,0,0,8,0,0.00,0.04,0.04,0.15,2,65,30442,0,0
16,2,2,False,0,0,0,0,0,0,0,0,0,0.00,0.00,0.00,0.00,0,64,29476,1412,8231
16,3,6,True,1,1,0,0,0,0,0,3,0,0.00,0.01,0.01,0.00,1,63,24885,1276,8073
16,4,20,False,0,0,0,0,0,0,0,0,0,0.00,0.00,0.00,0.00,0,63,23695,1399,4480
16,5,5,False,0,0,0,0,0,0,0,0,0,0.00,0.00,0.00,0.00,0,62,22229,1193,3636
17,1,7,True,14,1,0,0,0,0,0,5,0,0.14,0.02,0.16,0.15,2,60,62671,0,0
17,2,2,False,19,1,0,0,0,0,0,7,0,0.00,0.00,0.00,0.00,4,60,58253,2422,15257
17,3,6,True,13,0,0,0,0,0,0,0,1,0.00,0.00,0.00,0.11,0,59,51449,3061,13869
17,4,20,False,5,1,0,0,0,0,0,3,0,0.00,0.00,0.00,0.00,0,58,46215,1909,9850
17,5,5,False,30,1,0,0,0,0,0,4,0,0.00,0.13,0.13,0.70,4,58,42609,1345,6314
19,1,7,True,22,1,0,0,0,0,0,3,0,0.00,0.02,0.02,0.15,3,55,107568,0,0
19,2,2,False,5,1,0,0,0,0,0,5,0,0.00,0.00,0.00,0.00,2,55,94430,1579,20592
19,3,6,True,23,1,0,0,0,0,0,1,0,0.08,0.02,0.10,0.13,4,54,80922,3485,20017
19,4,20,False,9,1,0,0,0,0,0,5,0,0.00,0.00,0.00,0.40,2,54,71283,1507,12972
19,5,5,False,30,1,0,0,0,0,0,2,0,0.13,0.00,0.13,0.70,1,53,64585,1444,9362
20,1,7,True,0,0,0,0,0,0,0,0,0,0.00,0.00,0.00,0.00,0,55,8920,0,0
20,2,2,False,0,0,0,0,0,0,0,0,0,0.00,0.00,0.00,0.00,0,54,8233,473,2330
20,3,6,True,0,0,0,0,0,0,0,0,0,0.00,0.00,0.00,0.00,0,54,7381,608,1997
20,4,20,False,0,0,0,0,0,0,0,0,0,0.00,0.00,0.00,0.00,0,53,7072,629,1342
20,5,5,False,9,1,0,0,0,0,0,4,0,0.00,0.08,0.08,0.31,0,53,7252,878,1050
25,1,7,True,0,0,0,0,0,0,0,0,0,0.00,0.00,0.00,0.00,0,75,816962,0,0
25,2,2,False,0,0,0,0,0,0,0,0,0,0.00,0.00,0.00,0.00,0,74,650596,8776,238129
25,3,6,True,12,1,0,0,0,0,0,2,0,0.00,0.00,0.00,0.11,1,73,466852,8161,200991
25,4,20,False,0,0,0,0,0,0,0,0,0,0.00,0.00,0.00,0.00,0,72,388876,6130,98178
25,5,5,False,17,1,0,0,0,0,0,5,0,0.00,0.23,0.23,0.54,0,72,342393,5156,57026
26,1,7,True,90,6,1,0,1,0,0,34,0,0.26,0.03,0.29,0.20,2,75,468616,0,0
26,2,2,False,90,2,0,0,1,0,0,5,0,0.02,0.03,0.05,0.33,5,75,752082,187608,38825
26,3,6,True,77,8,1,0,0,1,2,38,0,0.27,0.27,0.54,0.27,1,75,686572,72519,141389
26,4,20,False,90,1,0,0,1,0,0,0,1,0.34,0.02,0.36,1.80,2,75,871717,195764,77287
26,5,5,False,90,2,0,0,0,3,0,5,0,0.78,0.02,0.80,1.31,3,76,915557,147342,102971
31,1,7,True,0,0,0,0,0,0,0,0,0,0.00,0.00,0.00,0.00,0,45,1206127,0,0
31,2,2,False,11,1,0,0,0,0,0,3,0,0.00,0.00,0.00,0.00,1,45,1061562,49821,229587
31,3,6,True,90,4,0,0,0,1,0,15,0,0.00,0.01,0.01,0.39,10,44,1139279,270872,199146
31,4,20,False,90,6,0,0,1,0,0,16,0,0.00,0.00,0.00,1.80,8,45,1867300,709520,96845
31,5,5,False,90,1,0,0,0,3,0,2,0,0.23,0.01,0.24,1.31,4,45,2062931,343094,65530
452,1,7,True,0,0,0,0,0,0,0,0,0,0.00,0.00,0.00,0.00,0,70,391151,0,0
452,2,2,False,19,1,0,0,0,0,0,4,0,0.00,0.01,0.01,0.00,3,69,265263,850,126555
452,3,6,True,0,0,0,0,0,0,0,0,0,0.00,0.00,0.00,0.00,0,68,212586,5546,62782
452,4,20,False,45,7,1,0,0,0,1,29,0,0.09,0.14,0.23,1.57,3,68,181073,2351,37853
452,5,5,False,59,1,0,0,0,3,0,12,0,0.00,0.01,0.01,0.61,6,67,192568,16199,9883
557,1,7,True,75,6,0,1,1,0,0,30,0,0.19,0.14,0.33,0.06,6,65,2247384,0,0
557,2,2,False,45,0,0,0,0,0,0,1,1,0.00,0.01,0.01,0.10,3,65,2597617,236687,55700
557,3,6,True,90,5,0,1,0,1,1,31,1,0.00,0.20,0.20,0.39,8,65,1889271,91384,693324
557,4,20,False,80,3,0,0,1,0,0,10,0,0.00,0.13,0.13,1.41,3,64,1659753,82691,411246
557,5,5,False,72,2,0,0,0,3,0,9,0,0.00,0.07,0.07,0.77,3,64,1417272,39605,302938
29,1,5,False,90,1,0,0,0,4,0,1,0,0.00,0.00,0.00,3.77,0,45,10183,0,0
29,2,1,True,0,0,0,0,0,0,0,0,0,0.00,0.00,0.00,0.00,0,45,13320,845,881
29,3,11,False,0,0,0,0,0,0,0,0,0,0.00,0.00,0.00,0.00,0,45,14920,2306,2375
29,4,18,True,0,0,0,0,0,0,0,0,0,0.00,0.00,0.00,0.00,0,45,14214,1027,1628
29,5,19,False,0,0,0,0,0,0,0,0,0,0.00,0.00,0.00,0.00,0,45,13259,416,1492
32,1,5,False,90,-1,0,0,0,4,0,-8,1,0.00,0.00,0.00,3.77,7,45,789072,0,0
32,2,1,True,77,2,0,0,0,1,0,8,0,0.15,0.01,0.16,1.04,6,45,749133,26978,106327
32,3,11,False,84,6,0,0,1,0,0,23,0,0.00,0.03,0.03,0.22,1,45,731987,41628,77307
32,4,18,True,0,0,0,0,0,0,0,0,0,0.00,0.00,0.00,0.00,0,45,641566,18781,99663
32,5,19,False,45,-1,0,0,0,2,0,-7,1,0.00,0.00,0.00,0.92,3,44,542880,5264,110692
33,1,5,False,16,1,0,0,0,0,0,5,0,0.00,0.00,0.00,0.22,1,45,29034,0,0
33,2,1,True,0,0,0,0,0,0,0,0,0,0.00,0.00,0.00,0.00,0,45,38144,3253,3507
33,3,11,False,90,6,0,0,1,0,0,28,0,0.11,0.02,0.13,0.57,5,45,38099,2622,4836
33,4,18,True,65,0,0,0,0,2,0,0,1,0.09,0.00,0.09,2.08,5,45,43024,5312,2524
33,5,19,False,90,3,0,0,0,2,0,10,0,0.00,0.00,0.00,1.56,13,45,41769,3533,5157
34,1,5,False,73,0,0,0,0,4,0,-14,0,0.00,0.00,0.00,3.55,5,45,38472,0,0
34,2,1,True,90,2,0,0,0,1,0,6,0,0.00,0.01,0.01,1.04,4,45,41549,1831,5060
34,3,11,False,0,0,0,0,0,0,0,0,0,0.00,0.00,0.00,0.00,0,45,46943,5255,4336
34,4,18,True,24,1,0,0,0,0,0,4,0,0.00,0.00,0.00,0.20,0,45,43964,3870,5587
34,5,19,False,0,0,0,0,0,0,0,0,0,0.00,0.00,0.00,0.00,0,45,34289,237,9375
35,1,5,False,16,1,0,0,0,0,0,3,0,0.00,0.00,0.00,0.22,1,50,5822,0,0
35,2,1,True,0,0,0,0,0,0,0,0,0,0.00,0.00,0.00,0.00,0,50,6973,636,985
35,3,11,False,0,0,0,0,0,0,0,0,0,0.00,0.00,0.00,0.00,0,50,7284,945,1256
35,4,18,True,0,0,0,0,0,0,0,0,0,0.00,0.00,0.00,0.00,0,50,7155,686,1126
35,5,19,False,0,0,0,0,0,0,0,0,0,0.00,0.00,0.00,0.00,0,50,6803,474,961
36,1,5,False,81,0,0,0,0,4,0,-9,0,0.03,0.00,0.03,3.62,9,45,71952,0,0
36,2,1,True,90,1,0,0,0,1,0,-5,1,0.07,0.00,0.07,1.04,8,45,72655,2546,8858
36,3,11,False,74,7,0,0,1,0,1,29,0,0.00,0.42,0.42,0.22,3,45,83194,11292,8625
36,4,18,True,90,1,0,0,0,2,0,7,0,0.18,0.03,0.21,1.66,4,45,92419,17456,7012
36,5,19,False,0,0,0,0,0,0,0,0,0,0.00,0.00,0.00,0.00,0,45,58351,548,31243
37,1,5,False,90,-2,0,0,0,4,0,-13,0,0.00,0.00,0.00,3.77,3,45,24630,0,0
37,2,1,True,90,2,0,0,0,1,0,10,0,0.00,0.08,0.08,1.04,7,45,27172,1775,4011
37,3,11,False,90,6,0,0,1,0,0,28,0,0.00,0.08,0.08,0.57,4,45,29725,3211,2995
37,4,18,True,90,1,0,0,0,2,0,2,0,0.44,0.01,0.45,2.28,2,45,33974,5112,2100
37,5,19,False,90,1,0,0,0,2,0,1,0,0.00,0.00,0.00,1.56,6,45,33907,3502,3917
41,1,5,False,85,2,0,0,0,4,0,4,0,0.13,0.09,0.22,3.62,7,60,120830,0,0
41,2,1,True,90,2,0,0,0,1,0,9,0,0.04,0.02,0.06,1.04,5,60,114718,5020,21886
41,3,11,False,74,3,0,0,1,0,0,2,0,0.61,0.05,0.66,0.22,2,60,128636,20598,24117
41,4,18,True,62,2,0,0,0,1,0,8,0,0.00,0.01,0.01,1.42,5,59,111856,15961,21861
41,5,19,False,90,12,1,0,0,2,3,50,0,0.14,0.07,0.21,1.56,15,59,94622,6405,23281
45,1,5,False,81,1,0,0,0,4,0,8,1,0.04,0.01,0.05,3.62,6,55,290994,0,0
45,2,1,True,90,1,0,0,0,1,0,2,1,0.05,0.05,0.10,1.04,4,55,274653,7606,44653
45,3,11,False,90,3,0,0,1,0,0,6,0,0.68,0.03,0.71,0.57,5,54,252885,16891,44482
45,4,18,True,90,6,0,1,0,2,1,30,0,0.00,0.11,0.11,2.28,9,54,243800,20520,33241
45,5,19,False,83,6,0,1,1,0,0,19,0,0.00,0.04,0.04,0.78,6,54,240695,18814,24586
46,1,5,False,73,2,0,0,0,4,0,11,0,0.10,0.02,0.12,3.55,1,50,20508,0,0
46,2,1,True,77,2,0,0,0,1,0,23,0,0.03,0.02,0.05,1.04,10,50,23246,1875,2716
46,3,11,False,90,3,0,0,1,0,0,15,0,0.22,0.09,0.31,0.57,6,50,27497,5744,4009
46,4,18,True,62,2,0,0,0,1,0,14,0,0.03,0.01,0.04,1.42,7,50,29642,5244,3748
46,5,19,False,6,1,0,0,0,2,0,3,0,0.00,0.00,0.00,0.78,4,50,28594,2694,4004
47,1,5,False,90,2,0,0,0,4,0,9,0,0.00,0.00,0.00,3.77,7,50,31172,0,0
47,2,1,True,90,2,0,0,0,1,0,13,0,0.00,0.03,0.03,1.04,8,50,33591,2489,4739
47,3,11,False,90,3,0,0,1,0,0,20,0,0.00,0.07,0.07,0.57,10,50,35132,5061,5781
47,4,18,True,90,2,0,0,0,2,0,17,0,0.00,0.05,0.05,2.28,5,50,34935,3671,4694
47,5,19,False,83,6,0,1,1,0,0,26,0,0.12,0.01,0.13,0.78,6,50,32641,1988,4734
51,1,5,False,90,2,0,0,0,4,0,12,0,0.00,0.00,0.00,3.77,5,45,60759,0,0
51,2,1,True,70,2,0,0,0,1,0,5,0,0.00,0.01,0.01,1.01,6,45,72550,8743,5484
51,3,11,False,74,3,0,0,1,0,0,12,0,0.07,0.14,0.21,0.22,7,45,110782,36405,14435
51,4,18,True,45,1,0,0,0,0,0,3,0,0.00,0.01,0.01,0.39,1,45,147009,53459,22740
51,5,19,False,18,1,0,0,0,2,0,2,0,0.00,0.00,0.00,0.87,0,45,135094,14076,17274
52,1,5,False,8,1,0,0,0,0,0,5,0,0.00,0.00,0.00,0.14,3,50,3792,0,0
52,2,1,True,19,0,0,0,0,0,0,2,1,0.00,0.00,0.00,0.02,2,50,4426,343,596
52,3,11,False,15,1,0,0,0,0,0,3,0,0.00,0.00,0.00,0.35,1,50,4733,827,929
52,4,18,True,45,6,1,0,0,2,0,24,0,0.06,0.00,0.06,1.89,2,50,4724,508,713
52,5,19,False,0,0,0,0,0,0,0,0,0,0.00,0.00,0.00,0.00,0,50,6101,1608,625
53,1,5,False,0,0,0,0,0,0,0,0,0,0.00,0.00,0.00,0.00,0,60,26624,0,0
53,2,1,True,0,0,0,0,0,0,0,0,0,0.00,0.00,0.00,0.00,0,60,18618,232,8790
53,3,11,False,0,0,0,0,0,0,0,0,0,0.00,0.00,0.00,0.00,0,59,14230,341,5049
53,4,18,True,27,1,0,0,0,1,0,3,0,0.00,0.08,0.08,0.86,2,59,13307,570,1790
53,5,19,False,71,13,1,1,1,0,2,45,0,0.44,0.16,0.60,0.68,7,59,14639,1843,990
54,1,5,False,39,-2,0,0,0,4,0,-2,0,0.00,0.01,0.01,2.58,7,55,6573,0,0
54,2,1,True,0,0,0,0,0,0,0,0,0,0.00,0.00,0.00,0.00,0,55,5096,154,1883
54,3,11,False,0,0,0,0,0,0,0,0,0,0.00,0.00,0.00,0.00,0,55,4112,90,1185
54,4,18,True,0,0,0,0,0,0,0,0,0,0.00,0.00,0.00,0.00,0,55,3819,131,514
54,5,19,False,90,4,0,0,0,2,0,13,0,0.00,0.02,0.02,1.56,13,55,4213,464,327
56,1,5,False,0,0,0,0,0,0,0,0,0,0.00,0.00,0.00,0.00,0,55,11764,0,0
56,2,1,True,19,1,0,0,0,0,0,3,0,0.00,0.00,0.00,0.02,0,55,10592,597,2683
56,3,11,False,5,1,0,0,0,0,0,3,0,0.00,0.00,0.00,0.35,1,55,14917,4925,2751
56,4,18,True,45,1,0,0,0,2,0,4,0,0.00,0.00,0.00,1.89,1,55,17325,4186,2817
56,5,19,False,2,1,0,0,0,1,0,3,0,0.00,0.00,0.00,0.43,0,55,19806,4340,2925
160,1,5,False,4,1,0,0,0,0,0,2,0,0.00,0.00,0.00,0.14,0,60,54802,0,0
160,2,1,True,12,1,0,0,0,0,0,3,0,0.00,0.00,0.00,0.00,2,60,53506,2021,10575
160,3,11,False,15,1,0,0,0,0,0,4,0,0.00,0.00,0.00,0.35,0,59,46064,2557,12081
160,4,18,True,0,0,0,0,0,0,0,0,0,0.00,0.00,0.00,0.00,0,59,40475,1531,8756
160,5,19,False,0,0,0,0,0,0,0,0,0,0.00,0.00,0.00,0.00,0,58,35129,839,7041
166,1,10,False,0,0,0,0,0,0,0,0,0,0.00,0.00,0.00,0.00,0,65,29435,0,0
166,2,1,True,70,2,0,0,0,1,0,11,0,0.00,0.10,0.10,1.01,3,65,63340,26989,5175
166,3,11,False,84,2,0,0,1,0,0,10,0,0.24,0.44,0.68,0.22,2,65,115958,46877,9043
166,4,18,True,45,0,0,0,0,0,0,0,1,0.00,0.04,0.04,0.39,0,65,143354,47223,18366
166,5,19,False,87,6,1,0,0,1,1,31,1,0.44,0.02,0.46,1.13,4,65,125508,18834,36139
596,1,5,False,8,1,0,0,0,0,0,3,0,0.00,0.00,0.00,0.14,2,45,7884,0,0
596,2,1,True,0,0,0,0,0,0,0,0,0,0.00,0.00,0.00,0.00,0,45,10673,856,1099
596,3,11,False,15,1,0,0,0,0,0,3,0,0.00,0.01,0.01,0.35,1,45,10240,736,1726
596,4,18,True,0,0,0,0,0,0,0,0,0,0.00,0.00,0.00,0.00,0,45,9485,272,1265
596,5,19,False,90,3,0,0,0,2,0,11,0,0.03,0.01,0.04,1.56,13,45,9272,779,1174
597,1,5,False,0,0,0,0,0,0,0,0,0,0.00,0.00,0.00,0.00,0,50,61739,0,0
597,2,1,True,90,2,0,0,0,1,0,8,0,0.00,0.00,0.00,1.04,0,50,82325,4229,6771
597,3,11,False,90,10,0,0,1,0,3,38,0,0.00,0.00,0.00,0.57,0,50,144003,33094,11274
597,4,18,True,90,2,0,0,0,2,0,17,0,0.00,0.01,0.01,2.28,0,50,206678,83655,19004
597,5,19,False,90,2,0,0,0,2,0,17,0,0.00,0.00,0.00,1.56,0,50,196011,16586,18810
611,2,1,True,12,1,0,0,0,0,0,4,0,0.00,0.00,0.00,0.00,2,45,4588,1549,166
611,3,11,False,5,1,0,0,0,0,0,3,0,0.00,0.00,0.00,0.35,1,45,15829,6633,1621
611,4,18,True,90,3,0,0,0,2,0,11,0,0.00,0.06,0.06,2.28,12,45,19667,4076,2234
611,5,19,False,45,1,0,0,0,0,0,6,0,0.00,0.01,0.01,0.64,6,45,23660,4595,2312
631,3,11,False,0,0,0,0,0,0,0,0,0,0.00,0.00,0.00,0.00,0,60,4421,4056,630
631,4,18,True,27,1,0,0,0,1,0,6,0,0.02,0.13,0.15,0.86,2,60,5917,2787,1580
631,5,19,False,6,1,0,0,0,2,0,2,0,0.00,0.00,0.00,0.78,0,60,7570,2665,1471
57,1,15,False,90,2,0,0,0,2,0,13,0,0.00,0.00,0.00,2.25,0,45,288326,0,0
57,2,9,True,90,3,0,0,0,1,0,20,0,0.00,0.00,0.00,1.84,0,45,332768,25378,14053
57,3,17,False,90,1,0,0,0,2,0,0,0,0.00,0.00,0.00,0.71,0,45,349425,45982,34952
57,4,4,True,90,1,0,0,0,2,0,0,0,0.00,0.00,0.00,0.50,0,45,346097,27504,37126
57,5,14,True,90,2,0,0,0,1,0,12,0,0.00,0.00,0.00,1.65,0,45,325591,7119,26540
60,1,15,False,90,1,0,0,0,2,0,0,0,0.00,0.00,0.00,2.25,6,55,72436,0,0
60,2,9,True,90,4,0,0,0,1,0,19,0,0.00,0.74,0.74,1.84,12,55,89428,9153,6741
60,3,17,False,90,1,0,0,0,2,0,4,0,0.00,0.02,0.02,0.71,6,55,87381,7094,11668
60,4,4,True,90,2,0,0,0,2,0,5,1,0.00,0.01,0.01,0.50,11,55,89044,8173,10555
60,5,14,True,90,4,0,0,0,1,0,15,0,0.00,0.02,0.02,1.65,15,55,80776,3321,11630
61,1,15,False,90,1,0,0,0,2,0,0,0,0.00,0.00,0.00,2.25,7,55,392050,0,0
61,2,9,True,90,4,0,0,0,1,2,27,0,0.00,0.07,0.07,1.84,9,55,417325,20601,25821
61,3,17,False,90,0,0,0,0,2,0,-3,1,0.01,0.06,0.07,0.71,6,55,387734,11879,42084
61,4,4,True,90,3,0,0,0,2,0,23,0,0.08,0.10,0.18,0.50,16,55,362027,12869,45880
61,5,14,True,90,2,0,0,0,1,0,6,0,0.02,0.06,0.08,1.65,7,55,334232,6520,34498
64,1,15,False,90,1,0,0,0,2,0,4,0,0.00,0.00,0.00,2.25,5,45,8561,0,0
64,2,9,True,90,1,0,0,0,1,0,5,1,0.00,0.02,0.02,1.84,6,45,13789,2845,1018
64,3,17,False,90,0,0,0,0,2,0,3,1,0.01,0.04,0.05,0.71,4,45,13869,1630,2091
64,4,4,True,90,0,0,0,0,2,0,-1,1,0.00,0.01,0.01,0.50,6,45,14155,1505,1738
64,5,14,True,74,2,0,0,0,1,0,3,0,0.00,0.02,0.02,1.40,0,45,13093,818,1981
67,1,15,False,88,2,0,0,0,1,0,9,0,0.04,0.03,0.07,2.06,1,65,242374,0,0
67,2,9,True,90,2,0,0,0,1,0,4,0,0.40,0.02,0.42,1.84,5,65,276541,23680,22179
67,3,17,False,88,2,0,0,0,2,0,8,0,0.04,0.01,0.05,0.66,2,65,230133,11708,60024
67,4,4,True,81,2,0,0,0,2,0,7,0,0.39,0.02,0.41,0.39,3,64,202880,8549,41933
67,5,14,True,87,2,0,0,0,1,0,17,0,0.00,0.35,0.35,1.40,4,64,173374,4733,35360
68,1,15,False,90,10,1,0,0,2,3,32,0,0.40,0.08,0.48,2.25,8,60,139421,0,0
68,2,9,True,90,1,0,0,0,1,0,20,1,0.09,0.21,0.30,1.84,11,60,254437,87207,12431
68,3,17,False,88,10,1,0,0,2,3,43,0,1.01,0.05,1.06,0.66,9,60,230783,28263,49848
68,4,4,True,82,8,1,0,0,2,2,44,1,0.20,0.47,0.67,0.39,8,60,417515,177420,51460
68,5,14,True,74,2,0,0,0,1,0,14,0,0.00,0.11,0.11,1.40,6,61,709800,318303,60985
69,1,15,False,90,2,0,0,0,2,0,17,0,0.00,0.01,0.01,2.25,11,60,134668,0,0
69,2,9,True,86,12,1,0,1,0,3,39,1,0.26,0.27,0.53,1.71,15,60,145926,8520,12886
69,3,17,False,90,10,0,2,0,2,2,37,0,0.07,0.02,0.09,0.71,11,60,210299,56885,17771
69,4,4,True,90,4,0,0,0,2,0,19,0,0.19,0.05,0.24,0.50,15,61,657646,386435,62399
69,5,14,True,90,2,0,0,0,1,0,17,0,0.12,0.07,0.19,1.65,8,61,624564,72063,77120
70,1,15,False,74,3,0,0,1,0,0,15,0,0.11,0.00,0.11,1.94,9,60,96045,0,0
70,2,9,True,80,3,0,0,1,0,0,12,0,0.61,0.05,0.66,1.67,5,60,123176,16321,9590
70,3,17,False,75,1,0,0,0,1,0,6,1,0.06,0.01,0.07,0.48,4,60,113173,10830,23522
70,4,4,True,65,8,1,0,0,2,1,31,0,0.21,0.02,0.23,0.39,4,60,104989,8665,20691
70,5,14,True,0,0,0,0,0,0,0,0,0,0.00,0.00,0.00,0.00,0,60,110738,14541,11079
71,1,15,False,75,3,0,0,1,0,0,8,0,0.00,0.00,0.00,1.94,7,50,13065,0,0
71,2,9,True,68,3,0,0,1,0,0,13,0,0.00,0.01,0.01,1.67,2,50,18237,3259,1707
71,3,17,False,14,1,0,0,0,1,0,2,0,0.00,0.00,0.00,0.23,1,50,23118,6600,3843
71,4,4,True,8,0,0,0,0,0,0,-1,1,0.00,0.00,0.00,0.11,2,50,21878,2134,3492
71,5,14,True,15,1,0,0,0,0,0,3,0,0.00,0.00,0.00,0.25,2,50,19112,841,3739
72,1,15,False,1,1,0,0,0,1,0,3,0,0.00,0.00,0.00,0.19,1,50,7889,0,0
72,2,9,True,0,0,0,0,0,0,0,0,0,0.00,0.00,0.00,0.00,0,50,8171,365,833
72,3,17,False,1,1,0,0,0,0,0,3,0,0.02,0.00,0.02,0.05,2,50,7170,384,1549
72,4,4,True,8,1,0,0,0,0,0,6,0,0.10,0.03,0.13,0.11,4,49,6799,413,1025
72,5,14,True,2,1,0,0,0,0,0,3,0,0.00,0.02,0.02,0.25,0,49,6412,338,853
73,1,15,False,15,1,0,0,0,2,0,4,0,0.00,0.00,0.00,0.31,3,50,19512,0,0
73,2,9,True,21,1,0,0,0,1,0,4,0,0.00,0.00,0.00,0.16,3,50,22708,3032,2855
73,3,17,False,75,4,0,0,0,1,0,15,0,0.00,0.01,0.01,0.48,12,50,26019,5588,4691
73,4,4,True,81,2,0,0,0,2,0,16,0,0.03,0.02,0.05,0.39,10,50,29708,5594,3579
73,5,14,True,87,4,0,0,0,1,0,13,0,0.00,0.04,0.04,1.40,13,50,29052,2995,3866
74,1,15,False,0,0,0,0,0,0,0,0,0,0.00,0.00,0.00,0.00,0,50,4610,0,0
74,2,9,True,9,1,0,0,0,1,0,3,0,0.00,0.01,0.01,0.16,0,50,5133,602,695
74,3,17,False,14,1,0,0,0,1,0,2,0,0.00,0.00,0.00,0.23,0,50,5938,1296,1004
74,4,4,True,7,0,0,0,0,0,0,-1,1,0.00,0.00,0.00,0.11,3,50,6000,781,862
74,5,14,True,15,1,0,0,0,0,0,4,0,0.00,0.06,0.06,0.25,2,50,5709,503,897
75,1,15,False,0,0,0,0,0,0,0,0,0,0.00,0.00,0.00,0.00,0,50,1007,0,0
75,2,9,True,3,1,0,0,0,1,0,5,0,0.00,0.00,0.00,0.13,2,50,1962,560,196
75,3,17,False,1,1,0,0,0,0,0,3,0,0.00,0.00,0.00,0.00,0,50,2833,1038,516
75,4,4,True,24,1,0,0,0,0,0,7,0,0.00,0.12,0.12,0.11,7,50,3640,1116,574
75,5,14,True,74,2,0,0,0,1,0,0,0,0.50,0.01,0.51,1.40,5,50,3511,541,659
76,1,15,False,15,1,0,0,0,2,0,5,0,0.00,0.00,0.00,0.31,2,50,1238,0,0
76,2,9,True,0,0,0,0,0,0,0,0,0,0.00,0.00,0.00,0.00,0,50,1576,100,146
76,3,17,False,0,0,0,0,0,0,0,0,0,0.00,0.00,0.00,0.00,0,50,1563,123,231
76,4,4,True,0,0,0,0,0,0,0,0,0,0.00,0.00,0.00,0.00,0,50,1498,72,210
76,5,14,True,2,1,0,0,0,0,0,3,0,0.00,0.00,0.00,0.25,0,49,1445,62,142
79,1,15,False,74,4,0,1,1,0,0,17,1,0.00,0.21,0.21,1.94,8,60,200122,0,0
79,2,9,True,80,5,0,1,1,0,0,11,0,0.58,0.04,0.62,1.67,3,60,300527,72625,19026
79,3,17,False,90,2,0,0,0,2,0,4,0,0.13,0.01,0.14,0.71,7,60,336364,69571,43452
79,4,4,True,90,5,0,1,0,2,0,22,0,0.00,0.25,0.25,0.48,4,60,349369,48861,45367
79,5,14,True,90,2,0,0,0,1,0,12,0,0.16,0.01,0.17,1.65,5,60,350510,44404,46982
81,1,15,False,0,0,0,0,0,0,0,0,0,0.00,0.00,0.00,0.00,0,60,9051,0,0
81,2,9,True,9,1,0,0,0,1,0,4,0,0.00,0.00,0.00,0.16,1,60,11569,1000,1182
81,3,17,False,0,0,0,0,0,0,0,0,0,0.00,0.00,0.00,0.00,0,60,12281,1521,1919
81,4,4,True,1,1,0,0,0,0,0,3,0,0.00,0.00,0.00,0.02,0,60,12593,1247,1656
81,5,14,True,0,0,0,0,0,0,0,0,0,0.00,0.00,0.00,0.00,0,60,12687,939,1374
566,1,15,False,90,2,0,0,0,2,0,5,1,0.00,0.00,0.00,2.25,13,50,23702,0,0
566,2,9,True,90,4,0,0,0,1,0,11,0,0.25,0.03,0.28,1.84,10,50,36812,7365,2190
566,3,17,False,90,1,0,0,0,2,0,8,0,0.02,0.01,0.03,0.71,8,50,43269,9722,6674
566,4,4,True,90,3,0,0,0,2,0,-2,0,0.58,0.23,0.81,0.50,10,50,44292,5703,6002
566,5,14,True,90,3,0,0,0,1,0,8,1,0.00,0.02,0.02,1.65,15,50,40509,2672,6575
608,1,15,False,15,1,0,0,0,2,0,6,0,0.10,0.00,0.10,0.31,1,50,0,0,0
608,2,9,True,0,0,0,0,0,0,0,0,0,0.00,0.00,0.00,0.00,0,50,4738,2477,421
608,3,17,False,1,1,0,0,0,0,0,4,0,0.00,0.00,0.00,0.05,0,50,9237,4510,1998
608,4,4,True,0,0,0,0,0,0,0,0,0,0.00,0.00,0.00,0.00,0,50,11375,3390,1888
608,5,14,True,15,1,0,0,0,0,0,3,0,0.00,0.00,0.00,0.25,0,50,11675,1986,2048
82,1,19,True,90,7,0,0,1,0,0,34,0,0.00,0.01,0.01,0.57,0,50,513912,0,0
82,2,13,False,90,2,0,0,0,1,0,7,0,0.00,0.00,0.00,1.46,0,50,649790,74434,19924
82,3,20,True,90,2,0,0,0,1,0,10,0,0.00,0.00,0.00,1.71,0,50,832099,113703,58945
82,4,3,False,90,3,0,0,0,2,0,19,0,0.00,0.00,0.00,1.75,0,50,702931,34374,58347
82,5,6,True,90,6,0,0,1,0,0,27,0,0.00,0.00,0.00,0.83,0,50,649762,9126,63050
84,1,19,True,90,6,0,0,1,0,0,21,0,0.34,0.04,0.38,0.57,3,55,156847,0,0
84,2,13,False,90,3,0,0,0,1,0,14,1,0.17,0.01,0.18,1.46,13,55,207535,25089,9373
84,3,20,True,16,1,0,0,0,0,0,4,0,0.00,0.00,0.00,0.10,1,55,271484,32175,20584
84,4,3,False,0,0,0,0,0,0,0,0,0,0.00,0.00,0.00,0.00,0,55,146784,1251,78007
84,5,6,True,0,0,0,0,0,0,0,0,0,0.00,0.00,0.00,0.00,0,54,111916,104,39392
86,1,19,True,90,10,1,0,1,0,2,37,0,0.77,0.12,0.89,0.57,10,55,38558,0,0
86,2,13,False,87,6,0,1,0,1,1,29,0,0.02,0.13,0.15,1.46,11,55,116486,52542,6716
86,3,20,True,90,2,0,0,0,1,0,4,0,0.24,0.40,0.64,1.71,6,55,235201,101209,26327
86,4,3,False,59,1,0,0,0,2,0,0,0,0.03,0.13,0.16,1.25,2,55,223550,26643,32836
86,5,6,True,80,3,0,0,1,0,0,15,0,0.15,0.01,0.16,0.70,9,55,187862,6251,42502
87,1,19,True,90,8,0,0,1,0,0,29,0,0.11,0.02,0.13,0.57,10,45,318142,0,0
87,2,13,False,90,3,0,0,0,1,0,7,1,0.00,0.01,0.01,1.46,17,45,412431,69978,13902
87,3,20,True,90,2,0,0,0,1,0,8,0,0.00,0.00,0.00,1.71,5,45,610187,174453,61930
87,4,3,False,90,1,0,0,0,2,0,0,0,0.02,0.00,0.02,1.75,9,45,479881,52109,103890
87,5,6,True,90,7,0,0,1,0,1,29,0,0.00,0.05,0.05,0.83,9,45,417707,8947,73970
88,1,19,True,75,13,1,0,1,0,1,36,0,0.50,0.00,0.50,0.47,4,45,282611,0,0
88,2,13,False,87,2,0,0,0,1,0,9,0,0.02,0.21,0.23,1.46,4,46,778776,310803,21160
88,3,20,True,45,1,0,0,0,0,0,2,0,0.03,0.00,0.03,0.35,5,46,1044649,201513,79610
88,4,3,False,19,1,0,0,0,0,0,5,0,0.00,0.15,0.15,0.41,1,46,934432,52146,110853
88,5,6,True,68,6,0,0,1,0,0,20,0,0.00,0.07,0.07,0.55,2,46,819720,18236,134611
89,1,19,True,0,0,0,0,0,0,0,0,0,0.00,0.00,0.00,0.00,0,45,22322,0,0
89,2,13,False,2,1,0,0,0,0,0,3,0,0.00,0.00,0.00,0.00,0,45,24226,544,2146
89,3,20,True,0,0,0,0,0,0,0,0,0,0.00,0.00,0.00,0.00,0,45,22909,561,2202
89,4,3,False,0,0,0,0,0,0,0,0,0,0.00,0.00,0.00,0.00,0,45,21461,309,2002
89,5,6,True,0,0,0,0,0,0,0,0,0,0.00,0.00,0.00,0.00,0,44,20442,410,1648
90,1,19,True,14,1,0,0,0,0,0,2,0,0.00,0.00,0.00,0.10,0,45,5416,0,0
90,2,13,False,2,1,0,0,0,0,0,6,0,0.00,0.02,0.02,0.00,1,45,7643,623,540
90,3,20,True,45,1,0,0,0,1,0,0,0,0.00,0.00,0.00,1.36,5,45,7835,653,892
90,4,3,False,70,1,0,0,0,2,0,4,0,0.03,0.03,0.06,1.33,7,45,7602,309,711
90,5,6,True,21,1,0,0,0,0,0,5,0,0.00,0.01,0.01,0.28,4,45,7505,329,590
93,1,19,True,0,0,0,0,0,0,0,0,0,0.00,0.00,0.00,0.00,0,45,15125,0,0
93,2,13,False,0,0,0,0,0,0,0,0,0,0.00,0.00,0.00,0.00,0,45,16511,142,1206
93,3,20,True,73,4,0,0,0,1,0,11,0,0.10,0.01,0.11,1.61,10,45,15267,166,1472
93,4,3,False,90,3,0,0,0,2,0,5,0,0.00,0.01,0.01,1.75,12,45,15722,905,735
93,5,6,True,90,14,0,1,1,0,3,43,0,0.00,0.52,0.52,0.83,16,45,15098,349,1075
94,1,19,True,90,3,0,0,1,0,0,17,0,0.52,0.01,0.53,0.57,9,60,330810,0,0
94,2,13,False,87,10,1,0,0,1,3,34,0,0.25,0.02,0.27,1.46,9,60,344201,24998,25789
94,3,20,True,90,2,0,0,0,1,0,11,0,0.00,0.17,0.17,1.71,5,60,492340,140288,47506
94,4,3,False,90,15,2,0,0,2,3,49,0,0.21,0.10,0.31,1.75,4,60,374153,28990,88151
94,5,6,True,90,9,0,2,1,0,0,27,0,0.54,0.02,0.56,0.83,7,61,847173,425579,58558
95,1,19,True,66,3,0,0,1,0,0,6,0,0.05,0.29,0.34,0.47,6,65,105835,0,0
95,2,13,False,29,1,0,0,0,1,0,16,0,0.02,0.08,0.10,1.36,7,65,110686,7348,10952
95,3,20,True,45,1,0,0,0,0,0,6,0,0.00,0.01,0.01,0.35,11,65,85265,4607,29581
95,4,3,False,30,1,0,0,0,0,0,4,0,0.02,0.01,0.03,0.50,4,64,64766,1377,23398
95,5,6,True,9,1,0,0,0,0,0,2,0,0.00,0.00,0.00,0.13,0,63,52273,1029,14648
96,1,19,True,14,1,0,0,0,0,0,6,0,0.00,0.11,0.11,0.10,4,55,52929,0,0
96,2,13,False,68,3,0,0,1,0,0,20,0,0.03,0.13,0.16,0.13,9,55,52568,2318,7544
96,3,20,True,85,8,0,1,0,1,3,30,0,0.00,0.21,0.21,1.63,4,55,49863,3933,7667
96,4,3,False,30,1,0,0,0,0,0,3,0,0.10,0.00,0.10,0.50,4,55,51791,5734,4927
96,5,6,True,86,3,0,0,1,0,0,15,0,0.04,0.28,0.32,0.70,10,54,45391,1526,7978
97,1,19,True,66,6,0,1,1,0,0,22,0,0.08,0.34,0.42,0.47,5,55,16245,0,0
97,2,13,False,0,0,0,0,0,0,0,0,0,0.00,0.00,0.00,0.00,0,55,22961,3858,1337
97,3,20,True,0,0,0,0,0,0,0,0,0,0.00,0.00,0.00,0.00,0,55,16413,569,6909
97,4,3,False,0,0,0,0,0,0,0,0,0,0.00,0.00,0.00,0.00,0,54,12497,42,4291
97,5,6,True,0,0,0,0,0,0,0,0,0,0.00,0.00,0.00,0.00,0,54,10766,16,1897
98,1,19,True,90,9,1,0,1,0,0,35,1,0.39,0.17,0.56,0.57,13,50,9018,0,0
98,2,13,False,90,1,0,0,0,1,0,11,1,0.00,0.14,0.14,1.46,10,50,49684,33759,4285
98,3,20,True,90,11,1,0,0,1,3,30,1,0.11,0.01,0.12,1.71,12,50,69448,29605,13590
98,4,3,False,90,4,0,0,0,2,0,20,0,0.00,0.08,0.08,1.75,20,50,266936,176461,37454
98,5,6,True,90,3,0,0,1,0,0,13,0,0.03,0.04,0.07,0.83,9,50,273119,47235,33762
100,1,19,True,0,0,0,0,0,0,0,0,0,0.00,0.00,0.00,0.00,0,50,1459,0,0
100,2,13,False,0,0,0,0,0,0,0,0,0,0.00,0.00,0.00,0.00,0,50,1624,155,246
100,3,20,True,0,0,0,0,0,0,0,0,0,0.00,0.00,0.00,0.00,0,50,2107,543,358
100,4,3,False,0,0,0,0,0,0,0,0,0,0.00,0.00,0.00,0.00,0,50,2209,335,332
100,5,6,True,3,6,1,0,0,0,0,23,0,0.43,0.00,0.43,0.13,0,50,2231,265,342
102,1,19,True,23,1,0,0,0,0,0,7,0,0.04,0.00,0.04,0.10,6,50,123741,0,0
102,2,13,False,21,1,0,0,0,1,0,4,0,0.00,0.01,0.01,1.32,0,50,112295,745,13179
102,3,20,True,45,0,0,0,0,1,0,1,1,0.03,0.02,0.05,1.36,5,49,93335,1076,19306
102,4,3,False,59,4,0,1,0,2,0,19,0,0.00,0.21,0.21,1.25,5,49,78222,706,16415
102,5,6,True,68,3,0,0,1,0,0,19,0,0.03,0.06,0.09,0.55,10,48,72210,1926,9450
105,1,19,True,23,1,0,0,0,0,0,9,0,0.03,0.35,0.38,0.10,8,60,14244,0,0
105,2,13,False,60,2,0,0,1,0,0,4,1,0.11,0.06,0.17,0.09,1,60,16949,1958,2391
105,3,20,True,45,1,0,0,0,1,0,3,0,0.05,0.01,0.06,1.36,4,60,16152,1644,3351
105,4,3,False,59,1,0,0,0,2,0,12,0,0.00,0.10,0.10,1.25,11,60,14724,761,2562
105,5,6,True,80,10,1,0,1,0,2,31,0,0.96,0.02,0.98,0.70,2,59,13639,635,2097
106,1,19,True,82,0,0,0,1,0,0,-3,0,1.00,0.08,1.08,0.50,5,80,1509299,0,0
106,2,13,False,90,2,0,0,0,1,0,2,0,0.80,0.01,0.81,1.46,4,80,1635017,91772,141167
106,3,20,True,90,2,0,0,0,1,0,9,0,0.50,0.01,0.51,1.71,6,80,1462107,72058,312788
106,4,3,False,90,1,0,0,0,2,0,3,1,0.11,0.03,0.14,1.75,1,79,1129976,24154,321022
106,5,6,True,90,5,1,0,1,0,0,26,1,0.72,0.03,0.75,0.83,3,78,958105,32439,221931
108,1,19,True,7,1,0,0,0,0,0,4,0,0.03,0.04,0.07,0.07,0,55,30450,0,0
108,2,13,False,2,1,0,0,0,0,0,3,0,0.04,0.00,0.04,0.00,1,55,37634,4351,4808
108,3,20,True,4,1,0,0,0,0,0,2,0,0.00,0.00,0.00,0.08,1,55,38790,5560,7284
108,4,3,False,0,0,0,0,0,0,0,0,0,0.00,0.00,0.00,0.00,0,55,36748,2767,5931
108,5,6,True,0,0,0,0,0,0,0,0,0,0.00,0.00,0.00,0.00,0,55,33179,1671,6042
565,1,19,True,75,14,0,2,1,0,3,41,0,0.05,0.33,0.38,0.47,13,55,294770,0,0
565,2,13,False,90,4,0,0,0,1,0,16,0,0.21,0.03,0.24,1.46,14,56,902725,443762,23340
565,3,20,True,45,0,0,0,0,0,0,0,1,0.15,0.01,0.16,0.35,5,57,1631469,639468,130072
565,4,3,False,90,4,0,0,0,2,0,19,0,0.00,0.28,0.28,1.75,13,57,1351673,106889,314571
565,5,6,True,21,0,0,0,0,0,0,0,1,0.00,0.00,0.00,0.28,3,57,1186508,29169,213906
620,2,13,False,0,0,0,0,0,0,0,0,0,0.00,0.00,0.00,0.00,0,45,817,600,37
620,3,20,True,0,0,0,0,0,0,0,0,0,0.00,0.00,0.00,0.00,0,45,10083,9542,2982
620,4,3,False,30,1,0,0,0,0,0,4,0,0.00,0.01,0.01,0.50,1,45,10030,1940,1971
620,5,6,True,9,1,0,0,0,0,0,3,0,0.00,0.00,0.00,0.13,1,45,9701,1079,1672
109,1,2,True,90,6,0,0,1,0,0,25,0,0.00,0.00,0.00,0.29,0,45,1987586,0,0
109,2,6,False,90,0,0,0,0,4,0,-1,0,0.00,0.00,0.00,2.93,0,45,2133814,84756,45480
109,3,13,True,90,3,0,0,0,1,0,17,0,0.00,0.20,0.20,2.49,0,45,2293721,270948,156898
109,4,7,False,90,8,0,0,1,0,0,39,0,0.00,0.00,0.00,1.33,0,45,2390519,248699,196972
109,5,1,True,90,6,0,0,1,0,0,27,0,0.00,0.00,0.00,1.63,0,45,2292499,89072,136504
113,1,2,True,0,0,0,0,0,0,0,0,0,0.00,0.00,0.00,0.00,0,45,265528,0,0
113,2,6,False,90,0,0,0,0,4,0,-4,0,0.02,0.01,0.03,2.93,0,45,221172,2580,51404
113,3,13,True,77,2,0,0,0,1,0,8,0,0.06,0.01,0.07,2.40,5,44,203285,12724,32633
113,4,7,False,90,6,0,0,1,0,0,24,0,0.00,0.09,0.09,1.33,2,44,186000,6832,25246
113,5,1,True,75,5,0,0,1,0,0,18,1,0.04,0.02,0.06,0.89,3,44,170937,4277,18260
114,1,2,True,90,6,0,0,1,0,0,29,0,0.00,0.04,0.04,0.29,6,45,19109,0,0
114,2,6,False,90,-1,0,0,0,4,0,-2,1,0.05,0.11,0.16,2.93,3,45,26909,4103,1559
114,3,13,True,90,2,0,0,0,1,0,17,0,0.00,0.33,0.33,2.49,4,45,31479,6293,3995
114,4,7,False,77,6,0,0,1,0,0,25,0,0.01,0.03,0.04,1.11,9,45,30469,2439,3024
114,5,1,True,90,6,0,0,1,0,0,24,0,0.01,0.02,0.03,1.63,7,45,28873,1382,2499
115,1,2,True,77,17,1,1,1,0,2,46,0,1.47,0.21,1.68,0.29,4,45,151636,0,0
115,2,6,False,90,0,0,0,0,4,0,-2,0,0.03,0.05,0.08,2.93,2,46,847829,494998,21158
115,3,13,True,76,4,0,1,0,1,0,17,1,0.00,0.14,0.14,2.40,2,47,1978466,871841,109810
115,4,7,False,90,11,0,1,1,0,2,41,0,0.03,0.04,0.07,1.33,1,48,2489501,640942,131068
115,5,1,True,90,6,0,0,1,0,1,30,1,0.02,0.23,0.25,1.63,7,49,2649636,410558,122995
116,1,2,True,90,6,0,0,1,0,0,24,0,0.00,0.04,0.04,0.29,2,45,88762,0,0
116,2,6,False,90,-1,0,0,0,4,0,-4,1,0.00,0.01,0.01,2.93,3,45,118436,13343,5310
116,3,13,True,90,5,0,0,0,1,1,20,0,0.00,0.01,0.01,2.49,12,45,133493,20326,13758
116,4,7,False,90,12,1,0,1,0,0,39,0,0.03,0.03,0.06,1.33,6,45,148520,19779,10375
116,5,1,True,0,0,0,0,0,0,0,0,0,0.00,0.00,0.00,0.00,0,45,165566,28113,11621
119,1,2,True,26,1,0,0,0,0,0,7,0,0.12,0.00,0.12,0.10,4,45,2148,0,0
119,2,6,False,10,0,0,0,0,0,0,-1,1,0.00,0.00,0.00,0.04,0,45,3512,285,226
119,3,13,True,12,1,0,0,0,0,0,7,0,0.00,0.16,0.16,0.10,1,45,3762,400,472
119,4,7,False,6,1,0,0,0,0,0,3,0,0.00,0.00,0.00,0.04,1,45,3722,204,321
119,5,1,True,14,1,0,0,0,0,0,2,0,0.00,0.14,0.14,0.74,1,45,3724,216,306
120,1,2,True,0,0,0,0,0,0,0,0,0,0.00,0.00,0.00,0.00,0,50,3997,0,0
120,2,6,False,0,0,0,0,0,0,0,0,0,0.00,0.00,0.00,0.00,0,50,5185,768,684
120,3,13,True,0,0,0,0,0,0,0,0,0,0.00,0.00,0.00,0.00,0,50,5613,863,987
120,4,7,False,0,0,0,0,0,0,0,0,0,0.00,0.00,0.00,0.00,0,50,5997,898,894
120,5,1,True,4,1,0,0,0,0,0,5,0,0.00,0.00,0.00,0.14,1,50,5657,647,957
123,1,2,True,63,16,2,0,1,0,3,54,0,1.41,0.02,1.43,0.19,3,60,39219,0,0
123,2,6,False,0,0,0,0,0,0,0,0,0,0.00,0.00,0.00,0.00,0,60,230171,139828,38085
123,3,13,True,0,0,0,0,0,0,0,0,0,0.00,0.00,0.00,0.00,0,60,129183,6623,98695
123,4,7,False,0,0,0,0,0,0,0,0,0,0.00,0.00,0.00,0.00,0,60,91458,1042,45777
123,5,1,True,0,0,0,0,0,0,0,0,0,0.00,0.00,0.00,0.00,0,59,66553,128,26669
124,1,2,True,90,2,0,0,1,0,0,18,1,0.00,0.27,0.27,0.29,5,55,1308033,0,0
124,2,6,False,90,13,1,1,0,4,3,46,0,0.05,0.11,0.16,2.93,6,55,1268429,24179,105873
124,3,13,True,90,1,0,0,0,1,0,-1,1,0.79,0.04,0.83,2.49,4,55,1691790,448315,107204
124,4,7,False,90,17,1,2,1,0,3,56,0,0.82,0.19,1.01,1.33,6,56,1745184,283590,211348
124,5,1,True,90,14,1,1,1,0,3,47,0,0.11,0.25,0.36,1.63,5,57,2264407,604409,105358
125,1,2,True,90,5,0,1,1,0,0,22,0,0.08,0.44,0.52,0.29,7,55,78765,0,0
125,2,6,False,0,0,0,0,0,0,0,0,0,0.00,0.00,0.00,0.00,0,55,98683,23887,15007
125,3,13,True,0,0,0,0,0,0,0,0,0,0.00,0.00,0.00,0.00,0,55,74079,4546,26476
125,4,7,False,0,0,0,0,0,0,0,0,0,0.00,0.00,0.00,0.00,0,54,58474,1249,18661
125,5,1,True,14,1,0,0,0,0,0,2,0,0.09,0.01,0.10,0.74,2,54,49762,2315,12484
126,1,2,True,0,0,0,0,0,0,0,0,0,0.00,0.00,0.00,0.00,0,55,8249,0,0
126,2,6,False,0,0,0,0,0,0,0,0,0,0.00,0.00,0.00,0.00,0,55,10143,656,1352
126,3,13,True,0,0,0,0,0,0,0,0,0,0.00,0.00,0.00,0.00,0,55,10276,1040,1949
126,4,7,False,6,1,0,0,0,0,0,4,0,0.00,0.01,0.01,0.04,1,55,10605,901,1416
126,5,1,True,4,1,0,0,0,0,0,2,0,0.28,0.00,0.28,0.14,2,54,10353,577,1239
127,1,2,True,85,6,0,1,1,0,0,27,0,0.18,0.48,0.66,0.29,6,50,355972,0,0
127,2,6,False,90,5,0,1,0,4,0,15,0,0.38,0.17,0.55,2.93,5,50,380491,23952,16872
127,3,13,True,90,2,0,0,0,1,0,13,0,0.09,0.05,0.14,2.49,9,50,525464,177501,60112
127,4,7,False,83,3,0,0,1,0,0,6,0,0.14,0.06,0.20,1.30,3,50,522783,107677,102601
127,5,1,True,85,8,0,1,1,0,0,19,0,0.00,0.02,0.02,1.48,13,50,439801,13377,82046
129,1,2,True,63,2,0,0,1,0,0,8,1,0.11,0.03,0.14,0.19,4,55,61091,0,0
129,2,6,False,0,0,0,0,0,0,0,0,0,0.00,0.00,0.00,0.00,0,55,62632,3334,7611
129,3,13,True,90,2,0,0,0,1,0,18,0,0.17,0.04,0.21,2.49,3,54,42114,1443,21335
129,4,7,False,90,8,1,0,1,0,0,38,0,0.31,0.03,0.34,1.33,7,54,39911,2011,6217
129,5,1,True,90,3,0,0,1,0,0,7,0,0.11,0.08,0.19,1.63,7,54,39428,3453,4392
130,1,2,True,77,7,0,0,1,0,1,32,0,0.09,0.05,0.14,0.29,8,50,22925,0,0
130,2,6,False,79,0,0,0,0,4,0,6,0,0.03,0.08,0.11,2.89,7,50,43921,13428,3057
130,3,13,True,0,0,0,0,0,0,0,0,0,0.00,0.00,0.00,0.00,0,50,46414,12362,12835
130,4,7,False,0,0,0,0,0,0,0,0,0,0.00,0.00,0.00,0.00,0,50,26541,68,18581
130,5,1,True,0,0,0,0,0,0,0,0,0,0.00,0.00,0.00,0.00,0,49,20558,57,6959
135,1,2,True,12,1,0,0,0,0,0,3,0,0.00,0.03,0.03,0.00,0,50,6623,0,0
135,2,6,False,0,0,0,0,0,0,0,0,0,0.00,0.00,0.00,0.00,0,50,6909,373,879
135,3,13,True,0,0,0,0,0,0,0,0,0,0.00,0.00,0.00,0.00,0,50,6108,517,1579
135,4,7,False,0,0,0,0,0,0,0,0,0,0.00,0.00,0.00,0.00,0,49,5076,318,1453
135,5,1,True,0,0,0,0,0,0,0,0,0,0.00,0.00,0.00,0.00,0,49,3954,35,1196
138,1,2,True,26,1,0,0,0,0,0,-1,0,0.18,0.00,0.18,0.10,2,55,19339,0,0
138,2,6,False,79,5,0,1,0,4,0,17,0,0.17,0.02,0.19,2.89,6,55,22097,1384,2151
138,3,13,True,90,2,0,0,0,1,0,9,0,0.43,0.02,0.45,2.49,8,55,52785,29733,6118
138,4,7,False,83,10,1,1,1,0,1,40,0,0.39,0.01,0.40,1.30,7,55,59839,16416,9162
138,5,1,True,75,10,1,1,1,0,2,40,1,0.18,0.01,0.19,0.89,4,55,105077,57158,15079
328,1,2,True,0,0,0,0,0,0,0,0,0,0.00,0.00,0.00,0.00,0,50,19933,0,0
328,2,6,False,0,0,0,0,0,0,0,0,0,0.00,0.00,0.00,0.00,0,50,22519,1416,2554
328,3,13,True,1,1,0,0,0,0,0,3,0,0.00,0.00,0.00,0.00,0,50,21218,1548,3676
328,4,7,False,12,1,0,0,0,0,0,4,0,0.00,0.01,0.01,0.22,4,50,20832,1494,2501
328,5,1,True,85,5,0,0,1,0,0,24,1,0.16,0.00,0.16,1.48,6,49,18865,571,2520
504,1,2,True,90,6,0,0,1,0,0,19,0,0.13,0.03,0.16,0.29,4,50,221596,0,0
504,2,6,False,90,0,0,0,0,4,0,-2,0,0.03,0.02,0.05,2.93,8,50,250629,21186,12347
504,3,13,True,90,12,1,0,0,1,2,27,0,0.19,0.01,0.20,2.49,10,50,244648,22843,32578
504,4,7,False,77,6,0,0,1,0,0,27,0,0.11,0.01,0.12,1.11,9,50,369539,131383,44947
504,5,1,True,90,8,0,0,1,0,0,27,0,0.00,0.00,0.00,1.63,12,50,332297,27688,34940
594,1,2,True,0,0,0,0,0,0,0,0,0,0.00,0.00,0.00,0.00,0,60,20944,0,0
594,2,6,False,10,1,0,0,0,0,0,3,0,0.00,0.00,0.00,0.04,0,60,25435,2519,4141
594,3,13,True,13,0,0,0,0,0,0,-7,1,0.42,0.00,0.42,0.10,0,60,25799,4444,5722
594,4,7,False,0,0,0,0,0,0,0,0,0,0.00,0.00,0.00,0.00,0,60,24399,2799,5214
594,5,1,True,0,0,0,0,0,0,0,0,0,0.00,0.00,0.00,0.00,0,60,21728,2100,5196
600,1,2,True,12,1,0,0,0,0,0,7,0,0.00,0.05,0.05,0.00,2,50,633,0,0
600,2,6,False,16,1,0,0,0,1,0,6,0,0.00,0.01,0.01,0.10,1,50,1521,218,143
600,3,13,True,0,0,0,0,0,0,0,0,0,0.00,0.00,0.00,0.00,0,50,1841,312,282
600,4,7,False,12,1,0,0,0,0,0,2,0,0.05,0.01,0.06,0.22,1,50,1793,153,301
600,5,1,True,0,0,0,0,0,0,0,0,0,0.00,0.00,0.00,0.00,0,50,1757,148,241
605,1,2,True,4,1,0,0,0,0,0,3,0,0.00,0.01,0.01,0.00,0,45,0,0,0
605,2,6,False,73,8,1,0,0,3,1,39,0,0.70,0.16,0.86,2.83,7,45,9806,4339,952
605,3,13,True,90,2,0,0,0,1,0,16,0,0.05,0.09,0.14,2.49,5,45,252653,208413,33633
605,4,7,False,64,8,1,0,1,0,0,29,0,0.67,0.01,0.68,1.11,6,45,374976,185444,60304
605,5,1,True,5,1,0,0,0,0,0,9,0,0.04,0.18,0.22,0.14,1,45,450411,130693,43065
639,3,13,True,0,0,0,0,0,0,0,0,0,0.00,0.00,0.00,0.00,0,55,345,261,42
639,4,7,False,25,4,0,1,0,0,0,10,0,0.24,0.01,0.25,0.22,4,55,812,513,195
639,5,1,True,84,8,1,0,1,0,0,27,0,0.28,0.11,0.39,1.48,9,55,1188,470,231
28,1,5,False,0,0,0,0,0,0,0,0,0,0.00,0.00,0.00,0.00,0,50,388040,0,0
28,2,5,True,90,2,0,0,0,3,0,18,0,0.00,0.01,0.01,1.41,0,50,419555,14876,8115
28,3,1,False,90,3,0,0,0,2,0,26,0,0.00,0.00,0.00,2.05,0,50,459337,68378,55263
28,4,11,True,90,2,0,0,0,2,0,10,0,0.00,0.00,0.00,1.38,0,50,564431,119022,50620
28,5,4,False,90,2,0,0,0,3,0,7,0,0.00,0.00,0.00,2.65,0,50,524629,20981,53784
40,1,10,False,81,8,1,0,0,2,1,37,0,0.96,0.10,1.06,1.24,7,75,2178086,0,0
40,2,5,True,90,5,0,1,0,3,0,28,0,0.14,1.01,1.15,1.41,5,75,2607781,251851,71749
40,3,1,False,86,6,1,0,0,2,0,22,1,0.08,0.03,0.11,2.05,5,75,2472597,211550,321984
40,4,11,True,90,8,1,0,0,2,1,31,0,0.21,0.02,0.23,1.38,6,76,3834585,1168508,128570
40,5,4,False,90,2,0,0,0,3,0,17,0,0.33,0.07,0.40,2.65,8,77,4380885,697514,69384
101,1,10,False,0,0,0,0,0,0,0,0,0,0.00,0.00,0.00,0.00,0,50,3629,0,0
101,2,5,True,0,0,0,0,0,0,0,0,0,0.00,0.00,0.00,0.00,0,50,3715,214,691
101,3,1,False,0,0,0,0,0,0,0,0,0,0.00,0.00,0.00,0.00,0,50,3322,209,766
101,4,11,True,0,0,0,0,0,0,0,0,0,0.00,0.00,0.00,0.00,0,49,3001,145,589
101,5,4,False,90,2,0,0,0,3,0,16,0,0.00,0.08,0.08,2.65,10,49,2692,45,428
136,1,10,False,0,0,0,0,0,0,0,0,0,0.00,0.00,0.00,0.00,0,60,112037,0,0
136,2,5,True,0,0,0,0,0,0,0,0,0,0.00,0.00,0.00,0.00,0,60,96753,3136,22425
136,3,1,False,3,1,0,0,0,0,0,3,0,0.00,0.00,0.00,0.00,0,59,84671,7873,24376
136,4,11,True,12,1,0,0,0,0,0,4,0,0.00,0.06,0.06,0.54,1,59,82997,8018,13130
136,5,4,False,70,2,0,0,0,1,0,8,0,0.00,0.08,0.08,1.45,4,59,114052,34909,13973
140,1,10,False,90,2,0,0,0,2,0,6,0,0.00,0.01,0.01,1.33,0,50,207899,0,0
140,2,5,True,0,0,0,0,0,0,0,0,0,0.00,0.00,0.00,0.00,0,50,217448,8924,27191
140,3,1,False,0,0,0,0,0,0,0,0,0,0.00,0.00,0.00,0.00,0,49,130954,1923,84362
140,4,11,True,0,0,0,0,0,0,0,0,0,0.00,0.00,0.00,0.00,0,49,93763,0,44507
140,5,4,False,0,0,0,0,0,0,0,0,0,0.00,0.00,0.00,0.00,0,49,79688,0,15548
142,1,10,False,90,0,0,0,0,2,0,5,1,0.10,0.07,0.17,1.33,6,55,879361,0,0
142,2,5,True,22,1,0,0,0,1,0,-1,0,0.00,0.00,0.00,0.14,0,55,987947,62525,81318
142,3,1,False,90,1,0,0,0,2,0,9,0,0.07,0.05,0.12,2.05,3,55,810910,27039,211162
142,4,11,True,90,1,0,0,0,2,0,11,0,0.16,0.14,0.30,1.38,4,54,828525,60443,91377
142,5,4,False,0,0,0,0,0,0,0,0,0,0.00,0.00,0.00,0.00,0,54,704792,18198,138832
144,1,10,False,75,1,0,0,0,2,0,2,0,0.00,0.03,0.03,1.11,3,50,98423,0,0
144,2,5,True,90,1,0,0,0,3,0,-1,0,0.00,0.01,0.01,1.41,5,50,122291,13325,10947
144,3,1,False,30,1,0,0,0,0,0,4,0,0.04,0.01,0.05,0.14,2,50,116347,9926,21521
144,4,11,True,77,1,0,0,0,2,0,7,0,0.04,0.07,0.11,0.84,5,50,114930,7469,14124
144,5,4,False,0,0,0,0,0,0,0,0,0,0.00,0.00,0.00,0.00,0,50,107892,4607,13888
145,1,10,False,0,0,0,0,0,0,0,0,0,0.00,0.00,0.00,0.00,0,50,1057,0,0
145,2,5,True,67,0,0,0,0,2,0,-2,1,0.00,0.01,0.01,1.26,9,50,3489,813,261
145,3,1,False,90,3,0,0,0,2,0,16,0,0.00,0.04,0.04,2.05,17,50,7346,2579,1228
145,4,11,True,85,1,0,0,0,2,0,10,0,0.00,0.03,0.03,0.89,6,50,18473,9377,2003
145,5,4,False,70,4,0,0,0,1,0,11,0,0.00,0.00,0.00,1.45,15,50,18869,3337,3449
148,1,10,False,64,1,0,0,0,2,0,5,0,0.01,0.03,0.04,1.05,3,45,40724,0,0
148,2,5,True,90,4,0,1,0,3,0,12,0,0.00,0.06,0.06,1.41,6,45,47286,4358,4484
148,3,1,False,59,3,0,1,0,2,0,5,0,0.00,0.02,0.02,1.91,6,45,65104,22516,10427
148,4,11,True,45,0,0,0,0,2,0,-8,0,0.00,0.10,0.10,0.44,3,45,115190,58654,15691
148,5,4,False,0,0,0,0,0,0,0,0,0,0.00,0.00,0.00,0.00,0,45,93559,4867,21725
149,1,10,False,90,0,0,0,0,2,0,6,1,0.01,0.03,0.04,1.33,4,50,142918,0,0
149,2,5,True,71,1,0,0,0,2,0,2,0,0.00,0.00,0.00,1.31,9,50,150119,10571,17779
149,3,1,False,0,0,0,0,0,0,0,0,0,0.00,0.00,0.00,0.00,0,50,124492,7720,33598
149,4,11,True,90,1,0,0,0,2,0,8,0,0.00,0.01,0.01,1.38,6,49,112667,5362,22693
149,5,4,False,90,1,0,0,0,3,0,1,0,0.00,0.01,0.01,2.65,7,49,97080,2003,18955
151,1,10,False,90,3,0,0,0,2,0,13,0,0.00,0.01,0.01,1.33,15,45,24066,0,0
151,2,5,True,22,1,0,0,0,1,0,-1,0,0.00,0.00,0.00,0.14,3,45,37116,8065,3134
151,3,1,False,90,1,0,0,0,2,0,-3,0,0.00,0.01,0.01,2.05,1,45,38207,4792,6781
151,4,11,True,0,0,0,0,0,0,0,0,0,0.00,0.00,0.00,0.00,0,45,42181,6326,4610
151,5,4,False,19,0,0,0,0,2,0,-4,0,0.00,0.01,0.01,1.20,1,45,38029,1529,6034
154,1,10,False,82,13,1,1,0,2,3,60,0,0.28,0.19,0.47,1.24,9,95,919516,0,0
154,2,5,True,90,7,1,0,0,3,0,28,0,0.66,0.13,0.79,1.41,8,95,1644351,376872,31960
154,3,1,False,90,1,0,0,0,2,0,11,1,0.11,0.04,0.15,2.05,3,96,1912956,387902,192800
154,4,11,True,90,5,0,1,0,2,0,28,0,0.13,0.25,0.38,1.38,3,97,3081598,946062,103959
154,5,4,False,90,2,0,0,0,3,0,21,0,0.13,0.18,0.31,2.65,6,97,2932358,192540,166587
156,1,10,False,14,1,0,0,0,0,0,9,0,0.03,0.07,0.10,0.22,4,65,116795,0,0
156,2,5,True,67,7,1,0,0,2,0,32,0,0.41,0.33,0.74,1.26,4,65,117566,5635,23362
156,3,1,False,80,2,0,0,0,2,0,10,0,0.03,0.03,0.06,2.05,7,65,130367,21878,19579
156,4,11,True,85,2,0,0,0,2,0,17,0,0.05,0.10,0.15,0.89,7,65,156595,33627,16504
156,5,4,False,86,2,0,0,0,2,0,13,0,0.16,0.05,0.21,2.22,6,65,151580,15985,22206
157,1,10,False,7,1,0,0,0,0,0,3,0,0.00,0.00,0.00,0.09,1,65,109575,0,0
157,2,5,True,0,0,0,0,0,0,0,0,0,0.00,0.00,0.00,0.00,0,65,111448,5564,23784
157,3,1,False,9,1,0,0,0,0,0,5,0,0.04,0.00,0.04,0.00,0,64,84845,3486,34752
157,4,11,True,4,1,0,0,0,0,0,6,0,0.03,0.07,0.10,0.49,1,64,79584,3867,14050
157,5,4,False,3,1,0,0,0,1,0,3,0,0.00,0.00,0.00,0.43,0,63,74742,2997,10149
159,1,10,False,0,0,0,0,0,0,0,0,0,0.00,0.00,0.00,0.00,0,55,347122,0,0
159,2,5,True,13,1,0,0,0,0,0,3,0,0.00,0.00,0.00,0.07,0,55,282404,9481,98323
159,3,1,False,0,0,0,0,0,0,0,0,0,0.00,0.00,0.00,0.00,0,54,192746,3231,92151
159,4,11,True,0,0,0,0,0,0,0,0,0,0.00,0.00,0.00,0.00,0,54,149377,1342,50199
159,5,4,False,0,0,0,0,0,0,0,0,0,0.00,0.00,0.00,0.00,0,53,120861,584,31719
161,1,10,False,64,1,0,0,0,2,0,8,1,0.21,0.03,0.24,1.05,9,50,4654,0,0
161,2,5,True,67,7,1,0,0,2,0,32,0,0.54,0.00,0.54,1.26,7,50,6337,1173,919
161,3,1,False,59,1,0,0,0,2,0,7,0,0.00,0.01,0.01,1.91,6,50,20847,13724,3758
161,4,11,True,68,2,0,0,0,2,0,14,0,0.00,0.07,0.07,0.84,9,50,25157,7547,4020
161,5,4,False,0,0,0,0,0,0,0,0,0,0.00,0.00,0.00,0.00,0,50,24300,2931,4413
164,1,10,False,8,1,0,0,0,0,0,2,0,0.00,0.00,0.00,0.09,1,55,3758,0,0
164,2,5,True,0,0,0,0,0,0,0,0,0,0.00,0.00,0.00,0.00,0,55,4061,231,820
164,3,1,False,0,0,0,0,0,0,0,0,0,0.00,0.00,0.00,0.00,0,54,3704,292,1196
164,4,11,True,0,0,0,0,0,0,0,0,0,0.00,0.00,0.00,0.00,0,54,3551,154,671
164,5,4,False,19,1,0,0,0,2,0,3,0,0.03,0.01,0.04,1.20,0,53,3422,155,533
165,1,10,False,90,11,1,1,0,2,2,45,0,0.63,0.06,0.69,1.33,3,75,5764207,0,0
165,2,5,True,90,9,1,1,0,3,2,44,0,1.23,0.04,1.27,1.41,3,76,6802308,405188,28165
165,3,1,False,90,1,0,0,0,2,0,8,1,0.02,0.05,0.07,2.05,1,77,7177659,446528,190771
165,4,11,True,90,12,1,1,0,2,3,44,0,0.29,0.04,0.33,1.38,2,77,7935710,401634,104757
165,5,4,False,0,0,0,0,0,0,0,0,0,0.00,0.00,0.00,0.00,0,78,7300631,261391,748803
200,1,10,False,90,6,0,1,0,2,0,25,0,0.00,0.20,0.20,1.33,12,60,792478,0,0
200,2,5,True,90,1,0,0,0,3,0,-3,0,0.02,0.00,0.02,1.41,9,60,946023,63522,44807
200,3,1,False,90,2,0,0,0,2,0,3,1,0.00,0.01,0.01,2.05,11,60,839049,32879,150210
200,4,11,True,4,1,0,0,0,0,0,4,0,0.00,0.00,0.00,0.49,3,60,865615,60756,79879
200,5,4,False,90,3,0,0,0,3,0,-1,0,0.13,0.01,0.14,2.65,12,60,749577,9497,120680
568,1,10,False,0,0,0,0,0,0,0,0,0,0.00,0.00,0.00,0.00,0,55,12041,0,0
568,2,5,True,8,1,0,0,0,1,0,1,0,0.04,0.00,0.04,0.07,1,55,13561,528,1661
568,3,1,False,0,0,0,0,0,0,0,0,0,0.00,0.00,0.00,0.00,0,55,13655,1055,2073
568,4,11,True,21,0,0,0,0,0,0,7,1,0.00,0.09,0.09,0.54,2,55,13757,863,1454
568,5,4,False,86,2,0,0,0,2,0,21,0,0.03,0.02,0.05,2.22,9,54,13260,477,1379
583,1,10,False,25,1,0,0,0,0,0,3,0,0.00,0.00,0.00,0.28,1,50,17073,0,0
583,2,5,True,18,1,0,0,0,1,0,1,0,0.00,0.02,0.02,0.09,3,50,19574,1081,2558
583,3,1,False,30,1,0,0,0,0,0,2,0,0.00,0.00,0.00,0.14,2,50,17402,664,4077
583,4,11,True,45,1,0,0,0,0,0,4,0,0.00,0.01,0.01,0.94,1,49,16748,686,2297
583,5,4,False,90,1,0,0,0,3,0,7,0,0.04,0.04,0.08,2.65,9,49,16124,529,1674
662,5,4,False,3,1,0,0,0,1,0,5,0,0.00,0.00,0.00,0.43,2,45,0,0,0
91,1,19,True,0,0,0,0,0,0,0,0,0,0.00,0.00,0.00,0.00,0,45,7000,0,0
91,2,11,True,12,1,0,0,0,1,0,-1,0,0.00,0.00,0.00,0.54,2,45,7757,574,971
91,3,15,False,90,3,0,0,0,1,0,3,1,0.11,0.00,0.11,2.12,13,45,7182,505,1316
91,4,5,True,90,2,0,0,0,5,0,-11,0,0.01,0.00,0.01,2.81,10,45,7467,688,770
91,5,18,False,90,8,0,0,1,0,0,24,0,0.00,0.00,0.00,1.10,19,45,7218,402,714
104,1,1,False,90,2,0,0,0,3,0,8,0,0.00,0.01,0.01,1.88,9,50,13188,0,0
104,2,11,True,0,0,0,0,0,0,0,0,0,0.00,0.00,0.00,0.00,0,50,16442,2456,1600
104,3,15,False,62,2,0,0,0,1,0,5,0,0.00,0.00,0.00,1.17,3,50,12452,379,4205
104,4,5,True,72,2,0,0,0,3,0,11,0,0.03,0.01,0.04,2.16,7,49,11832,629,1713
104,5,18,False,90,3,0,0,1,0,0,10,0,0.00,0.00,0.00,1.10,9,49,10664,346,1609
110,1,1,False,90,1,0,0,0,3,0,0,0,0.00,0.01,0.01,1.88,0,45,100521,0,0
110,2,11,True,90,2,0,0,0,1,0,10,0,0.00,0.00,0.00,0.72,0,45,122624,11931,4672
110,3,15,False,90,2,0,0,0,1,0,13,0,0.00,0.00,0.00,2.12,0,45,95482,2938,18953
110,4,5,True,90,0,0,0,0,5,0,-5,0,0.00,0.01,0.01,2.81,0,45,95177,5350,16687
110,5,18,False,90,11,0,1,1,0,2,38,0,0.00,0.00,0.00,1.10,0,45,84063,928,12852
173,1,1,False,90,3,0,0,0,3,0,11,0,0.02,0.01,0.03,1.88,10,40,721945,0,0
173,2,11,True,77,8,0,0,1,0,2,28,0,0.00,0.01,0.01,0.18,9,40,791028,38111,23890
173,3,15,False,90,4,0,0,0,1,0,19,0,0.22,0.17,0.39,2.12,12,40,883716,114108,69667
173,4,5,True,90,0,0,0,0,5,0,-17,0,0.19,0.07,0.26,2.81,8,40,1003377,154241,83266
173,5,18,False,90,9,0,0,1,0,1,37,0,0.06,0.04,0.10,1.10,13,40,932075,30974,76201
175,1,1,False,90,1,0,0,0,3,0,-8,0,0.00,0.01,0.01,1.88,7,40,1257228,0,0
175,2,11,True,90,2,0,0,0,1,0,15,0,0.00,0.19,0.19,0.72,2,40,1295672,34451,49858
175,3,15,False,90,3,0,0,0,1,0,5,1,0.00,0.06,0.06,2.12,11,40,1209039,41712,121967
175,4,5,True,90,0,0,0,0,5,0,-5,0,0.00,0.04,0.04,2.81,7,40,1124770,32583,138909
175,5,18,False,0,0,0,0,0,0,0,0,0,0.00,0.00,0.00,0.00,0,40,1016866,13159,113940
176,1,1,False,90,1,0,0,0,3,0,-4,0,0.00,0.02,0.02,1.88,6,40,73424,0,0
176,2,11,True,90,2,0,0,0,1,0,15,0,0.18,0.05,0.23,0.72,3,40,82832,3224,4054
176,3,15,False,84,2,0,0,0,1,0,10,0,0.00,0.08,0.08,2.12,7,40,79293,2664,7186
176,4,5,True,90,0,0,0,0,5,0,-7,0,0.00,0.33,0.33,2.81,3,40,77723,2492,4813
176,5,18,False,90,15,1,0,1,0,3,40,0,0.32,0.04,0.36,1.10,4,40,73323,903,4913
179,1,1,False,0,0,0,0,0,0,0,0,0,0.00,0.00,0.00,0.00,0,40,3977,0,0
179,2,11,True,0,0,0,0,0,0,0,0,0,0.00,0.00,0.00,0.00,0,40,3984,160,420
179,3,15,False,0,0,0,0,0,0,0,0,0,0.00,0.00,0.00,0.00,0,40,4150,319,480
179,4,5,True,0,0,0,0,0,0,0,0,0,0.00,0.00,0.00,0.00,0,40,4073,277,378
179,5,18,False,1,1,0,0,0,0,0,3,0,0.00,0.00,0.00,0.02,2,40,3922,155,325
182,1,1,False,90,1,0,0,0,3,0,1,0,0.00,0.01,0.01,1.88,9,40,75420,0,0
182,2,11,True,90,1,0,0,0,1,0,4,1,0.02,0.04,0.06,0.72,4,40,84795,3328,4511
182,3,15,False,90,2,0,0,0,1,0,4,0,0.00,0.34,0.34,2.12,3,40,81029,3124,8077
182,4,5,True,90,0,0,0,0,5,0,-12,0,0.00,0.00,0.00,2.81,8,40,81299,3596,5631
182,5,18,False,0,0,0,0,0,0,0,0,0,0.00,0.00,0.00,0.00,0,40,71956,1397,8683
183,1,1,False,20,1,0,0,0,0,0,3,0,0.15,0.00,0.15,0.29,5,50,13002,0,0
183,2,11,True,70,3,0,0,1,0,0,12,0,0.06,0.09,0.15,0.02,6,50,14191,1250,1299
183,3,15,False,62,2,0,0,0,1,0,9,0,0.29,0.09,0.38,1.17,5,50,12234,706,2569
183,4,5,True,72,2,0,0,0,3,0,11,0,0.33,0.73,1.06,2.16,5,50,11698,965,1777
183,5,18,False,73,5,0,0,1,0,0,16,0,0.09,0.20,0.29,0.85,13,49,10665,549,1744
184,1,1,False,90,2,0,0,0,3,0,14,0,0.00,0.01,0.01,1.88,7,50,17412,0,0
184,2,11,True,90,2,0,0,0,1,0,14,0,0.01,0.04,0.05,0.72,10,50,20154,2290,1616
184,3,15,False,90,2,0,0,0,1,0,8,0,0.04,0.00,0.04,2.12,8,50,16127,481,3924
184,4,5,True,83,2,0,0,0,4,0,9,0,0.05,0.02,0.07,2.60,3,50,14585,532,2633
184,5,18,False,90,3,0,0,1,0,0,17,0,0.02,0.06,0.08,1.10,10,49,13370,594,2218
185,1,1,False,0,0,0,0,0,0,0,0,0,0.00,0.00,0.00,0.00,0,50,10294,0,0
185,2,11,True,31,1,0,0,0,1,0,8,0,0.02,0.02,0.04,0.69,4,50,9710,137,1455
185,3,15,False,0,0,0,0,0,0,0,0,0,0.00,0.00,0.00,0.00,0,49,8559,404,1743
185,4,5,True,0,0,0,0,0,0,0,0,0,0.00,0.00,0.00,0.00,0,49,7657,207,1182
185,5,18,False,0,0,0,0,0,0,0,0,0,0.00,0.00,0.00,0.00,0,48,6925,142,992
186,1,1,False,0,0,0,0,0,0,0,0,0,0.00,0.00,0.00,0.00,0,55,11314,0,0
186,2,11,True,57,1,0,0,0,0,0,4,0,0.00,0.06,0.06,0.02,4,55,12149,489,1578
186,3,15,False,70,2,0,0,0,1,0,4,0,0.00,0.00,0.00,1.17,5,54,10318,228,2088
186,4,5,True,59,1,0,0,0,2,0,5,0,0.49,0.01,0.50,1.37,4,54,9746,222,1002
186,5,18,False,45,1,0,0,0,0,0,6,0,0.02,0.05,0.07,0.60,2,54,8948,100,936
188,1,1,False,28,1,0,0,0,0,0,8,0,0.00,0.11,0.11,0.32,1,55,15509,0,0
188,2,11,True,19,1,0,0,0,1,0,2,0,0.00,0.01,0.01,0.69,2,55,16221,549,1824
188,3,15,False,0,0,0,0,0,0,0,0,0,0.00,0.00,0.00,0.00,0,54,13303,100,2972
188,4,5,True,6,1,0,0,0,1,0,3,0,0.00,0.00,0.00,0.21,0,54,11943,52,1594
188,5,18,False,0,0,0,0,0,0,0,0,0,0.00,0.00,0.00,0.00,0,54,10920,52,1142
190,1,1,False,81,2,0,0,0,3,0,11,0,0.04,0.02,0.06,1.76,8,55,12321,0,0
190,2,11,True,58,1,0,0,0,0,0,7,0,0.05,0.13,0.18,0.02,6,55,16325,2762,1451
190,3,15,False,27,1,0,0,0,0,0,9,0,0.10,0.03,0.13,0.95,1,55,12425,128,3752
190,4,5,True,0,0,0,0,0,0,0,0,0,0.00,0.00,0.00,0.00,0,54,11417,187,1577
190,5,18,False,45,1,0,0,0,0,0,5,0,0.04,0.00,0.04,0.50,3,54,10419,39,1097
194,1,1,False,69,2,0,0,0,3,0,9,0,0.00,0.02,0.02,1.60,6,50,66198,0,0
194,2,11,True,32,1,0,0,0,1,0,5,0,0.00,0.00,0.00,0.69,2,50,83366,14594,7888
194,3,15,False,19,1,0,0,0,0,0,6,0,0.00,0.00,0.00,0.95,3,50,84492,16389,17499
194,4,5,True,17,1,0,0,0,2,0,7,0,0.21,0.03,0.24,0.64,0,50,84195,11154,12674
194,5,18,False,90,4,0,0,1,0,0,16,0,0.13,0.01,0.13,1.10,16,50,81447,8488,12964
195,1,1,False,69,2,0,0,0,3,0,7,0,0.00,0.01,0.01,1.60,3,50,78607,0,0
195,2,11,True,0,0,0,0,0,0,0,0,0,0.00,0.00,0.00,0.00,0,50,100916,19936,9603
195,3,15,False,19,1,0,0,0,0,0,3,0,0.30,0.00,0.30,0.95,0,50,88094,10057,22001
195,4,5,True,0,0,0,0,0,0,0,0,0,0.00,0.00,0.00,0.00,0,50,81354,5606,14189
195,5,18,False,16,1,0,0,0,0,0,3,0,0.00,0.00,0.00,0.24,0,50,72122,2905,13425
492,1,1,False,20,1,0,0,0,0,0,4,0,0.00,0.00,0.00,0.29,1,55,76129,0,0
492,2,11,True,90,2,0,0,0,1,0,6,0,0.93,0.03,0.96,0.72,3,55,83094,8654,9293
492,3,15,False,70,2,0,0,0,1,0,6,0,0.31,0.00,0.31,1.17,5,55,69494,4842,18156
492,4,5,True,52,-2,0,0,0,5,0,-5,0,0.06,0.01,0.07,1.37,2,55,69089,7191,10299
492,5,18,False,0,0,0,0,0,0,0,0,0,0.00,0.00,0.00,0.00,0,55,46922,586,22047
575,1,1,False,61,1,0,0,0,3,0,2,1,0.00,0.00,0.00,1.56,3,50,23536,0,0
575,2,11,True,70,3,0,0,1,0,0,17,0,0.03,0.13,0.16,0.02,7,50,23711,997,2575
575,3,15,False,27,1,0,0,0,0,0,4,0,0.00,0.00,0.00,0.95,6,50,20321,778,4216
575,4,5,True,17,1,0,0,0,2,0,3,0,0.00,0.01,0.01,0.64,0,49,18325,641,3130
575,5,18,False,90,3,0,0,1,0,0,10,0,0.00,0.01,0.01,1.08,5,49,15964,236,2746
584,1,1,False,8,1,0,0,0,0,0,3,0,0.00,0.00,0.00,0.13,1,55,12932,0,0
584,2,11,True,19,1,0,0,0,1,0,2,0,0.00,0.02,0.02,0.69,0,55,13996,386,1428
584,3,15,False,5,1,0,0,0,0,0,1,0,0.00,0.00,0.00,0.00,2,55,11896,153,2279
584,4,5,True,0,0,0,0,0,0,0,0,0,0.00,0.00,0.00,0.00,0,54,10937,147,1289
584,5,18,False,0,0,0,0,0,0,0,0,0,0.00,0.00,0.00,0.00,0,54,10051,64,1011
599,1,1,False,0,0,0,0,0,0,0,0,0,0.00,0.00,0.00,0.00,0,50,7348,0,0
599,2,11,True,0,0,0,0,0,0,0,0,0,0.00,0.00,0.00,0.00,0,50,9736,1724,1394
599,3,15,False,0,0,0,0,0,0,0,0,0,0.00,0.00,0.00,0.00,0,50,10406,2227,2361
599,4,5,True,30,1,0,0,0,3,0,3,0,0.00,0.00,0.00,1.43,1,50,10369,1323,1604
599,5,18,False,0,0,0,0,0,0,0,0,0,0.00,0.00,0.00,0.00,0,50,10975,1653,1480
656,4,5,True,0,0,0,0,0,0,0,0,0,0.00,0.00,0.00,0.00,0,40,7468,2811,267
656,5,18,False,90,6,0,0,1,0,0,27,0,0.00,0.01,0.01,1.10,8,40,10713,5501,1534
42,1,9,False,27,1,0,0,0,0,0,3,0,0.03,0.02,0.05,0.14,1,55,3238,0,0
42,2,15,True,27,1,0,0,0,1,0,3,0,0.00,0.01,0.01,0.20,1,55,4594,483,623
42,3,10,False,0,0,0,0,0,0,0,0,0,0.00,0.00,0.00,0.00,0,55,4367,556,978
42,4,12,True,0,0,0,0,0,0,0,0,0,0.00,0.00,0.00,0.00,0,55,4659,935,968
42,5,13,False,0,0,0,0,0,0,0,0,0,0.00,0.00,0.00,0.00,0,54,4188,319,802
153,1,10,False,0,0,0,0,0,0,0,0,0,0.00,0.00,0.00,0.00,0,45,5243,0,0
153,2,15,True,16,1,0,0,0,1,0,-2,0,0.00,0.00,0.00,0.20,1,45,6037,525,848
153,3,10,False,90,3,0,0,0,2,0,14,0,0.00,0.04,0.04,3.14,13,45,7480,1511,1008
153,4,12,True,33,-3,0,0,0,3,0,-18,0,0.00,0.00,0.00,0.38,6,45,14882,7208,2487
153,5,13,False,0,0,0,0,0,0,0,0,0,0.00,0.00,0.00,0.00,0,45,7522,157,5238
198,1,9,False,90,2,0,0,0,2,0,14,0,0.00,0.00,0.00,1.12,0,50,171144,0,0
198,2,15,True,90,1,0,0,0,4,0,4,0,0.00,0.00,0.00,2.21,0,50,182716,5904,13774
198,3,10,False,90,2,0,0,0,2,0,19,0,0.00,0.00,0.00,3.14,0,50,188350,15007,18335
198,4,12,True,0,0,0,0,0,0,0,0,0,0.00,0.00,0.00,0.00,0,50,234983,34005,16877
198,5,13,False,0,0,0,0,0,0,0,0,0,0.00,0.00,0.00,0.00,0,50,148996,210,59922
199,1,9,False,0,0,0,0,0,0,0,0,0,0.00,0.00,0.00,0.00,0,45,10987,0,0
199,2,15,True,0,0,0,0,0,0,0,0,0,0.00,0.00,0.00,0.00,0,45,11403,468,1376
199,3,10,False,0,0,0,0,0,0,0,0,0,0.00,0.00,0.00,0.00,0,45,11282,648,1294
199,4,12,True,90,2,0,0,0,3,0,3,0,0.00,0.00,0.00,1.68,0,45,11338,563,952
199,5,13,False,90,6,0,0,1,0,0,26,0,0.00,0.00,0.00,1.31,0,45,12323,1413,795
202,1,9,False,90,3,0,0,0,2,0,13,0,0.00,0.00,0.00,1.12,16,50,66477,0,0
202,2,15,True,90,0,0,0,0,4,0,-4,0,0.04,0.00,0.04,2.21,6,50,71981,4208,6454
202,3,10,False,90,1,0,0,0,2,0,8,0,0.04,0.00,0.04,3.14,9,50,68124,5745,11171
202,4,12,True,90,2,0,0,0,3,0,2,1,0.00,0.06,0.06,1.68,13,50,74063,9105,8608
202,5,13,False,90,8,0,0,1,0,0,29,0,0.00,0.01,0.01,1.31,10,50,63648,1854,9498
203,1,9,False,90,1,0,0,0,2,0,9,0,0.05,0.01,0.06,1.12,8,50,30748,0,0
203,2,15,True,90,0,0,0,0,4,0,-1,0,0.00,0.00,0.00,2.21,7,50,29914,821,4021
203,3,10,False,90,1,0,0,0,2,0,4,0,0.00,0.00,0.00,3.14,9,49,25628,1708,5765
203,4,12,True,0,0,0,0,0,0,0,0,0,0.00,0.00,0.00,0.00,0,49,25690,2554,4148
203,5,13,False,90,8,0,0,1,0,0,26,0,0.00,0.12,0.12,1.31,10,49,20646,259,4716
204,1,9,False,90,1,0,0,0,2,0,9,0,0.00,0.01,0.01,1.12,5,45,580791,0,0
204,2,15,True,90,0,0,0,0,4,0,-8,0,0.11,0.16,0.27,2.21,5,45,548942,5965,50339
204,3,10,False,73,15,2,0,0,2,2,31,0,0.66,0.01,0.67,2.57,6,45,476563,9051,77583
204,4,12,True,76,1,0,0,0,2,0,6,0,0.00,0.06,0.06,1.13,1,45,768978,259738,46760
204,5,13,False,90,7,0,0,1,0,1,30,0,0.00,0.02,0.02,1.31,8,45,647215,21781,73720
206,1,9,False,72,1,0,0,0,2,0,7,0,0.00,0.01,0.01,0.98,7,45,6521,0,0
206,2,15,True,0,0,0,0,0,0,0,0,0,0.00,0.00,0.00,0.00,0,45,4410,320,2843
206,3,10,False,0,0,0,0,0,0,0,0,0,0.00,0.00,0.00,0.00,0,44,3064,193,1616
206,4,12,True,0,0,0,0,0,0,0,0,0,0.00,0.00,0.00,0.00,0,44,2510,58,709
206,5,13,False,0,0,0,0,0,0,0,0,0,0.00,0.00,0.00,0.00,0,44,2215,53,383
207,1,9,False,0,0,0,0,0,0,0,0,0,0.00,0.00,0.00,0.00,0,45,7928,0,0
207,2,15,True,15,1,0,0,0,1,0,1,0,0.00,0.00,0.00,0.20,1,45,7384,199,1280
207,3,10,False,1,1,0,0,0,0,0,4,0,0.00,0.00,0.00,0.13,1,44,7148,770,1311
207,4,12,True,0,0,0,0,0,0,0,0,0,0.00,0.00,0.00,0.00,0,44,7027,691,1007
207,5,13,False,0,0,0,0,0,0,0,0,0,0.00,0.00,0.00,0.00,0,44,6288,250,958
208,1,9,False,0,0,0,0,0,0,0,0,0,0.00,0.00,0.00,0.00,0,65,424225,0,0
208,2,15,True,0,0,0,0,0,0,0,0,0,0.00,0.00,0.00,0.00,0,64,227391,2102,206578
208,3,10,False,0,0,0,0,0,0,0,0,0,0.00,0.00,0.00,0.00,0,63,109790,330,118429
208,4,12,True,0,0,0,0,0,0,0,0,0,0.00,0.00,0.00,0.00,0,63,77747,179,37056
208,5,13,False,8,1,0,0,0,0,0,3,0,0.00,0.01,0.01,0.06,0,62,67923,1443,12388
210,1,9,False,90,4,0,0,0,2,0,20,0,0.00,0.24,0.24,1.12,14,55,75177,0,0
210,2,15,True,90,2,0,0,0,4,0,21,0,0.00,0.07,0.07,2.21,7,55,88998,6710,7800
210,3,10,False,90,2,0,0,0,2,0,10,0,0.00,0.01,0.01,3.14,8,55,89835,10076,13720
210,4,12,True,76,2,0,0,0,2,0,13,0,0.08,0.04,0.12,1.13,5,55,91297,8794,10595
210,5,13,False,90,2,0,0,1,0,0,13,1,0.07,0.22,0.29,1.31,7,55,82270,2827,11875
211,1,9,False,35,1,0,0,0,0,0,4,0,0.06,0.02,0.08,0.27,5,55,18106,0,0
211,2,15,True,67,5,0,1,0,3,0,27,0,0.05,0.07,0.12,2.01,10,55,18326,314,2458
211,3,10,False,88,5,0,1,0,2,0,25,0,0.25,0.30,0.55,3.01,5,55,22762,5451,2582
211,4,12,True,36,1,0,0,0,1,0,4,0,0.00,0.01,0.01,0.38,1,55,63756,36851,9196
211,5,13,False,81,2,0,0,1,0,0,10,1,0.16,0.15,0.31,1.26,5,55,38017,1928,14161
212,1,9,False,0,0,0,0,0,0,0,0,0,0.00,0.00,0.00,0.00,0,45,1093674,0,0
212,2,15,True,0,0,0,0,0,0,0,0,0,0.00,0.00,0.00,0.00,0,45,1064673,20182,90180
212,3,10,False,16,1,0,0,0,0,0,3,0,0.00,0.00,0.00,0.57,3,45,969611,37588,133611
212,4,12,True,13,1,0,0,0,1,0,6,0,0.00,0.04,0.04,0.55,4,45,888879,26618,113889
212,5,13,False,0,0,0,0,0,0,0,0,0,0.00,0.00,0.00,0.00,0,44,838201,29011,100935
213,1,9,False,0,0,0,0,0,0,0,0,0,0.00,0.00,0.00,0.00,0,50,10665,0,0
213,2,15,True,0,0,0,0,0,0,0,0,0,0.00,0.00,0.00,0.00,0,50,10302,204,1450
213,3,10,False,0,0,0,0,0,0,0,0,0,0.00,0.00,0.00,0.00,0,49,9259,496,1742
213,4,12,True,6,1,0,0,0,1,0,3,0,0.00,0.00,0.00,0.48,1,49,8598,327,1133
213,5,13,False,45,0,0,0,0,0,0,3,1,0.26,0.00,0.26,0.77,11,49,7985,179,856
214,1,9,False,90,3,0,0,0,2,0,25,1,0.00,0.27,0.27,1.12,14,50,24728,0,0
214,2,15,True,90,2,0,0,0,4,0,21,0,0.05,0.02,0.07,2.21,9,50,27191,1944,3094
214,3,10,False,88,5,0,1,0,2,0,21,0,0.00,0.01,0.01,3.01,4,50,28293,4293,4552
214,4,12,True,83,8,0,2,0,2,0,30,0,0.00,0.05,0.05,1.20,1,50,44888,18109,6124
214,5,13,False,90,3,0,0,1,0,0,12,0,0.42,0.03,0.45,1.31,10,50,59125,22401,7847
222,1,9,False,27,1,0,0,0,0,0,3,0,0.25,0.01,0.26,0.14,0,60,50940,0,0
222,2,15,True,62,2,0,0,0,3,0,13,0,0.05,0.00,0.05,2.01,4,60,50504,1510,7771
222,3,10,False,45,1,0,0,0,0,0,4,0,0.00,0.00,0.00,1.54,4,60,51335,7524,8505
222,4,12,True,83,8,1,0,0,2,2,39,0,0.09,0.02,0.11,1.20,2,60,71789,21000,9640
222,5,13,False,81,2,0,0,1,0,0,10,0,0.04,0.17,0.21,1.26,3,60,69381,15191,11138
223,1,9,False,62,2,0,0,0,2,0,-3,0,0.70,0.02,0.72,0.98,5,65,504100,0,0
223,2,15,True,0,0,0,0,0,0,0,0,0,0.00,0.00,0.00,0.00,0,65,510630,23951,72433
223,3,10,False,0,0,0,0,0,0,0,0,0,0.00,0.00,0.00,0.00,0,64,236661,1227,270528
223,4,12,True,0,0,0,0,0,0,0,0,0,0.00,0.00,0.00,0.00,0,64,175573,343,72992
223,5,13,False,0,0,0,0,0,0,0,0,0,0.00,0.00,0.00,0.00,0,63,148086,232,29534
224,1,9,False,55,1,0,0,0,2,0,12,0,0.60,0.58,1.18,0.84,3,55,43148,0,0
224,2,15,True,67,2,0,0,0,3,0,8,0,0.36,0.00,0.36,2.01,6,55,47953,3263,5780
224,3,10,False,45,4,0,1,0,2,0,16,0,0.14,0.00,0.14,1.60,2,55,55843,11874,8284
224,4,12,True,0,0,0,0,0,0,0,0,0,0.00,0.00,0.00,0.00,0,55,81943,29818,9604
224,5,13,False,8,1,0,0,0,0,0,2,0,0.00,0.02,0.02,0.06,1,55,55856,1026,22979
241,1,9,False,62,2,0,0,0,2,0,11,0,0.05,0.02,0.07,0.98,5,55,15735,0,0
241,2,15,True,22,1,0,0,0,1,0,2,0,0.00,0.00,0.00,0.20,2,55,16698,472,1828
241,3,10,False,0,0,0,0,0,0,0,0,0,0.00,0.00,0.00,0.00,0,55,14863,540,2482
241,4,12,True,0,0,0,0,0,0,0,0,0,0.00,0.00,0.00,0.00,0,54,13782,510,1860
241,5,13,False,0,0,0,0,0,0,0,0,0,0.00,0.00,0.00,0.00,0,54,12442,185,1559
577,1,9,False,18,1,0,0,0,0,0,3,0,0.00,0.01,0.01,0.14,1,45,31543,0,0
577,2,15,True,73,1,0,0,0,3,0,-3,0,0.00,0.00,0.00,2.01,8,45,34647,829,2667
577,3,10,False,0,0,0,0,0,0,0,0,0,0.00,0.00,0.00,0.00,0,45,33461,1378,3430
577,4,12,True,53,0,0,0,0,2,0,6,0,0.00,0.01,0.01,1.29,5,45,31339,625,3199
577,5,13,False,45,1,0,0,0,0,0,4,0,0.00,0.01,0.01,0.54,3,44,29233,497,2824
588,1,9,False,35,1,0,0,0,0,0,12,0,0.00,0.16,0.16,0.27,9,50,8418,0,0
588,2,15,True,74,2,0,0,0,3,0,9,1,0.02,0.00,0.02,2.01,14,50,10199,462,827
588,3,10,False,90,3,0,0,0,2,0,6,0,0.72,0.01,0.73,3.14,10,50,13924,4048,1549
588,4,12,True,90,7,1,0,0,3,0,4,0,0.22,0.14,0.36,1.68,5,50,41054,22369,5347
588,5,13,False,90,6,0,0,1,0,0,23,0,0.00,0.02,0.02,1.31,6,50,31883,5814,6531
595,1,9,False,0,0,0,0,0,0,0,0,0,0.00,0.00,0.00,0.00,0,50,1214,0,0
595,2,15,True,22,1,0,0,0,1,0,3,0,0.00,0.00,0.00,0.20,1,50,1414,101,173
595,3,10,False,0,0,0,0,0,0,0,0,0,0.00,0.00,0.00,0.00,0,50,1444,158,224
595,4,12,True,6,1,0,0,0,1,0,3,0,0.00,0.00,0.00,0.48,0,50,1406,110,198
595,5,13,False,0,0,0,0,0,0,0,0,0,0.00,0.00,0.00,0.00,0,50,1330,81,198
633,3,10,False,0,0,0,0,0,0,0,0,0,0.00,0.00,0.00,0.00,0,45,296,217,32
633,4,12,True,90,3,0,0,0,3,0,10,0,0.00,0.01,0.01,1.68,11,45,1153,848,180
633,5,13,False,0,0,0,0,0,0,0,0,0,0.00,0.00,0.00,0.00,0,45,1692,710,240
643,3,10,False,16,7,1,0,0,0,0,20,0,0.15,0.00,0.15,0.57,0,45,984,763,84
643,4,12,True,13,1,0,0,0,1,0,1,0,0.12,0.01,0.13,0.55,1,45,62478,38522,5669
643,5,13,False,0,0,0,0,0,0,0,0,0,0.00,0.00,0.00,0.00,0,45,50011,3269,9457
644,3,10,False,73,2,0,0,0,2,0,8,0,0.02,0.00,0.02,2.57,6,50,782,656,100
644,4,12,True,90,4,0,0,0,3,0,24,0,0.10,0.03,0.13,1.68,16,50,2570,1757,464
644,5,13,False,90,3,0,0,1,0,0,13,0,0.12,0.03,0.15,1.31,5,50,3505,1410,628
647,3,10,False,1,1,0,0,0,0,0,2,0,0.00,0.00,0.00,0.13,1,55,535,461,50
647,4,12,True,0,0,0,0,0,0,0,0,0,0.00,0.00,0.00,0.00,0,55,903,378,115
647,5,13,False,0,0,0,0,0,0,0,0,0,0.00,0.00,0.00,0.00,0,55,833,80,171
209,1,8,True,6,1,0,0,0,0,0,3,0,0.00,0.00,0.00,0.29,2,60,15299,0,0
209,2,3,False,28,1,0,0,0,0,0,1,0,0.00,0.00,0.00,1.58,2,60,15402,732,2580
209,3,16,True,65,1,0,0,0,1,0,3,1,0.05,0.04,0.09,0.37,8,59,13119,786,3477
209,4,19,False,74,3,0,0,1,0,0,13,0,0.16,0.18,0.34,0.43,6,59,12460,1069,2197
209,5,12,True,65,3,0,0,1,0,0,6,0,0.82,0.00,0.82,1.06,8,59,13882,2308,1461
226,1,8,True,90,7,0,0,1,0,0,34,0,0.00,0.02,0.02,1.96,0,55,698199,0,0
226,2,3,False,90,3,0,0,0,1,0,22,0,0.00,0.00,0.00,2.16,0,55,878157,63539,28190
226,3,16,True,90,1,0,0,0,2,0,6,0,0.00,0.00,0.00,0.69,0,55,890933,56478,81924
226,4,19,False,90,6,0,0,1,0,0,25,0,0.00,0.00,0.00,0.69,0,55,922558,69771,68979
226,5,12,True,90,8,0,0,1,0,1,34,0,0.00,0.00,0.00,1.44,0,55,1016911,77729,41026
229,1,8,True,90,6,0,0,1,0,0,25,0,0.05,0.00,0.05,1.96,9,60,765229,0,0
229,2,3,False,90,12,1,0,0,1,2,27,0,0.10,0.01,0.11,2.16,10,60,861719,42736,37066
229,3,16,True,90,3,0,0,0,2,0,11,0,0.02,0.01,0.03,0.69,12,60,1115834,211638,85557
229,4,19,False,90,8,0,0,1,0,2,32,0,0.00,0.01,0.01,0.69,8,60,1237976,163569,91762
229,5,12,True,90,14,0,1,1,0,3,43,0,0.01,0.01,0.02,1.44,12,61,1610335,292865,49201
230,1,8,True,90,6,0,0,1,0,0,27,0,0.00,0.01,0.01,1.96,8,55,141420,0,0
230,2,3,False,90,4,0,0,0,1,0,6,0,0.09,0.01,0.10,2.16,12,55,183710,19103,8918
230,3,16,True,90,3,0,0,0,2,0,10,0,0.08,0.00,0.08,0.69,11,55,182675,15501,21385
230,4,19,False,90,6,0,0,1,0,0,27,0,0.00,0.00,0.00,0.69,9,55,206240,35472,20969
230,5,12,True,90,8,0,0,1,0,0,27,0,0.00,0.00,0.00,1.44,14,55,255437,50096,13193
232,1,8,True,0,0,0,0,0,0,0,0,0,0.00,0.00,0.00,0.00,0,50,44689,0,0
232,2,3,False,0,0,0,0,0,0,0,0,0,0.00,0.00,0.00,0.00,0,50,42208,1403,7729
232,3,16,True,0,0,0,0,0,0,0,0,0,0.00,0.00,0.00,0.00,0,49,35192,929,8440
232,4,19,False,15,1,0,0,0,0,0,2,0,0.00,0.00,0.00,0.26,1,49,31964,666,4529
232,5,12,True,1,1,0,0,0,0,0,3,0,0.00,0.00,0.00,0.16,1,49,31104,1257,2773
233,1,8,True,90,6,0,0,1,0,0,27,0,0.00,0.05,0.05,1.96,4,45,134687,0,0
233,2,3,False,90,4,0,0,0,1,0,7,0,0.00,0.01,0.01,2.16,12,45,164056,21784,9070
233,3,16,True,90,1,0,0,0,2,0,8,0,0.00,0.01,0.01,0.69,6,45,178705,40120,26256
233,4,19,False,90,11,0,0,1,0,3,38,0,0.00,0.07,0.07,0.69,11,45,216365,70682,37005
233,5,12,True,90,5,0,0,1,0,0,29,1,0.04,0.02,0.06,1.44,6,45,463207,238606,24122
236,1,8,True,90,11,1,0,1,0,3,40,0,0.12,0.17,0.29,1.92,8,65,288693,0,0
236,2,3,False,90,2,0,0,0,1,0,24,0,0.06,0.16,0.22,2.16,10,65,473030,132647,26951
236,3,16,True,90,2,0,0,0,2,0,20,0,0.27,0.07,0.34,0.69,11,65,440536,60861,92933
236,4,19,False,90,2,0,0,1,0,0,16,1,0.17,0.09,0.26,0.69,6,65,497656,141140,99920
236,5,12,True,90,3,0,0,1,0,0,10,0,0.37,0.34,0.71,1.28,7,65,731679,216116,59560
238,1,3,True,8,1,0,0,0,0,0,2,0,0.00,0.00,0.00,0.00,1,65,16005,0,0
238,2,8,False,0,0,0,0,0,0,0,0,0,0.00,0.00,0.00,0.00,0,65,21085,1202,2403
238,3,16,True,24,1,0,0,0,1,0,8,0,0.02,0.13,0.15,0.31,1,65,28839,9521,5532
238,4,19,False,25,1,0,0,0,0,0,4,0,0.00,0.01,0.01,0.30,4,65,42527,16008,6311
238,5,12,True,78,3,0,0,1,0,0,22,0,0.00,0.30,0.30,1.06,7,65,48806,10313,6038
239,1,8,True,11,1,0,0,0,0,0,6,0,0.00,0.03,0.03,0.34,1,60,11659,0,0
239,2,3,False,61,1,0,0,0,1,0,9,1,0.00,0.00,0.00,0.58,10,60,13621,1533,1649
239,3,16,True,76,2,0,0,0,1,0,19,0,0.00,0.08,0.08,0.40,8,60,14095,2988,3324
239,4,19,False,90,4,0,0,1,0,0,23,1,0.04,0.02,0.06,0.69,17,60,13037,2679,3703
239,5,12,True,90,3,0,0,1,0,0,14,0,0.16,0.04,0.20,1.44,9,60,25087,12252,3224
242,1,8,True,83,3,0,0,1,0,0,13,0,0.18,0.08,0.26,1.67,7,55,24527,0,0
242,2,3,False,61,2,0,0,0,1,0,12,0,0.05,0.01,0.06,0.58,2,55,28043,2273,2482
242,3,16,True,90,10,1,0,0,2,3,35,0,0.04,0.07,0.11,0.69,4,55,25310,1760,4800
242,4,19,False,64,3,0,0,1,0,0,13,0,0.05,0.15,0.20,0.39,3,55,67366,50072,13425
242,5,12,True,11,1,0,0,0,0,0,4,0,0.03,0.01,0.04,0.38,2,55,111866,50560,10957
243,1,8,True,1,1,0,0,0,0,0,7,0,0.02,0.00,0.02,0.04,3,50,8329,0,0
243,2,3,False,4,0,0,0,0,0,0,-2,1,0.03,0.02,0.05,0.00,0,50,9333,753,1138
243,3,16,True,0,0,0,0,0,0,0,0,0,0.00,0.00,0.00,0.00,0,50,8638,815,1939
243,4,19,False,0,0,0,0,0,0,0,0,0,0.00,0.00,0.00,0.00,0,49,8215,594,1325
243,5,12,True,0,0,0,0,0,0,0,0,0,0.00,0.00,0.00,0.00,0,49,7950,539,1031
244,1,8,True,90,8,0,1,1,0,0,25,0,0.00,0.04,0.04,1.96,16,50,6793,0,0
244,2,3,False,86,2,0,0,0,1,0,12,0,0.00,0.03,0.03,2.16,9,50,24656,12786,2467
244,3,16,True,90,1,0,0,0,2,0,5,1,0.09,0.03,0.12,0.69,5,50,41659,21368,9178
244,4,19,False,90,3,0,0,1,0,0,6,0,0.00,0.02,0.02,0.69,5,50,46365,12956,8851
244,5,12,True,90,2,0,0,1,0,0,13,1,0.12,0.37,0.49,1.44,5,50,43182,5950,8858
245,1,8,True,0,0,0,0,0,0,0,0,0,0.00,0.00,0.00,0.00,0,55,3592,0,0
245,2,3,False,0,0,0,0,0,0,0,0,0,0.00,0.00,0.00,0.00,0,55,3529,201,751
245,3,16,True,0,0,0,0,0,0,0,0,0,0.00,0.00,0.00,0.00,0,54,3219,356,868
245,4,19,False,0,0,0,0,0,0,0,0,0,0.00,0.00,0.00,0.00,0,54,3002,210,505
245,5,12,True,24,1,0,0,0,0,0,10,0,0.17,0.16,0.33,0.38,0,54,3032,288,375
246,1,8,True,90,3,0,0,1,0,0,12,0,0.00,0.06,0.06,1.96,9,50,5179,0,0
246,2,3,False,85,2,0,0,0,1,0,13,0,0.00,0.01,0.01,2.16,9,50,5759,518,636
246,3,16,True,74,1,0,0,0,1,0,10,1,0.00,0.13,0.13,0.40,6,50,5345,580,1167
246,4,19,False,0,0,0,0,0,0,0,0,0,0.00,0.00,0.00,0.00,0,50,5016,572,1041
246,5,12,True,0,0,0,0,0,0,0,0,0,0.00,0.00,0.00,0.00,0,49,4100,285,1256
247,1,8,True,78,3,0,0,1,0,0,16,0,0.01,0.01,0.02,1.62,7,55,24410,0,0
247,2,3,False,28,1,0,0,0,0,0,3,0,0.00,0.01,0.01,1.58,3,55,24628,844,3202
247,3,16,True,15,4,0,1,0,1,0,14,0,0.04,0.09,0.13,0.29,1,55,21598,499,3714
247,4,19,False,15,1,0,0,0,0,0,3,0,0.00,0.02,0.02,0.26,1,55,21723,1482,1962
247,5,12,True,1,1,0,0,0,0,0,3,0,0.00,0.00,0.00,0.16,0,55,20687,726,1962
248,1,8,True,11,1,0,0,0,0,0,3,0,0.05,0.00,0.05,0.34,0,55,249740,0,0
248,2,3,False,20,1,0,0,0,0,0,2,0,0.04,0.00,0.04,1.58,1,55,227543,7709,42811
248,3,16,True,0,0,0,0,0,0,0,0,0,0.00,0.00,0.00,0.00,0,54,153951,8513,82131
248,4,19,False,0,0,0,0,0,0,0,0,0,0.00,0.00,0.00,0.00,0,54,94922,0,62064
248,5,12,True,0,0,0,0,0,0,0,0,0,0.00,0.00,0.00,0.00,0,54,72058,0,25316
249,1,8,True,78,8,1,0,1,0,2,37,0,0.45,0.09,0.54,1.62,3,55,117327,0,0
249,2,3,False,69,2,0,0,0,1,0,6,0,1.48,0.00,1.48,0.58,3,55,352239,150265,22428
249,3,16,True,90,2,0,0,0,2,0,7,0,0.38,0.02,0.40,0.69,4,55,501671,195909,91343
249,4,19,False,90,2,0,0,1,0,0,5,0,0.67,0.03,0.70,0.69,2,56,666569,273770,120075
249,5,12,True,90,6,1,0,1,0,0,28,0,0.52,0.01,0.53,1.44,5,56,908127,262211,84330
649,3,16,True,13,7,1,0,0,1,0,13,0,0.03,0.00,0.03,0.29,0,45,569,559,128
649,4,19,False,74,6,0,0,1,0,0,23,0,0.03,0.14,0.17,0.43,5,45,30581,18405,3702
649,5,12,True,90,8,0,0,1,0,2,39,0,0.00,0.11,0.11,1.28,8,45,111542,54068,6062
250,1,6,True,90,2,0,0,0,3,0,11,0,0.00,0.00,0.00,2.24,0,45,272035,0,0
250,2,20,False,90,3,0,0,0,1,0,11,0,0.00,0.00,0.00,2.02,0,45,300981,12174,11529
250,3,8,True,90,1,0,0,0,3,0,8,0,0.00,0.00,0.00,1.97,0,45,339301,41560,27077
250,4,14,False,90,9,0,0,1,0,2,29,0,0.00,0.00,0.00,1.28,0,45,308412,19790,35024
250,5,16,True,90,3,0,0,0,1,0,18,0,0.00,0.00,0.00,1.60,0,45,335875,37373,17412
253,1,6,True,0,0,0,0,0,0,0,0,0,0.00,0.00,0.00,0.00,0,50,3342,0,0
253,2,20,False,90,1,0,0,0,1,0,4,1,0.00,0.04,0.04,2.02,8,50,7735,2314,630
253,3,8,True,90,1,0,0,0,3,0,8,0,0.00,0.06,0.06,1.97,7,50,15474,5842,2138
253,4,14,False,0,0,0,0,0,0,0,0,0,0.00,0.00,0.00,0.00,0,50,13284,1887,3265
253,5,16,True,10,1,0,0,0,1,0,0,0,0.00,0.00,0.00,0.36,5,50,14092,1831,2077
254,1,6,True,81,1,0,0,0,3,0,4,0,0.13,0.04,0.17,2.21,7,45,148513,0,0
254,2,20,False,90,2,0,0,0,1,0,10,0,0.00,0.02,0.02,2.02,3,45,165662,11181,9429
254,3,8,True,78,1,0,0,0,3,0,7,0,0.08,0.10,0.18,1.97,5,45,173615,15006,17182
254,4,14,False,90,6,0,0,1,0,0,25,0,0.05,0.05,0.10,1.28,9,45,143996,4729,26085
254,5,16,True,90,2,0,0,0,1,0,19,0,0.00,0.09,0.09,1.60,7,45,147666,11569,11279
255,1,6,True,90,3,0,0,0,3,0,7,0,0.00,0.03,0.03,2.24,10,45,1787,0,0
255,2,20,False,0,0,0,0,0,0,0,0,0,0.00,0.00,0.00,0.00,0,45,3423,781,259
255,3,8,True,0,0,0,0,0,0,0,0,0,0.00,0.00,0.00,0.00,0,45,3459,506,689
255,4,14,False,0,0,0,0,0,0,0,0,0,0.00,0.00,0.00,0.00,0,45,3009,104,613
255,5,16,True,0,0,0,0,0,0,0,0,0,0.00,0.00,0.00,0.00,0,45,2849,89,332
256,1,6,True,0,0,0,0,0,0,0,0,0,0.00,0.00,0.00,0.00,0,45,24681,0,0
256,2,20,False,0,0,0,0,0,0,0,0,0,0.00,0.00,0.00,0.00,0,45,25956,338,2061
256,3,8,True,0,0,0,0,0,0,0,0,0,0.00,0.00,0.00,0.00,0,45,23617,430,3016
256,4,14,False,27,0,0,0,0,0,0,-1,1,0.00,0.00,0.00,0.65,3,44,21818,237,2295
256,5,16,True,0,0,0,0,0,0,0,0,0,0.00,0.00,0.00,0.00,0,44,20252,326,2073
257,1,6,True,90,0,0,0,0,3,0,1,1,0.02,0.02,0.04,2.24,4,45,64737,0,0
257,2,20,False,90,2,0,0,0,1,0,13,0,0.00,0.01,0.01,2.02,7,45,75885,6863,6042
257,3,8,True,90,1,0,0,0,3,0,2,0,0.00,0.04,0.04,1.97,2,45,79648,8199,7975
257,4,14,False,90,6,0,0,1,0,0,27,0,0.05,0.00,0.05,1.28,8,45,71722,2294,10216
257,5,16,True,90,6,0,1,0,1,1,26,0,0.06,0.01,0.07,1.60,8,45,72972,3658,3913
258,1,6,True,90,6,0,2,0,3,0,21,1,0.09,0.18,0.27,2.24,6,45,26346,0,0
258,2,20,False,67,6,0,0,1,0,0,18,0,0.00,0.00,0.00,0.26,2,45,45933,12096,2615
258,3,8,True,90,1,0,0,0,3,0,-1,0,0.58,0.19,0.77,1.97,7,45,105919,44214,10839
258,4,14,False,71,6,0,0,1,0,0,23,0,0.00,0.01,0.01,0.74,5,45,83333,6203,17661
258,5,16,True,90,1,0,0,0,1,0,3,1,0.00,0.01,0.01,1.60,9,45,92417,14129,7614
261,1,6,True,90,2,0,0,0,3,0,17,0,0.00,0.04,0.04,2.24,10,55,88413,0,0
261,2,20,False,90,2,0,0,0,1,0,20,0,0.01,0.40,0.41,2.02,4,55,95898,6095,9396
261,3,8,True,82,2,0,0,0,3,0,15,0,0.04,0.26,0.30,1.97,4,55,88922,7354,16871
261,4,14,False,76,3,0,0,1,0,0,15,0,0.15,0.11,0.26,0.81,4,54,75540,2396,16515
261,5,16,True,70,5,0,0,1,0,2,27,0,0.19,0.41,0.60,1.12,7,54,70405,3075,9579
262,1,6,True,0,0,0,0,0,0,0,0,0,0.00,0.00,0.00,0.00,0,55,35036,0,0
262,2,20,False,14,1,0,0,0,0,0,5,0,0.06,0.02,0.08,0.41,1,55,36765,1414,4748
262,3,8,True,11,1,0,0,0,0,0,3,0,0.00,0.00,0.00,0.00,0,55,32334,1425,6526
262,4,14,False,13,1,0,0,0,0,0,3,0,0.00,0.00,0.00,0.46,2,54,28676,777,4894
262,5,16,True,0,0,0,0,0,0,0,0,0,0.00,0.00,0.00,0.00,0,54,26201,582,3491
263,1,6,True,17,1,0,0,0,0,0,2,0,0.00,0.01,0.01,0.03,3,55,5144,0,0
263,2,20,False,7,1,0,0,0,0,0,2,0,0.00,0.04,0.04,0.17,0,55,5495,419,862
263,3,8,True,0,0,0,0,0,0,0,0,0,0.00,0.00,0.00,0.00,0,54,4945,553,1342
263,4,14,False,18,1,0,0,0,0,0,4,0,0.03,0.07,0.10,0.54,3,54,4241,236,1062
263,5,16,True,19,1,0,0,0,1,0,6,0,0.04,0.00,0.04,0.49,2,53,4353,596,671
264,1,6,True,66,2,0,0,0,3,0,10,0,0.00,0.26,0.26,2.21,6,55,26829,0,0
264,2,20,False,67,3,0,0,1,0,0,8,0,0.00,0.01,0.01,0.26,5,55,33606,4520,2997
264,3,8,True,78,2,0,0,0,3,0,17,0,0.32,0.65,0.97,1.97,4,55,34364,4635,5995
264,4,14,False,62,3,0,0,1,0,0,12,0,0.00,0.13,0.13,0.63,7,55,30794,2106,6238
264,5,16,True,70,3,0,0,1,0,0,6,0,0.22,0.09,0.31,1.12,6,55,30671,2742,3876
265,1,6,True,72,2,0,0,0,3,0,14,0,0.03,0.03,0.06,2.21,4,50,38470,0,0
265,2,20,False,82,2,0,0,0,1,0,14,0,0.00,0.20,0.20,1.85,2,50,38868,1465,3333
265,3,8,True,29,1,0,0,0,1,0,9,0,0.00,0.10,0.10,0.84,2,50,36133,1875,5184
265,4,14,False,90,3,0,0,1,0,0,14,0,0.00,0.01,0.01,1.28,9,49,32007,748,5043
265,5,16,True,76,3,0,0,1,0,0,16,0,0.05,0.02,0.07,1.18,2,49,31167,1643,3196
268,1,6,True,90,7,1,0,0,3,0,34,0,0.17,0.04,0.21,2.24,8,55,14215,0,0
268,2,20,False,90,2,0,0,0,1,0,8,0,0.47,0.03,0.50,2.02,4,55,59498,34683,4164
268,3,8,True,90,10,1,0,0,3,3,38,0,0.31,0.27,0.58,1.97,7,55,76528,23134,13472
268,4,14,False,76,3,0,0,1,0,0,19,0,0.21,0.09,0.30,0.81,4,55,130602,81597,34482
268,5,16,True,79,2,0,0,1,0,0,10,1,0.38,0.03,0.41,1.25,5,55,214660,104721,26450
269,1,6,True,17,1,0,0,0,0,0,7,0,0.03,0.00,0.03,0.03,1,45,39784,0,0
269,2,20,False,22,1,0,0,0,1,0,3,0,0.02,0.12,0.14,1.77,1,45,41879,959,3014
269,3,8,True,11,1,0,0,0,0,0,3,0,0.08,0.32,0.40,0.00,1,45,37980,887,4843
269,4,14,False,0,0,0,0,0,0,0,0,0,0.00,0.00,0.00,0.00,0,44,34199,369,4551
269,5,16,True,0,0,0,0,0,0,0,0,0,0.00,0.00,0.00,0.00,0,44,29229,228,5290
271,1,6,True,8,1,0,0,0,0,0,6,0,0.02,0.00,0.02,0.03,1,55,52452,0,0
271,2,20,False,0,0,0,0,0,0,0,0,0,0.00,0.00,0.00,0.00,0,55,54718,2812,6890
271,3,8,True,7,1,0,0,0,0,0,5,0,0.38,0.00,0.38,0.00,0,55,49384,4409,11328
271,4,14,False,13,1,0,0,0,0,0,4,0,0.00,0.00,0.00,0.46,1,54,46371,3624,7896
271,5,16,True,10,0,0,0,0,1,0,-1,1,0.00,0.00,0.00,0.36,1,54,44522,3484,6327
569,1,6,True,90,6,1,0,0,3,0,33,0,0.73,0.01,0.74,2.24,2,60,180799,0,0
569,2,20,False,90,2,0,0,0,1,0,2,0,0.27,0.01,0.28,2.02,4,60,399587,152218,17207
569,3,8,True,90,2,0,0,0,3,0,10,0,0.44,0.20,0.64,1.97,7,60,490355,128611,79185
569,4,14,False,76,2,0,0,1,0,0,5,0,0.20,0.03,0.23,0.81,3,60,405535,38609,108825
569,5,16,True,79,2,0,0,1,0,0,3,0,0.69,0.33,1.02,1.25,2,60,386933,42871,74168
570,1,6,True,72,2,0,0,0,3,0,10,0,0.16,0.01,0.17,2.21,4,55,18267,0,0
570,2,20,False,75,1,0,0,0,1,0,6,1,0.02,0.00,0.02,1.62,9,55,20418,910,1784
570,3,8,True,60,8,1,0,0,2,1,27,0,0.80,0.02,0.82,1.14,0,55,18435,1012,3356
570,4,14,False,0,0,0,0,0,0,0,0,0,0.00,0.00,0.00,0.00,0,55,18348,1449,2132
570,5,16,True,19,1,0,0,0,1,0,5,0,0.00,0.00,0.00,0.49,4,54,18361,1918,2374
580,1,6,True,23,1,0,0,0,0,0,5,0,0.00,0.00,0.00,0.03,3,50,8110,0,0
580,2,20,False,22,1,0,0,0,1,0,2,0,0.09,0.03,0.12,1.77,2,50,8645,359,808
580,3,8,True,78,2,0,0,0,3,0,18,0,0.00,0.09,0.09,1.97,11,50,7900,334,1244
580,4,14,False,90,5,0,0,1,0,0,19,0,0.00,0.02,0.02,1.28,17,50,7397,295,931
580,5,16,True,90,4,0,0,0,1,0,16,0,0.00,0.02,0.02,1.60,13,50,7677,742,693
635,3,8,True,11,1,0,0,0,0,0,3,0,0.13,0.22,0.35,0.00,1,50,322,288,27
635,4,14,False,13,1,0,0,0,0,0,3,0,0.00,0.01,0.01,0.46,1,50,614,266,81
635,5,16,True,13,1,0,0,0,1,0,3,0,0.00,0.00,0.00,0.42,4,50,760,191,125
650,3,8,True,0,0,0,0,0,0,0,0,0,0.00,0.00,0.00,0.00,0,45,317,204,27
650,4,14,False,90,8,0,0,1,0,0,23,0,0.00,0.00,0.00,1.28,12,45,573,274,102
650,5,16,True,90,4,0,0,0,1,0,17,0,0.00,0.02,0.02,1.60,11,45,2846,2400,493
240,1,8,True,0,0,0,0,0,0,0,0,0,0.00,0.00,0.00,0.00,0,50,1417,0,0
240,2,3,False,4,1,0,0,0,0,0,2,0,0.00,0.00,0.00,0.00,0,50,1093,21,348
240,3,2,True,0,0,0,0,0,0,0,0,0,0.00,0.00,0.00,0.00,0,50,1385,309,187
240,4,6,False,21,0,0,0,0,0,0,2,1,0.00,0.00,0.00,0.35,2,50,1598,334,206
240,5,17,False,45,1,0,0,0,0,0,6,0,0.12,0.01,0.13,0.25,7,50,1818,374,273
277,1,16,True,90,8,0,0,1,0,0,27,0,0.00,0.00,0.00,1.83,21,40,134746,0,0
277,2,7,False,90,9,0,0,1,0,1,25,0,0.00,0.00,0.00,1.29,13,40,197783,42937,11207
277,3,2,True,90,6,0,0,1,0,0,18,0,0.00,0.00,0.00,1.93,7,40,623541,335706,57666
277,4,6,False,90,2,0,0,0,2,0,-1,1,0.04,0.00,0.04,0.91,14,41,688208,223735,73551
277,5,17,False,77,1,0,0,0,2,0,2,0,0.01,0.00,0.01,1.31,4,41,776181,120781,44497
279,1,16,True,63,14,1,0,1,0,2,39,0,0.52,0.00,0.52,0.86,7,40,83256,0,0
279,2,7,False,90,6,0,0,1,0,0,24,0,0.00,0.00,0.00,1.29,7,40,200860,79406,15593
279,3,2,True,90,5,0,0,1,0,0,17,1,0.00,0.00,0.00,1.93,6,41,1055220,631920,69249
279,4,6,False,90,1,0,0,0,2,0,-6,0,0.13,0.00,0.13,0.91,3,42,1350778,349993,78543
279,5,17,False,90,1,0,0,0,2,0,5,0,0.01,0.01,0.02,1.44,4,42,1547412,250066,87117
280,1,16,True,69,6,0,0,1,0,0,23,0,0.00,0.01,0.01,1.16,2,40,59278,0,0
280,2,7,False,45,0,0,0,0,0,0,2,1,0.00,0.00,0.00,1.09,4,40,62770,2623,5081
280,3,2,True,63,6,0,0,1,0,0,19,0,0.00,0.01,0.01,1.81,0,40,54378,1532,10186
280,4,6,False,81,1,0,0,0,2,0,2,0,0.13,0.01,0.14,0.72,3,40,65983,9488,4128
280,5,17,False,90,1,0,0,0,2,0,3,0,0.00,0.04,0.04,1.44,2,40,74510,11929,4413
281,1,16,True,20,1,0,0,0,0,0,4,0,0.05,0.00,0.05,0.67,3,40,1668,0,0
281,2,7,False,45,1,0,0,0,0,0,4,0,0.00,0.00,0.00,0.20,3,40,7175,1108,413
281,3,2,True,0,0,0,0,0,0,0,0,0,0.00,0.00,0.00,0.00,0,40,6824,1010,1673
281,4,6,False,0,0,0,0,0,0,0,0,0,0.00,0.00,0.00,0.00,0,40,5246,0,1503
281,5,17,False,0,0,0,0,0,0,0,0,0,0.00,0.00,0.00,0.00,0,40,4645,0,664
282,1,16,True,84,6,0,0,1,0,0,24,0,0.02,0.07,0.09,1.76,6,40,67208,0,0
282,2,7,False,90,6,0,0,1,0,0,21,0,0.00,0.07,0.07,1.29,2,40,90479,12892,4191
282,3,2,True,90,8,0,0,1,0,2,30,0,0.00,0.04,0.04,1.93,4,40,123114,26812,8343
282,4,6,False,90,4,0,1,0,2,0,20,0,0.00,0.17,0.17,0.91,7,40,195043,75912,16922
282,5,17,False,90,0,0,0,0,2,0,-1,1,0.00,0.08,0.08,1.44,5,40,326502,141201,22835
285,1,16,True,26,1,0,0,0,0,0,3,0,0.00,0.00,0.00,0.96,2,40,8697,0,0
285,2,7,False,0,0,0,0,0,0,0,0,0,0.00,0.00,0.00,0.00,0,40,13083,646,690
285,3,2,True,0,0,0,0,0,0,0,0,0,0.00,0.00,0.00,0.00,0,40,13231,1008,1499
285,4,6,False,0,0,0,0,0,0,0,0,0,0.00,0.00,0.00,0.00,0,40,12640,574,1203
285,5,17,False,0,0,0,0,0,0,0,0,0,0.00,0.00,0.00,0.00,0,40,12664,725,917
286,1,16,True,90,3,0,0,1,0,0,8,0,0.05,0.03,0.08,1.83,10,50,40446,0,0
286,2,7,False,82,6,0,1,1,0,0,23,0,0.12,0.02,0.14,1.11,10,50,63814,13890,4031
286,3,2,True,81,5,0,0,1,0,0,15,0,0.03,0.01,0.04,1.93,12,50,88726,26562,10439
286,4,6,False,59,13,2,0,0,1,2,43,0,0.17,0.06,0.23,0.26,1,50,107667,26566,11658
286,5,17,False,82,4,0,1,0,2,0,22,1,0.35,0.31,0.66,1.31,11,51,497698,362918,33910
287,1,16,True,19,0,0,0,0,0,0,2,1,0.00,0.00,0.00,0.67,3,50,6086,0,0
287,2,7,False,31,6,1,0,0,0,0,24,0,0.58,0.00,0.58,0.20,1,50,6233,305,987
287,3,2,True,0,0,0,0,0,0,0,0,0,0.00,0.00,0.00,0.00,0,50,6931,2873,2733
287,4,6,False,0,0,0,0,0,0,0,0,0,0.00,0.00,0.00,0.00,0,50,4292,0,2492
287,5,17,False,0,0,0,0,0,0,0,0,0,0.00,0.00,0.00,0.00,0,50,3415,0,1008
289,1,16,True,90,2,0,0,1,0,0,9,1,0.00,0.00,0.00,1.83,9,45,57929,0,0
289,2,7,False,0,0,0,0,0,0,0,0,0,0.00,0.00,0.00,0.00,0,45,71261,10141,5690
289,3,2,True,0,0,0,0,0,0,0,0,0,0.00,0.00,0.00,0.00,0,45,57596,2885,15250
289,4,6,False,68,1,0,0,0,2,0,2,1,0.00,0.00,0.00,0.55,10,45,52575,2257,8983
289,5,17,False,45,0,0,0,0,2,0,6,1,0.00,0.12,0.12,1.19,2,45,51411,4076,6306
290,1,16,True,90,6,0,1,1,0,0,20,0,0.00,0.44,0.44,1.83,3,45,272889,0,0
290,2,7,False,90,2,0,0,1,0,0,6,1,0.00,0.01,0.01,1.29,10,45,391444,92371,22374
290,3,2,True,90,3,0,0,1,0,0,10,0,0.04,0.01,0.05,1.93,6,45,523606,157568,66242
290,4,6,False,90,2,0,0,0,2,0,22,0,0.04,0.10,0.14,0.91,11,45,601956,170308,88811
290,5,17,False,77,2,0,0,0,2,0,9,0,0.13,0.03,0.16,1.31,3,45,597244,62686,63572
295,1,16,True,90,5,0,1,1,0,0,21,0,0.16,0.01,0.17,1.83,5,55,113765,0,0
295,2,7,False,90,1,0,0,1,0,0,7,1,0.00,0.01,0.01,1.29,4,55,219548,82641,15941
295,3,2,True,90,2,0,0,1,0,0,2,0,0.38,0.05,0.43,1.93,3,55,211366,40632,50000
295,4,6,False,81,4,0,1,0,2,0,17,1,0.33,0.04,0.37,0.72,3,55,198314,22215,40731
295,5,17,False,90,1,0,0,0,2,0,5,1,0.36,0.02,0.38,1.44,6,55,213941,35498,28675
340,1,16,True,0,0,0,0,0,0,0,0,0,0.00,0.00,0.00,0.00,0,50,1365,0,0
340,2,7,False,0,0,0,0,0,0,0,0,0,0.00,0.00,0.00,0.00,0,50,1160,45,288
340,3,2,True,0,0,0,0,0,0,0,0,0,0.00,0.00,0.00,0.00,0,50,1068,99,223
340,4,6,False,0,0,0,0,0,0,0,0,0,0.00,0.00,0.00,0.00,0,50,1173,185,163
340,5,17,False,7,1,0,0,0,0,0,5,0,0.10,0.02,0.12,0.13,1,50,1289,281,233
556,1,16,True,5,1,0,0,0,0,0,3,0,0.00,0.00,0.00,0.07,0,40,218902,0,0
556,2,7,False,0,0,0,0,0,0,0,0,0,0.00,0.00,0.00,0.00,0,40,224749,5393,15441
556,3,2,True,0,0,0,0,0,0,0,0,0,0.00,0.00,0.00,0.00,0,40,218007,10419,23113
556,4,6,False,0,0,0,0,0,0,0,0,0,0.00,0.00,0.00,0.00,0,40,203969,5238,19245
556,5,17,False,0,0,0,0,0,0,0,0,0,0.00,0.00,0.00,0.00,0,40,187250,3674,19477
563,1,16,True,0,0,0,0,0,0,0,0,0,0.00,0.00,0.00,0.00,0,50,2175,0,0
563,2,7,False,45,1,0,0,0,0,0,6,0,0.00,0.00,0.00,1.09,3,50,2129,118,328
563,3,2,True,0,0,0,0,0,0,0,0,0,0.00,0.00,0.00,0.00,0,50,2482,421,317
563,4,6,False,0,0,0,0,0,0,0,0,0,0.00,0.00,0.00,0.00,0,50,2165,141,510
563,5,17,False,0,0,0,0,0,0,0,0,0,0.00,0.00,0.00,0.00,0,50,1759,23,441
572,1,16,True,90,10,0,0,1,0,3,41,0,0.00,0.00,0.00,1.83,0,45,48305,0,0
572,2,7,False,90,10,0,0,1,0,3,32,0,0.00,0.00,0.00,1.29,0,45,301344,101970,12415
572,3,2,True,90,6,0,0,1,0,0,25,0,0.00,0.00,0.00,1.93,0,46,857252,367782,60873
572,4,6,False,90,2,0,0,0,2,0,15,0,0.00,0.00,0.00,0.91,0,46,1074132,238858,67748
572,5,17,False,90,6,0,0,0,2,0,16,1,0.00,0.00,0.00,1.44,0,46,1243266,162718,54614
574,1,16,True,0,0,0,0,0,0,0,0,0,0.00,0.00,0.00,0.00,0,50,7500,0,0
574,2,7,False,0,0,0,0,0,0,0,0,0,0.00,0.00,0.00,0.00,0,50,7716,307,969
574,3,2,True,8,1,0,0,0,0,0,4,0,0.00,0.00,0.00,0.00,1,50,6691,321,1460
574,4,6,False,0,0,0,0,0,0,0,0,0,0.00,0.00,0.00,0.00,0,49,6454,444,865
574,5,17,False,0,0,0,0,0,0,0,0,0,0.00,0.00,0.00,0.00,0,49,6046,289,826
576,1,16,True,70,3,0,0,1,0,0,11,0,0.00,0.03,0.03,1.16,6,50,6733,0,0
576,2,7,False,58,0,0,0,0,0,0,-2,1,0.01,0.01,0.02,1.09,7,50,9465,1430,597
576,3,2,True,62,3,0,0,1,0,0,5,0,0.04,0.01,0.05,1.81,2,50,8900,770,1686
576,4,6,False,59,1,0,0,0,1,0,3,0,0.01,0.00,0.01,0.26,5,50,8779,621,1031
576,5,17,False,0,0,0,0,0,0,0,0,0,0.00,0.00,0.00,0.00,0,50,8823,701,909
585,1,16,True,26,1,0,0,0,0,0,4,0,0.00,0.00,0.00,0.96,4,40,53978,0,0
585,2,7,False,31,1,0,0,0,0,0,3,0,0.00,0.00,0.00,0.20,1,40,63919,2771,3602
585,3,2,True,19,1,0,0,0,0,0,2,0,0.00,0.00,0.00,0.12,2,40,64658,3434,5099
585,4,6,False,31,1,0,0,0,1,0,-1,0,0.00,0.01,0.01,0.64,1,40,62794,2136,4592
585,5,17,False,90,1,0,0,0,2,0,11,0,0.02,0.03,0.05,1.44,8,40,63742,3458,3594
586,1,16,True,63,15,1,0,1,0,1,35,0,0.28,0.00,0.28,0.86,13,40,92688,0,0
586,2,7,False,58,1,0,0,0,0,0,9,0,0.01,0.00,0.01,1.09,9,40,418634,179580,19460
586,3,2,True,70,8,0,0,1,0,0,22,0,0.03,0.00,0.03,1.81,10,40,619201,166798,68763
586,4,6,False,58,1,0,0,0,1,0,3,0,0.00,0.00,0.00,0.26,7,41,895270,316492,70463
586,5,17,False,0,0,0,0,0,0,0,0,0,0.00,0.00,0.00,0.00,0,41,693276,13422,166297
589,1,16,True,0,0,0,0,0,0,0,0,0,0.00,0.00,0.00,0.00,0,50,2352,0,0
589,2,7,False,45,1,0,0,0,0,0,6,0,0.00,0.01,0.01,0.20,6,50,2781,135,313
589,3,2,True,81,2,0,0,1,0,0,7,1,0.00,0.01,0.01,1.93,10,50,2738,213,347
589,4,6,False,0,0,0,0,0,0,0,0,0,0.00,0.00,0.00,0.00,0,50,2686,172,283
589,5,17,False,12,1,0,0,0,0,0,5,0,0.03,0.01,0.04,0.13,1,50,2600,149,292
617,2,7,False,7,1,0,0,0,0,0,3,0,0.00,0.00,0.00,0.18,0,50,49,25,2
617,3,2,True,8,1,0,0,0,0,0,5,0,0.05,0.00,0.05,0.00,0,50,871,671,189
617,4,6,False,30,1,0,0,0,1,0,3,0,0.47,0.16,0.63,0.64,2,50,1116,339,192
617,5,17,False,27,6,1,0,0,0,0,25,0,0.27,0.20,0.47,0.16,0,50,1422,401,229
637,3,2,True,0,0,0,0,0,0,0,0,0,0.00,0.00,0.00,0.00,0,50,2077,1607,202
637,4,6,False,8,1,0,0,0,0,0,3,0,0.00,0.00,0.00,0.18,1,50,5168,3312,901
637,5,17,False,12,1,0,0,0,0,0,5,0,0.00,0.01,0.01,0.13,1,50,10422,5586,1718
638,3,2,True,26,1,0,0,0,0,0,3,0,0.00,0.00,0.00,0.12,1,40,17629,6454,773
638,4,6,False,8,0,0,0,0,0,0,0,1,0.05,0.00,0.05,0.18,0,40,34986,14148,3476
638,5,17,False,0,0,0,0,0,0,0,0,0,0.00,0.00,0.00,0.00,0,40,29384,5014,3577
642,3,2,True,27,1,0,0,0,0,0,5,0,0.00,0.04,0.04,0.12,1,55,569,446,58
642,4,6,False,30,1,0,0,0,1,0,6,0,0.02,0.03,0.05,0.64,4,55,1526,883,277
642,5,17,False,62,2,0,0,0,2,0,2,0,0.19,0.04,0.23,1.28,3,55,2637,1275,514
259,1,20,True,90,2,0,0,0,1,0,7,0,0.00,0.01,0.01,0.66,5,40,1668644,0,0
259,2,16,False,90,2,0,0,0,5,0,7,0,0.00,0.00,0.00,4.77,12,40,1683238,26513,70924
259,3,14,True,90,3,0,0,0,2,0,10,0,0.00,0.01,0.01,0.69,11,40,1603991,43514,125150
259,4,8,False,90,1,0,0,0,2,0,8,0,0.00,0.13,0.13,0.62,7,40,1519556,39336,143602
259,5,9,False,90,4,0,0,0,1,0,13,0,0.06,0.01,0.07,2.24,10,40,1423347,19674,112946
267,1,20,True,90,5,0,1,0,1,0,22,0,0.00,0.02,0.02,0.66,6,50,10816,0,0
267,2,16,False,72,1,0,0,0,4,0,11,1,0.02,0.02,0.04,3.91,11,50,12592,1178,1345
267,3,14,True,90,2,0,0,0,2,0,13,0,0.00,0.02,0.02,0.69,4,50,11933,809,1806
267,4,8,False,76,1,0,0,0,2,0,8,1,0.00,0.10,0.10,0.35,10,50,11520,772,1417
267,5,9,False,72,2,0,0,0,1,0,14,0,0.00,0.25,0.25,1.76,6,50,10737,469,1385
300,1,20,True,0,0,0,0,0,0,0,0,0,0.00,0.00,0.00,0.00,0,45,47085,0,0
300,2,16,False,0,0,0,0,0,0,0,0,0,0.00,0.00,0.00,0.00,0,45,48759,209,4572
300,3,14,True,0,0,0,0,0,0,0,0,0,0.00,0.00,0.00,0.00,0,45,44862,350,4464
300,4,8,False,0,0,0,0,0,0,0,0,0,0.00,0.00,0.00,0.00,0,44,42889,363,2771
300,5,9,False,90,2,0,0,0,1,0,10,0,0.00,0.01,0.01,2.24,0,44,41812,763,2106
304,1,20,True,90,4,0,0,0,1,0,16,0,0.00,0.16,0.16,0.66,18,40,313565,0,0
304,2,16,False,90,0,0,0,0,5,0,-14,0,0.07,0.01,0.08,4.77,1,40,338381,15639,13984
304,3,14,True,90,3,0,0,0,2,0,5,0,0.00,0.01,0.01,0.69,11,40,330000,22172,37193
304,4,8,False,90,1,0,0,0,2,0,5,0,0.00,0.08,0.08,0.62,9,40,317758,18186,40551
304,5,9,False,90,2,0,0,0,1,0,12,0,0.00,0.00,0.00,2.24,9,40,302768,7422,21615
305,1,20,True,90,2,0,0,0,1,0,10,0,0.00,0.01,0.01,0.66,7,40,479363,0,0
305,2,16,False,90,6,1,0,0,5,0,1,0,0.54,0.12,0.66,4.77,4,40,482824,7322,21290
305,3,14,True,90,1,0,0,0,2,0,4,0,0.11,0.12,0.23,0.69,6,40,540194,62873,39956
305,4,8,False,90,14,1,2,0,2,1,35,0,0.52,0.19,0.71,0.62,2,40,543743,45631,60527
305,5,9,False,90,2,0,0,0,1,0,2,0,0.42,0.02,0.44,2.24,5,40,755615,204377,35843
306,1,20,True,90,2,0,0,0,1,0,12,0,0.00,0.00,0.00,0.66,7,40,134129,0,0
306,2,16,False,90,-1,0,0,0,5,0,-13,1,0.00,0.01,0.01,4.77,10,40,141835,1636,6111
306,3,14,True,90,1,0,0,0,2,0,6,0,0.00,0.04,0.04,0.69,7,40,134162,2678,11273
306,4,8,False,87,1,0,0,0,2,0,7,0,0.00,0.01,0.01,0.62,6,40,127747,1996,9662
306,5,9,False,0,0,0,0,0,0,0,0,0,0.00,0.00,0.00,0.00,0,40,121588,1426,7695
308,1,20,True,0,0,0,0,0,0,0,0,0,0.00,0.00,0.00,0.00,0,40,56130,0,0
308,2,16,False,17,1,0,0,0,1,0,-1,0,0.00,0.00,0.00,0.86,3,40,59266,269,4416
308,3,14,True,0,0,0,0,0,0,0,0,0,0.00,0.00,0.00,0.00,0,40,55806,612,4548
308,4,8,False,0,0,0,0,0,0,0,0,0,0.00,0.00,0.00,0.00,0,40,52748,431,3716
308,5,9,False,0,0,0,0,0,0,0,0,0,0.00,0.00,0.00,0.00,0,39,80113,11325,4097
309,1,20,True,79,4,0,0,0,1,0,26,0,0.03,0.03,0.06,0.63,12,50,11544,0,0
309,2,16,False,61,2,0,0,0,3,0,6,0,0.00,0.02,0.02,2.85,9,50,14039,1197,1393
309,3,14,True,0,0,0,0,0,0,0,0,0,0.00,0.00,0.00,0.00,0,50,13914,1106,1985
309,4,8,False,0,0,0,0,0,0,0,0,0,0.00,0.00,0.00,0.00,0,50,12735,377,1862
309,5,9,False,0,0,0,0,0,0,0,0,0,0.00,0.00,0.00,0.00,0,49,11613,337,1767
313,1,20,True,19,7,1,0,0,0,1,27,0,0.10,0.00,0.10,0.03,2,55,24135,0,0
313,2,16,False,0,0,0,0,0,0,0,0,0,0.00,0.00,0.00,0.00,0,55,29170,3202,2443
313,3,14,True,24,1,0,0,0,0,0,3,0,0.05,0.02,0.07,0.06,2,55,24744,1167,5726
313,4,8,False,62,1,0,0,0,1,0,8,1,0.15,0.02,0.17,0.20,2,54,22006,468,3722
313,5,9,False,65,2,0,0,0,1,0,10,0,0.00,0.33,0.33,1.68,4,54,19907,514,2903
315,1,20,True,65,2,0,0,0,1,0,22,0,0.00,0.41,0.41,0.63,7,55,21235,0,0
315,2,16,False,82,4,0,1,0,5,0,25,1,0.00,0.22,0.22,4.59,4,55,21573,570,2768
315,3,14,True,78,2,0,0,0,2,0,14,0,0.03,0.15,0.18,0.69,6,55,21660,2126,2975
315,4,8,False,61,1,0,0,0,1,0,6,1,0.00,0.05,0.05,0.20,7,55,21628,1970,2434
315,5,9,False,66,-1,0,0,0,1,0,4,0,0.14,0.28,0.42,1.68,4,54,19671,636,2667
316,1,20,True,65,9,1,0,0,1,3,41,0,0.82,0.06,0.88,0.63,3,55,33590,0,0
316,2,16,False,45,1,0,0,0,1,0,7,0,0.00,0.00,0.00,0.77,1,55,182058,76807,16810
316,3,14,True,65,2,0,0,0,2,0,8,0,0.22,0.00,0.22,0.62,3,55,167319,20740,51244
316,4,8,False,62,12,1,1,0,1,3,45,0,0.44,0.05,0.49,0.20,2,55,178755,26091,24353
316,5,9,False,80,2,0,0,0,1,0,9,0,0.13,0.01,0.14,2.07,1,55,360268,160060,26867
318,1,20,True,0,0,0,0,0,0,0,0,0,0.00,0.00,0.00,0.00,0,55,14821,0,0
318,2,16,False,0,0,0,0,0,0,0,0,0,0.00,0.00,0.00,0.00,0,55,12592,106,3928
318,3,14,True,0,0,0,0,0,0,0,0,0,0.00,0.00,0.00,0.00,0,54,9209,41,3450
318,4,8,False,28,1,0,0,0,1,0,6,0,0.02,0.00,0.01,0.41,3,54,8038,38,1341
318,5,9,False,24,1,0,0,0,0,0,5,0,0.06,0.01,0.07,0.56,1,54,7806,83,405
320,1,20,True,24,1,0,0,0,0,0,3,0,0.00,0.00,0.00,0.03,3,50,47871,0,0
320,2,16,False,45,5,1,0,0,4,0,30,0,0.97,0.00,0.97,4.01,0,50,52422,4625,6250
320,3,14,True,0,0,0,0,0,0,0,0,0,0.00,0.00,0.00,0.00,0,50,114005,62654,17220
320,4,8,False,0,0,0,0,0,0,0,0,0,0.00,0.00,0.00,0.00,0,50,129479,36471,19354
320,5,9,False,9,1,0,0,0,0,0,3,0,0.17,0.00,0.17,0.16,0,50,132823,22206,21609
321,1,20,True,10,1,0,0,0,0,0,3,0,0.00,0.00,0.00,0.03,0,45,199675,0,0
321,2,16,False,0,0,0,0,0,0,0,0,0,0.00,0.00,0.00,0.00,0,45,247770,40712,23441
321,3,14,True,0,0,0,0,0,0,0,0,0,0.00,0.00,0.00,0.00,0,45,367243,127698,54154
321,4,8,False,0,0,0,0,0,0,0,0,0,0.00,0.00,0.00,0.00,0,45,372683,82088,57506
321,5,9,False,0,0,0,0,0,0,0,0,0,0.00,0.00,0.00,0.00,0,45,402496,62123,49386
323,1,20,True,24,1,0,0,0,0,0,4,0,0.00,0.00,0.00,0.03,3,45,130440,0,0
323,2,16,False,7,1,0,0,0,0,0,3,0,0.00,0.00,0.00,0.18,1,45,133761,5615,11565
323,3,14,True,11,1,0,0,0,0,0,5,0,0.05,0.00,0.05,0.00,1,45,133131,11626,15966
323,4,8,False,0,0,0,0,0,0,0,0,0,0.00,0.00,0.00,0.00,0,45,126703,7120,14291
323,5,9,False,0,0,0,0,0,0,0,0,0,0.00,0.00,0.00,0.00,0,45,114904,2383,14025
562,1,20,True,79,2,0,0,0,1,0,7,0,0.61,0.00,0.61,0.63,9,55,37656,0,0
562,2,16,False,72,2,0,0,0,4,0,10,0,0.06,0.01,0.07,3.91,5,55,37115,740,4042
562,3,14,True,65,2,0,0,0,2,0,9,0,0.04,0.00,0.04,0.62,5,55,32352,903,5839
562,4,8,False,27,1,0,0,0,1,0,1,0,0.00,0.00,0.00,0.41,0,54,29173,861,4518
562,5,9,False,16,1,0,0,0,0,0,5,0,0.00,0.01,0.01,0.48,1,54,25203,224,4371
564,1,20,True,90,2,0,0,0,1,0,12,0,0.00,0.00,0.00,0.66,0,45,57252,0,0
564,2,16,False,90,2,0,0,0,5,0,9,0,0.00,0.01,0.01,4.77,0,45,62701,1329,3576
564,3,14,True,90,2,0,0,0,2,0,13,0,0.00,0.00,0.00,0.69,0,45,58738,4399,7157
564,4,8,False,90,1,0,0,0,2,0,6,0,0.00,0.00,0.00,0.62,0,45,63943,5936,5606
564,5,9,False,0,0,0,0,0,0,0,0,0,0.00,0.00,0.00,0.00,0,45,63895,2903,4238
571,1,20,True,0,0,0,0,0,0,0,0,0,0.00,0.00,0.00,0.00,0,50,12850,0,0
571,2,16,False,0,0,0,0,0,0,0,0,0,0.00,0.00,0.00,0.00,0,50,11870,214,2207
571,3,14,True,0,0,0,0,0,0,0,0,0,0.00,0.00,0.00,0.00,0,49,9821,223,2351
571,4,8,False,13,1,0,0,0,0,0,8,0,0.00,0.01,0.01,0.27,2,49,9156,327,1233
571,5,9,False,17,1,0,0,0,0,0,1,0,0.00,0.00,0.00,0.48,0,49,8567,181,940
591,1,20,True,70,5,0,1,0,1,0,24,0,0.23,0.31,0.54,0.63,8,55,24595,0,0
591,2,16,False,90,5,0,1,0,5,0,25,0,0.40,0.31,0.71,4.77,8,55,48266,17669,4454
591,3,14,True,90,1,0,0,0,2,0,16,1,0.24,0.02,0.26,0.69,5,55,82553,35897,10811
591,4,8,False,90,2,0,0,0,2,0,7,0,0.05,0.20,0.25,0.62,5,55,96833,28533,15556
591,5,9,False,73,2,0,0,0,1,0,11,0,0.34,0.05,0.39,1.76,5,55,89625,9464,15468
592,1,20,True,10,1,0,0,0,0,0,4,0,0.00,0.00,0.00,0.03,2,40,86218,0,0
592,2,16,False,17,1,0,0,0,1,0,-1,0,0.00,0.00,0.00,0.86,0,40,99458,2769,5866
592,3,14,True,12,1,0,0,0,0,0,4,0,0.00,0.02,0.02,0.00,0,40,100578,4401,7161
592,4,8,False,2,1,0,0,0,0,0,5,0,0.00,0.00,0.00,0.00,1,40,97893,3046,5631
592,5,9,False,90,2,0,0,0,1,0,17,0,0.02,0.01,0.03,2.24,8,40,94948,2569,5478
619,2,16,False,28,1,0,0,0,2,0,11,0,0.00,0.01,0.01,1.92,6,50,127,89,5
619,3,14,True,77,4,0,0,0,2,0,24,0,0.00,0.02,0.02,0.69,19,50,1551,1326,347
619,4,8,False,90,4,0,0,0,2,0,14,0,0.00,0.04,0.04,0.62,13,50,3376,2317,909
619,5,9,False,80,2,0,0,0,1,0,15,0,0.00,0.02,0.02,2.07,6,50,7887,4756,1349
640,3,14,True,24,1,0,0,0,0,0,4,0,0.02,0.01,0.03,0.06,0,55,1904,1761,233
640,4,8,False,27,5,1,0,0,1,0,32,0,0.52,0.00,0.52,0.41,2,55,4207,2524,689
640,5,9,False,9,0,0,0,0,0,0,-2,1,0.10,0.00,0.10,0.16,3,55,7673,4077,1300
260,1,18,False,65,3,0,0,1,0,0,8,0,0.00,0.02,0.02,0.53,2,65,577649,0,0
260,2,4,True,45,1,0,0,0,0,0,7,0,0.01,0.04,0.05,1.13,6,65,557212,14929,57768
260,3,5,False,17,0,0,0,0,0,0,0,1,0.00,0.00,0.00,1.32,1,64,401861,7327,155605
260,4,17,True,18,1,0,0,0,1,0,4,0,0.00,0.03,0.03,0.30,2,63,291023,3258,124782
260,5,8,True,0,0,0,0,0,0,0,0,0,0.00,0.00,0.00,0.00,0,62,220557,3457,78547
327,1,18,False,90,10,0,0,1,0,2,28,0,0.11,0.00,0.11,0.66,12,50,27043,0,0
327,2,4,True,45,1,0,0,0,1,0,0,0,0.00,0.00,0.00,0.55,5,50,96315,45219,8184
327,3,5,False,29,1,0,0,0,1,0,1,0,0.00,0.00,0.00,1.95,4,50,95603,14908,17527
327,4,17,True,0,0,0,0,0,0,0,0,0,0.00,0.00,0.00,0.00,0,50,87595,4371,14839
327,5,8,True,0,0,0,0,0,0,0,0,0,0.00,0.00,0.00,0.00,0,50,79639,3804,13065
329,1,18,False,90,6,0,0,1,0,0,21,0,0.03,0.06,0.09,0.66,7,45,330772,0,0
329,2,4,True,33,1,0,0,0,0,0,4,0,0.00,0.00,0.00,0.35,4,45,358288,21600,12574
329,3,5,False,0,0,0,0,0,0,0,0,0,0.00,0.00,0.00,0.00,0,45,220934,5070,127627
329,4,17,True,0,0,0,0,0,0,0,0,0,0.00,0.00,0.00,0.00,0,44,118013,168,112844
329,5,8,True,0,0,0,0,0,0,0,0,0,0.00,0.00,0.00,0.00,0,44,89396,56,34960
330,1,18,False,90,6,0,0,1,0,0,24,0,0.00,0.00,0.00,0.66,3,45,45674,0,0
330,2,4,True,67,2,0,0,0,1,0,9,0,0.00,0.01,0.01,0.74,7,45,54809,5925,3124
330,3,5,False,60,14,1,0,1,0,3,30,1,0.90,0.02,0.92,0.24,2,45,54984,5089,5521
330,4,17,True,82,15,1,0,1,0,3,45,0,0.41,0.05,0.46,0.59,3,45,232034,121956,23933
330,5,8,True,66,5,0,0,1,0,0,14,1,0.07,0.00,0.07,0.66,1,46,695534,393603,26630
331,1,18,False,0,0,0,0,0,0,0,0,0,0.00,0.00,0.00,0.00,0,45,5099,0,0
331,2,4,True,0,0,0,0,0,0,0,0,0,0.00,0.00,0.00,0.00,0,45,4329,66,992
331,3,5,False,90,2,0,0,0,1,0,9,0,0.00,0.00,0.00,2.19,5,45,4932,644,391
331,4,17,True,72,6,0,0,1,0,0,26,0,0.00,0.18,0.18,0.58,4,45,5954,1148,527
331,5,8,True,90,6,0,0,1,0,0,27,0,0.00,0.03,0.03,1.06,5,45,8163,1740,520
332,1,18,False,90,10,0,0,1,0,2,28,0,0.00,0.01,0.01,0.66,12,45,52732,0,0
332,2,4,True,90,2,0,0,0,1,0,12,0,0.03,0.01,0.04,1.67,8,45,121554,43534,9391
332,3,5,False,90,4,0,0,0,1,0,9,0,0.14,0.00,0.14,2.19,10,45,150950,35632,21428
332,4,17,True,90,2,0,0,0,1,0,11,0,0.00,0.28,0.28,0.88,5,45,160487,27752,22126
332,5,8,True,90,8,0,0,1,0,2,31,0,0.05,0.12,0.17,1.06,9,45,160178,10354,11968
334,1,18,False,90,6,0,0,1,0,0,25,0,0.09,0.00,0.09,0.66,7,50,306283,0,0
334,2,4,True,90,4,0,0,0,1,0,17,0,0.00,0.01,0.01,1.67,19,50,336009,21539,11842
334,3,5,False,90,4,0,0,0,1,0,10,0,0.00,0.01,0.01,2.19,13,50,326555,40504,42593
334,4,17,True,90,7,0,1,0,1,0,27,0,0.00,0.02,0.02,0.88,11,50,410571,135153,68507
334,5,8,True,90,6,0,0,1,0,0,22,0,0.40,0.01,0.41,1.06,8,50,492213,74089,25942
335,1,18,False,90,13,1,0,1,0,3,37,0,0.10,0.05,0.15,0.66,16,60,80326,0,0
335,2,4,True,90,4,0,0,0,1,0,13,0,0.07,0.01,0.08,1.67,16,60,255319,81344,13679
335,3,5,False,90,2,0,0,0,1,0,7,0,0.32,0.10,0.42,2.19,6,60,303711,62176,49557
335,4,17,True,87,3,0,0,1,0,0,16,0,0.43,0.07,0.50,0.59,10,60,291170,29721,49086
335,5,8,True,90,5,0,0,1,0,0,13,0,0.05,0.08,0.13,1.06,13,60,291868,24102,32411
336,1,18,False,24,1,0,0,0,0,0,10,0,0.00,0.16,0.16,0.13,5,60,45369,0,0
336,2,4,True,68,2,0,0,0,1,0,11,0,0.08,0.01,0.09,0.74,2,60,40559,1355,9168
336,3,5,False,61,3,0,0,1,0,0,9,0,0.00,0.01,0.01,0.24,0,59,32691,2519,10891
336,4,17,True,71,9,1,0,1,0,1,35,0,0.07,0.08,0.15,0.58,6,59,29116,2061,6666
336,5,8,True,75,3,0,0,1,0,0,17,0,0.02,0.01,0.03,0.68,5,58,50221,19172,5061
337,1,18,False,81,3,0,0,1,0,0,16,0,0.01,0.01,0.02,0.58,7,55,87156,0,0
337,2,4,True,45,1,0,0,0,1,0,6,0,0.00,0.01,0.01,0.55,3,55,85405,2593,8433
337,3,5,False,28,1,0,0,0,1,0,5,0,0.00,0.00,0.00,1.95,0,55,70876,2026,16094
337,4,17,True,18,1,0,0,0,1,0,4,0,0.00,0.00,0.00,0.30,1,54,61613,1095,11412
337,5,8,True,22,1,0,0,0,0,0,5,0,0.00,0.00,0.00,0.40,4,54,54410,849,8790
338,1,18,False,90,5,0,0,1,0,0,18,0,0.00,0.04,0.04,0.66,13,55,132659,0,0
338,2,4,True,90,2,0,0,0,1,0,12,0,0.01,0.09,0.10,1.67,10,55,133624,4591,9441
338,3,5,False,90,2,0,0,0,1,0,13,0,0.00,0.01,0.01,2.19,11,55,117203,3562,19269
338,4,17,True,90,7,0,1,0,1,0,25,0,0.07,0.02,0.09,0.88,12,54,103938,2529,17018
338,5,8,True,90,5,0,0,1,0,0,19,0,0.00,0.10,0.10,1.06,14,54,102625,5751,9951
339,1,18,False,8,1,0,0,0,0,0,3,0,0.00,0.00,0.00,0.07,0,50,12582,0,0
339,2,4,True,0,0,0,0,0,0,0,0,0,0.00,0.00,0.00,0.00,0,50,12723,575,1631
339,3,5,False,0,0,0,0,0,0,0,0,0,0.00,0.00,0.00,0.00,0,50,10952,639,2604
339,4,17,True,2,1,0,0,0,1,0,4,0,0.00,0.00,0.00,0.28,0,49,10180,693,1806
339,5,8,True,0,0,0,0,0,0,0,0,0,0.00,0.00,0.00,0.00,0,49,9382,466,1443
343,1,18,False,0,0,0,0,0,0,0,0,0,0.00,0.00,0.00,0.00,0,50,11272,0,0
343,2,4,True,22,1,0,0,0,0,0,2,0,0.24,0.01,0.25,0.93,2,50,11703,863,1736
343,3,5,False,0,0,0,0,0,0,0,0,0,0.00,0.00,0.00,0.00,0,50,11657,1599,2291
343,4,17,True,7,1,0,0,0,1,0,4,0,0.11,0.00,0.11,0.28,2,50,10690,786,1993
343,5,8,True,23,1,0,0,0,0,0,3,0,0.00,0.00,0.00,0.40,1,49,10249,721,1430
345,1,18,False,0,0,0,0,0,0,0,0,0,0.00,0.00,0.00,0.00,0,50,23052,0,0
345,2,4,True,45,1,0,0,0,0,0,6,0,0.00,0.01,0.01,1.13,11,50,21386,899,4233
345,3,5,False,72,5,0,1,0,1,0,18,0,0.53,0.01,0.54,0.87,8,49,21765,3466,4501
345,4,17,True,71,6,0,1,1,0,0,24,0,0.06,0.03,0.09,0.58,5,49,25771,5747,3168
345,5,8,True,67,2,0,0,1,0,0,0,1,0.14,0.00,0.14,0.66,5,49,35115,10406,3333
346,1,18,False,90,1,0,0,1,0,0,-2,1,0.13,0.00,0.13,0.66,2,60,2823371,0,0
346,2,4,True,90,8,1,0,0,1,2,31,0,0.92,0.02,0.94,1.67,4,60,2823193,84314,188936
346,3,5,False,72,1,0,0,0,1,0,0,1,0.56,0.06,0.62,0.87,3,60,2612462,198586,343228
346,4,17,True,77,10,1,1,1,0,2,37,1,0.87,0.00,0.87,0.59,5,60,2292933,100296,477804
346,5,8,True,90,2,0,0,1,0,0,7,0,0.52,0.00,0.52,1.06,8,60,2888883,533433,142974
347,1,18,False,0,0,0,0,0,0,0,0,0,0.00,0.00,0.00,0.00,0,55,53564,0,0
347,2,4,True,21,4,0,1,0,0,0,18,0,0.10,0.00,0.10,0.93,1,55,51231,1917,9544
347,3,5,False,17,1,0,0,0,0,0,2,0,0.17,0.14,0.31,1.32,0,55,50649,5427,8539
347,4,17,True,12,1,0,0,0,1,0,4,0,0.00,0.01,0.01,0.28,1,54,51359,6623,7677
347,5,8,True,14,1,0,0,0,0,0,4,0,0.00,0.00,0.00,0.37,2,54,51218,6227,7661
385,1,18,False,90,9,0,0,1,0,2,28,0,0.00,0.00,0.00,0.66,0,50,265439,0,0
385,2,4,True,90,3,0,0,0,1,0,20,0,0.00,0.00,0.00,1.67,0,50,437245,63794,15104
385,3,5,False,90,3,0,0,0,1,0,18,0,0.00,0.00,0.00,2.19,0,50,532682,81497,48820
385,4,17,True,90,3,0,0,0,1,0,17,0,0.00,0.00,0.00,0.88,0,50,583002,64368,49123
385,5,8,True,90,10,0,0,1,0,3,34,0,0.00,0.00,0.00,1.06,0,50,601728,32312,31298
598,1,18,False,0,0,0,0,0,0,0,0,0,0.00,0.00,0.00,0.00,0,45,1842,0,0
598,2,4,True,56,1,0,0,0,1,0,9,0,0.00,0.00,0.00,1.32,6,45,2511,354,279
598,3,5,False,90,4,0,0,0,1,0,12,0,0.00,0.57,0.57,2.19,10,45,2951,729,528
598,4,17,True,90,2,0,0,0,1,0,8,0,0.05,0.00,0.05,0.88,9,45,4919,2774,1276
598,5,8,True,90,6,0,0,1,0,0,27,0,0.07,0.01,0.08,1.06,4,45,6514,1258,476
641,3,5,False,0,0,0,0,0,0,0,0,0,0.00,0.00,0.00,0.00,0,45,242,177,28
641,4,17,True,18,1,0,0,0,1,0,1,0,0.00,0.00,0.00,0.30,2,45,576,322,105
641,5,8,True,0,0,0,0,0,0,0,0,0,0.00,0.00,0.00,0.00,0,45,877,363,143
648,3,5,False,0,0,0,0,0,0,0,0,0,0.00,0.00,0.00,0.00,0,50,1030,1015,196
648,4,17,True,0,0,0,0,0,0,0,0,0,0.00,0.00,0.00,0.00,0,50,1465,754,362
648,5,8,True,1,1,0,0,0,0,0,5,0,0.00,0.00,0.00,0.00,0,50,1449,363,410
350,1,17,False,90,2,0,0,0,2,0,7,0,0.00,0.00,0.00,1.58,0,55,302846,0,0
350,2,18,True,90,0,0,0,0,2,0,-5,1,0.00,0.00,0.00,2.30,0,55,377543,25307,21223
350,3,12,False,90,8,0,0,1,0,1,35,0,0.00,0.00,0.00,0.75,0,55,402518,42521,57990
350,4,10,True,90,9,0,0,1,0,2,29,0,0.00,0.00,0.00,0.70,0,55,438381,45421,29829
350,5,3,False,90,8,0,0,1,0,2,30,0,0.00,0.00,0.00,0.79,0,55,422308,20069,24482
356,1,17,False,90,2,0,0,0,2,0,8,1,0.25,0.01,0.26,1.58,11,65,1670280,0,0
356,2,18,True,90,1,0,0,0,2,0,5,0,0.00,0.03,0.03,2.30,7,65,1939518,74614,79120
356,3,12,False,90,6,0,0,1,0,0,32,0,0.00,0.02,0.02,0.75,7,65,1837428,67650,273435
356,4,10,True,90,8,0,0,1,0,0,25,0,0.00,0.01,0.01,0.70,10,65,1832589,79775,128080
356,5,3,False,90,8,0,0,1,0,0,26,0,0.00,0.01,0.01,0.79,13,65,1767010,34977,91998
357,1,17,False,90,0,0,0,0,2,0,3,1,0.01,0.09,0.10,1.58,2,55,302241,0,0
357,2,18,True,70,1,0,0,0,2,0,9,0,0.00,0.02,0.02,2.23,6,55,339802,24520,33569
357,3,12,False,0,0,0,0,0,0,0,0,0,0.00,0.00,0.00,0.00,0,55,309643,25094,70400
357,4,10,True,18,1,0,0,0,0,0,12,0,0.00,0.12,0.12,0.10,4,54,231759,4729,86611
357,5,3,False,0,0,0,0,0,0,0,0,0,0.00,0.00,0.00,0.00,0,53,198877,3000,42805
358,1,17,False,90,0,0,0,0,2,0,3,1,0.02,0.02,0.04,1.58,7,55,332539,0,0
358,2,18,True,70,1,0,0,0,2,0,9,0,0.00,0.01,0.01,2.23,8,55,347978,15645,34387
358,3,12,False,90,5,0,0,1,0,0,23,1,0.00,0.03,0.03,0.75,5,55,302995,13999,65051
358,4,10,True,45,1,0,0,0,0,0,6,0,0.00,0.01,0.01,0.30,3,54,288013,12338,34462
358,5,3,False,90,6,0,0,1,0,0,22,0,0.05,0.01,0.06,0.79,7,54,246708,3035,43472
362,1,17,False,69,1,0,0,0,2,0,9,0,0.00,0.02,0.02,1.04,3,50,205604,0,0
362,2,18,True,76,3,0,0,0,2,0,13,0,0.00,0.05,0.05,2.23,11,50,235410,22712,18156
362,3,12,False,90,5,0,0,1,0,0,28,1,0.00,0.03,0.03,0.75,9,50,277052,56823,40517
362,4,10,True,90,9,0,0,1,0,3,36,0,0.00,0.02,0.02,0.70,5,50,298463,48593,32349
362,5,3,False,90,6,0,0,1,0,0,26,0,0.00,0.02,0.02,0.79,8,50,355709,69754,19011
364,1,17,False,0,0,0,0,0,0,0,0,0,0.00,0.00,0.00,0.00,0,50,6683,0,0
364,2,18,True,19,1,0,0,0,0,0,4,0,0.04,0.01,0.05,0.07,0,50,7352,339,982
364,3,12,False,0,0,0,0,0,0,0,0,0,0.00,0.00,0.00,0.00,0,50,7858,487,1087
364,4,10,True,45,1,0,0,0,0,0,2,0,0.00,0.01,0.01,0.40,3,49,7588,362,1296
364,5,3,False,0,0,0,0,0,0,0,0,0,0.00,0.00,0.00,0.00,0,49,7658,299,661
366,1,17,False,62,2,0,0,0,2,0,16,0,0.26,0.04,0.30,0.51,5,75,1122658,0,0
366,2,18,True,90,4,0,1,0,2,0,23,1,0.23,0.20,0.43,2.30,10,75,1118328,24923,123262
366,3,12,False,90,3,0,0,1,0,0,14,0,0.18,0.05,0.23,0.65,4,75,1044657,69030,190379
366,4,10,True,90,3,0,0,1,0,0,14,0,0.11,0.06,0.17,0.70,9,74,837754,30578,230170
366,5,3,False,70,6,0,1,1,0,0,25,0,0.22,0.05,0.27,0.66,8,73,650329,5737,179586
367,1,17,False,90,12,1,0,0,2,3,33,0,0.30,0.15,0.45,1.58,12,70,310403,0,0
367,2,18,True,70,5,0,1,0,2,0,21,0,0.00,0.65,0.65,2.23,3,70,653797,205704,27751
367,3,12,False,90,11,0,2,1,0,2,43,0,0.06,0.40,0.46,0.75,10,71,933667,234993,131181
367,4,10,True,30,1,0,0,0,0,0,3,0,0.08,0.02,0.10,0.16,2,72,1328735,670039,312532
367,5,3,False,90,3,0,0,1,0,0,13,0,0.20,0.49,0.69,0.79,5,72,1383393,175676,156133
368,1,17,False,90,8,1,0,0,2,1,29,0,0.85,0.27,1.12,1.58,7,70,3733259,0,0
368,2,18,True,90,4,0,0,0,2,0,24,0,0.16,0.17,0.33,2.30,13,70,4309636,245003,67405
368,3,12,False,90,3,0,0,1,0,0,20,0,0.16,0.08,0.24,0.75,9,70,4313411,281021,386428
368,4,10,True,90,3,0,0,1,0,0,25,0,0.12,0.28,0.40,0.70,6,70,4135360,274640,516804
368,5,3,False,80,2,0,0,1,0,0,5,1,0.13,0.02,0.15,0.66,6,70,3685230,91695,497521
369,1,17,False,62,2,0,0,0,2,0,9,0,0.04,0.02,0.06,0.51,3,60,104767,0,0
369,2,18,True,19,1,0,0,0,0,0,5,0,0.00,0.03,0.03,0.07,0,60,106917,5547,14877
369,3,12,False,0,0,0,0,0,0,0,0,0,0.00,0.00,0.00,0.00,0,59,77015,3473,35409
369,4,10,True,18,1,0,0,0,0,0,-1,0,0.11,0.00,0.11,0.10,1,58,60213,3022,23413
369,5,3,False,0,0,0,0,0,0,0,0,0,0.00,0.00,0.00,0.00,0,58,52264,1736,11327
371,1,17,False,77,5,0,1,0,2,0,26,0,0.06,0.05,0.11,1.10,11,60,172067,0,0
371,2,18,True,19,1,0,0,0,0,0,7,0,0.00,0.01,0.01,0.07,1,60,196536,15005,15183
371,3,12,False,26,1,0,0,0,0,0,2,0,0.00,0.00,0.00,0.17,2,60,168420,10774,44970
371,4,10,True,59,1,0,0,0,0,0,13,0,0.04,0.01,0.05,0.54,10,59,140580,5155,38272
371,5,3,False,9,1,0,0,0,0,0,3,0,0.00,0.01,0.01,0.14,1,59,124836,3604,22928
372,1,17,False,27,1,0,0,0,0,0,9,0,0.00,0.01,0.01,1.07,3,55,151941,0,0
372,2,18,True,76,2,0,0,0,2,0,10,0,0.00,0.39,0.39,2.23,10,55,156781,6567,21508
372,3,12,False,83,2,0,0,1,0,0,14,1,0.08,0.02,0.10,0.60,11,55,147584,10622,28058
372,4,10,True,30,1,0,0,0,0,0,7,0,0.02,0.02,0.04,0.16,4,54,145908,12996,20813
372,5,3,False,90,5,0,0,1,0,0,19,0,0.00,0.05,0.05,0.79,13,54,141772,11435,19335
375,1,17,False,0,0,0,0,0,0,0,0,0,0.00,0.00,0.00,0.00,0,50,3729,0,0
375,2,18,True,13,1,0,0,0,0,0,3,0,0.00,0.00,0.00,0.07,5,50,3607,139,673
375,3,12,False,6,1,0,0,0,0,0,3,0,0.00,0.00,0.00,0.15,0,50,3899,503,822
375,4,10,True,0,0,0,0,0,0,0,0,0,0.00,0.00,0.00,0.00,0,49,4195,427,712
375,5,3,False,19,1,0,0,0,0,0,3,0,0.00,0.00,0.00,0.14,5,49,4129,188,538
377,1,17,False,27,4,0,1,0,0,0,15,0,0.10,0.04,0.14,1.07,0,65,48042,0,0
377,2,18,True,90,6,1,0,0,2,0,24,1,0.32,0.19,0.51,2.30,7,65,60184,6486,5913
377,3,12,False,63,3,0,0,1,0,0,9,0,0.00,0.02,0.02,0.58,4,65,147326,83211,23201
377,4,10,True,59,1,0,0,0,0,0,5,0,0.10,0.00,0.10,0.54,2,65,130437,20664,30617
377,5,3,False,18,1,0,0,0,0,0,7,0,0.00,0.06,0.06,0.14,3,65,105157,5622,30611
379,1,17,False,90,2,0,0,0,2,0,6,0,1.09,0.01,1.10,1.58,1,90,1493302,0,0
379,2,18,True,90,8,1,0,0,2,2,30,0,0.99,0.00,0.99,2.30,1,90,1629014,73036,101133
379,3,12,False,63,13,2,0,1,0,3,61,0,0.21,0.05,0.26,0.58,3,90,1811350,181587,206849
379,4,10,True,90,2,0,0,1,0,0,5,0,0.50,0.00,0.50,0.70,1,91,2626358,732640,109055
379,5,3,False,80,8,1,0,1,0,3,31,1,0.75,0.02,0.77,0.66,1,91,2350302,139899,242932
381,1,17,False,12,1,0,0,0,0,0,4,0,0.03,0.00,0.03,0.48,1,50,1626,0,0
381,2,18,True,0,0,0,0,0,0,0,0,0,0.00,0.00,0.00,0.00,0,50,2137,156,210
381,3,12,False,1,1,0,0,0,0,0,3,0,0.00,0.00,0.00,0.10,0,50,2473,161,378
381,4,10,True,0,0,0,0,0,0,0,0,0,0.00,0.00,0.00,0.00,0,50,2699,155,318
381,5,3,False,9,1,0,0,0,0,0,7,0,0.25,0.00,0.25,0.14,0,50,2933,207,295
579,1,17,False,20,1,0,0,0,0,0,3,0,0.00,0.03,0.03,0.54,4,55,211388,0,0
579,2,18,True,13,0,0,0,0,0,0,-1,1,0.00,0.01,0.01,0.07,1,55,267054,23907,33774
579,3,12,False,90,8,0,0,1,0,0,27,0,0.00,0.01,0.01,0.75,10,54,212525,11375,80540
579,4,10,True,71,6,0,0,1,0,0,24,0,0.00,0.00,0.00,0.60,4,54,292366,59861,17887
579,5,3,False,90,7,0,0,1,0,1,28,0,0.00,0.01,0.01,0.79,5,54,315443,36773,17488
627,3,12,False,26,1,0,0,0,0,0,5,0,0.00,0.07,0.07,0.17,0,80,145340,135788,19616
627,4,10,True,71,3,0,0,1,0,0,9,0,0.21,0.03,0.24,0.60,5,80,238639,116804,45863
627,5,3,False,71,3,0,0,1,0,0,8,0,0.05,0.03,0.08,0.66,3,80,203917,24870,45767
155,1,10,False,25,1,0,0,0,0,0,6,0,0.00,0.02,0.02,0.28,3,70,442051,0,0
155,2,5,True,0,0,0,0,0,0,0,0,0,0.00,0.00,0.00,0.00,0,70,430662,14954,89165
155,3,7,True,75,3,0,0,1,0,0,17,0,0.13,0.12,0.25,1.00,3,69,341334,30968,132936
155,4,16,False,81,2,0,0,1,0,0,17,1,0.18,0.13,0.31,0.50,10,69,344271,39194,51882
155,5,20,True,90,7,1,0,0,3,0,33,0,0.04,0.26,0.30,3.57,5,69,380480,56551,32926
237,1,8,True,90,9,0,1,1,0,1,36,0,0.24,0.32,0.56,1.96,12,60,1434152,0,0
237,2,3,False,90,4,0,0,0,1,0,16,0,0.02,0.07,0.09,2.16,13,60,1595715,122688,60020
237,3,7,True,86,3,0,0,1,0,0,12,0,0.02,0.04,0.06,1.35,5,60,1152171,81681,473152
237,4,16,False,45,1,0,0,0,0,0,15,0,0.00,0.01,0.01,0.80,10,59,900785,43012,343691
237,5,20,True,74,5,0,1,0,3,0,31,0,0.10,0.14,0.24,3.15,4,59,784775,43488,191140
384,1,3,True,90,3,0,0,0,1,0,12,0,0.00,0.00,0.00,0.65,0,55,722204,0,0
384,2,8,False,90,0,0,0,0,1,0,5,0,0.00,0.00,0.00,0.66,0,55,828113,34008,44952
384,3,7,True,90,7,0,0,1,0,0,29,0,0.00,0.00,0.00,1.37,0,55,836587,71140,120065
384,4,16,False,90,7,0,0,1,0,0,29,0,0.00,0.00,0.00,1.00,0,55,797609,32234,78476
384,5,20,True,90,2,0,0,0,3,0,9,0,0.00,0.00,0.00,3.57,0,55,879025,58809,42423
387,1,3,True,62,2,0,0,0,1,0,5,0,0.07,0.41,0.48,0.55,2,65,1877660,0,0
387,2,8,False,88,2,0,0,0,1,0,11,0,0.02,0.02,0.04,0.66,1,65,2068744,68784,107330
387,3,7,True,0,0,0,0,0,0,0,0,0,0.00,0.00,0.00,0.00,0,65,1933486,97243,291030
387,4,16,False,8,1,0,0,0,0,0,3,0,0.00,0.00,0.00,0.50,0,64,1381174,8499,547090
387,5,20,True,5,1,0,0,0,0,0,3,0,0.78,0.00,0.78,0.39,2,64,1243931,12818,191061
388,1,3,True,90,10,1,0,0,1,2,31,0,0.89,0.32,1.21,0.65,4,60,1521853,0,0
388,2,8,False,90,2,0,0,0,1,0,12,0,0.00,0.04,0.04,0.66,5,60,1952448,182745,41758
388,3,7,True,90,8,0,0,1,0,2,31,0,0.00,0.02,0.02,1.37,9,60,1945720,122887,182060
388,4,16,False,90,6,0,0,1,0,0,27,0,0.00,0.00,0.00,1.00,7,60,1956435,90239,115446
388,5,20,True,90,4,0,1,0,3,0,13,0,0.06,0.01,0.07,3.57,4,60,2017850,86049,72712
389,1,3,True,33,1,0,0,0,0,0,4,0,0.00,0.04,0.04,0.10,1,60,123928,0,0
389,2,8,False,0,0,0,0,0,0,0,0,0,0.00,0.00,0.00,0.00,0,60,142089,3031,17493
389,3,7,True,0,0,0,0,0,0,0,0,0,0.00,0.00,0.00,0.00,0,59,103772,479,38419
389,4,16,False,90,9,0,0,1,0,1,34,0,0.00,0.01,0.01,1.00,11,59,99893,2401,11007
389,5,20,True,90,1,0,0,0,3,0,0,0,0.00,0.01,0.01,3.57,9,59,107181,7244,4222
390,1,3,True,90,2,0,0,0,1,0,11,0,0.00,0.14,0.14,0.65,6,55,148709,0,0
390,2,8,False,90,2,0,0,0,1,0,19,0,0.09,0.57,0.66,0.66,6,55,176387,9858,12557
390,3,7,True,90,6,0,0,1,0,0,25,0,0.00,0.03,0.03,1.37,3,55,186055,20417,23954
390,4,16,False,90,6,0,0,1,0,0,24,0,0.00,0.00,0.00,1.00,7,55,188216,11031,17543
390,5,20,True,90,1,0,0,0,3,0,-7,0,0.20,0.00,0.20,3.57,4,55,208870,21282,10748
391,1,3,True,90,9,1,0,0,1,1,28,0,0.19,0.05,0.24,0.65,7,55,980214,0,0
391,2,8,False,74,5,0,1,0,1,0,18,0,0.00,0.04,0.04,0.66,2,55,1383738,228418,35357
391,3,7,True,90,8,0,0,1,0,2,31,0,0.01,0.02,0.03,1.37,8,56,2019409,548352,120944
391,4,16,False,90,11,0,1,1,0,3,36,1,0.02,0.00,0.02,1.00,7,56,2126959,315722,162826
391,5,20,True,90,4,0,1,0,3,0,22,0,0.00,0.63,0.63,3.57,7,57,2895075,589540,41089
393,1,3,True,90,2,0,0,0,1,0,14,0,0.00,0.02,0.02,0.65,4,55,147622,0,0
393,2,8,False,88,2,0,0,0,1,0,17,0,0.00,0.02,0.02,0.66,7,55,170855,6086,14537
393,3,7,True,90,5,0,0,1,0,0,22,1,0.00,0.02,0.02,1.37,6,55,166742,9792,24283
393,4,16,False,0,0,0,0,0,0,0,0,0,0.00,0.00,0.00,0.00,0,55,166165,6115,14170
393,5,20,True,0,0,0,0,0,0,0,0,0,0.00,0.00,0.00,0.00,0,54,154215,3443,18656
395,1,3,True,56,1,0,0,0,1,0,-1,0,0.17,0.02,0.19,0.55,2,45,18491,0,0
395,2,8,False,0,0,0,0,0,0,0,0,0,0.00,0.00,0.00,0.00,0,45,25045,3620,2523
395,3,7,True,0,0,0,0,0,0,0,0,0,0.00,0.00,0.00,0.00,0,45,23634,2152,5733
395,4,16,False,0,0,0,0,0,0,0,0,0,0.00,0.00,0.00,0.00,0,44,22298,1037,4079
395,5,20,True,0,0,0,0,0,0,0,0,0,0.00,0.00,0.00,0.00,0,44,21617,1147,2731
396,1,3,True,0,0,0,0,0,0,0,0,0,0.00,0.00,0.00,0.00,0,45,1856,0,0
396,2,8,False,1,1,0,0,0,0,0,3,0,0.00,0.00,0.00,0.00,0,45,2034,102,240
396,3,7,True,0,0,0,0,0,0,0,0,0,0.00,0.00,0.00,0.00,0,45,2767,132,262
396,4,16,False,0,0,0,0,0,0,0,0,0,0.00,0.00,0.00,0.00,0,45,3187,90,283
396,5,20,True,0,0,0,0,0,0,0,0,0,0.00,0.00,0.00,0.00,0,45,3479,156,238
397,1,3,True,90,2,0,0,0,1,0,16,0,0.06,0.02,0.08,0.65,5,85,2354040,0,0
397,2,8,False,90,5,0,1,0,1,0,33,0,0.06,0.57,0.63,0.66,3,85,2377196,49100,173210
397,3,7,True,90,6,0,1,1,0,0,26,0,0.05,0.34,0.39,1.37,4,85,2009104,68628,431121
397,4,16,False,90,3,0,0,1,0,0,7,0,0.00,0.06,0.06,1.00,3,84,1689535,35764,361532
397,5,20,True,90,17,2,1,0,3,2,65,0,0.16,0.17,0.33,3.57,7,84,1598756,37411,176837
398,1,3,True,81,1,0,0,0,1,0,15,1,0.12,0.40,0.52,0.65,6,70,387178,0,0
398,2,8,False,90,9,0,2,0,1,1,38,0,0.87,0.45,1.32,0.66,7,70,400716,20147,46521
398,3,7,True,24,1,0,0,0,0,0,3,0,0.62,0.01,0.63,0.50,1,70,687362,262736,74879
398,4,16,False,22,-2,0,0,0,0,0,-4,0,0.00,0.02,0.02,0.10,0,70,396620,18307,209687
398,5,20,True,0,0,0,0,0,0,0,0,0,0.00,0.00,0.00,0.00,0,69,209654,2056,206635
399,1,3,True,27,8,0,2,0,0,1,28,0,0.00,0.50,0.50,0.10,0,75,679336,0,0
399,2,8,False,81,14,2,0,0,1,3,60,1,0.35,0.55,0.90,0.66,3,75,1073154,203318,41402
399,3,7,True,65,3,0,0,1,0,0,23,0,0.21,0.30,0.51,0.86,3,77,3431400,1865890,81942
399,4,16,False,45,1,0,0,0,0,0,4,0,0.03,0.06,0.09,0.20,1,78,3069702,314949,454363
399,5,20,True,84,8,1,0,0,3,1,35,0,0.13,0.13,0.26,3.18,5,78,3041594,163004,289238
400,1,3,True,0,0,0,0,0,0,0,0,0,0.00,0.00,0.00,0.00,0,75,191182,0,0
400,2,8,False,0,0,0,0,0,0,0,0,0,0.00,0.00,0.00,0.00,0,75,122950,494,70015
400,3,7,True,0,0,0,0,0,0,0,0,0,0.00,0.00,0.00,0.00,0,74,90983,453,34371
400,4,16,False,0,0,0,0,0,0,0,0,0,0.00,0.00,0.00,0.00,0,74,77943,249,14729
400,5,20,True,15,1,0,0,0,0,0,7,0,0.23,0.32,0.55,0.42,2,74,71797,271,6971
406,1,3,True,27,1,0,0,0,0,0,3,0,0.00,0.01,0.01,0.10,2,55,6303,0,0
406,2,8,False,15,1,0,0,0,0,0,9,0,0.00,0.01,0.01,0.00,0,55,8589,829,1289
406,3,7,True,0,0,0,0,0,0,0,0,0,0.00,0.00,0.00,0.00,0,55,8577,647,2147
406,4,16,False,0,0,0,0,0,0,0,0,0,0.00,0.00,0.00,0.00,0,54,8409,425,1421
406,5,20,True,0,0,0,0,0,0,0,0,0,0.00,0.00,0.00,0.00,0,54,8157,241,972
411,1,3,True,90,2,0,0,0,1,0,6,0,0.74,0.02,0.76,0.65,3,155,6209794,0,0
411,2,8,False,90,13,2,0,0,1,3,60,0,0.66,0.00,0.66,0.66,5,155,6731685,69605,103852
411,3,7,True,90,9,1,0,1,0,3,40,0,1.06,0.48,1.54,1.37,7,155,7594638,400573,40510
411,4,16,False,90,9,1,0,1,0,3,36,0,0.87,0.01,0.88,1.00,3,155,7610939,178187,132875
411,5,20,True,90,6,1,0,0,3,0,25,0,1.09,0.02,1.11,3.57,2,156,7989349,196912,24421
481,1,3,True,62,2,0,0,0,1,0,14,0,0.00,0.25,0.25,0.55,6,65,707651,0,0
481,2,8,False,81,3,0,0,0,1,0,25,1,0.07,0.22,0.29,0.66,14,64,597491,10236,153305
481,3,7,True,90,3,0,0,1,0,0,23,0,0.02,0.17,0.19,1.37,11,64,514714,41120,132919
481,4,16,False,90,5,0,0,1,0,0,18,0,0.00,0.01,0.01,1.00,14,63,447292,16389,93105
481,5,20,True,90,2,0,0,0,3,0,15,0,0.02,0.02,0.04,3.57,9,63,452582,29694,38511
616,2,8,False,8,1,0,0,0,0,0,3,0,0.00,0.12,0.12,0.00,1,55,4327,3055,349
616,3,7,True,14,1,0,0,0,0,0,5,0,0.00,0.00,0.00,0.37,5,55,15546,9299,3258
616,4,16,False,0,0,0,0,0,0,0,0,0,0.00,0.00,0.00,0.00,0,55,18618,4899,3962
616,5,20,True,0,0,0,0,0,0,0,0,0,0.00,0.00,0.00,0.00,0,55,18994,2946,3870
621,2,8,False,8,1,0,0,0,0,0,3,0,0.10,0.00,0.10,0.00,0,45,0,0,0
621,3,7,True,3,1,0,0,0,0,0,5,0,0.00,0.00,0.00,0.02,4,45,9526,6678,1926
621,4,16,False,0,0,0,0,0,0,0,0,0,0.00,0.00,0.00,0.00,0,45,13105,3586,2225
621,5,20,True,0,0,0,0,0,0,0,0,0,0.00,0.00,0.00,0.00,0,45,11797,905,1872
622,2,8,False,1,1,0,0,0,0,0,3,0,0.00,0.00,0.00,0.00,0,40,0,0,0
622,3,7,True,0,0,0,0,0,0,0,0,0,0.00,0.00,0.00,0.00,0,40,14144,9284,2205
622,4,16,False,0,0,0,0,0,0,0,0,0,0.00,0.00,0.00,0.00,0,40,20693,4620,2721
622,5,20,True,0,0,0,0,0,0,0,0,0,0.00,0.00,0.00,0.00,0,40,18924,2303,2625
43,1,11,False,66,2,0,0,0,2,0,13,0,0.04,0.11,0.15,0.94,5,60,224637,0,0
43,2,12,True,90,4,0,0,0,2,0,26,0,0.47,0.11,0.58,2.06,13,60,232262,12631,35704
43,3,9,False,90,2,0,0,0,2,0,17,0,0.05,0.06,0.11,1.01,7,59,201931,12766,51508
43,4,15,True,66,2,0,0,0,1,0,15,0,0.00,0.04,0.04,0.53,5,59,177688,7880,38235
43,5,10,False,90,4,0,0,0,1,0,22,0,0.09,0.20,0.29,1.62,13,58,165689,8170,25177
162,1,11,False,66,2,0,0,0,2,0,17,0,0.00,0.23,0.23,0.94,9,50,93940,0,0
162,2,12,True,10,1,0,0,0,1,0,2,0,0.00,0.00,0.00,1.00,5,50,96490,7456,15149
162,3,9,False,6,1,0,0,0,1,0,4,0,0.00,0.01,0.01,0.09,4,49,83163,7346,24303
162,4,15,True,0,0,0,0,0,0,0,0,0,0.00,0.00,0.00,0.00,0,49,72284,3527,16706
162,5,10,False,0,0,0,0,0,0,0,0,0,0.00,0.00,0.00,0.00,0,48,64624,2868,12461
412,1,11,False,90,1,0,0,0,2,0,7,0,0.00,0.00,0.00,1.01,0,50,1497029,0,0
412,2,12,True,90,2,0,0,0,2,0,11,0,0.00,0.00,0.00,2.06,0,50,1543070,34714,88610
412,3,9,False,90,2,0,0,0,2,0,13,0,0.00,0.00,0.00,1.01,0,50,1379189,32200,190582
412,4,15,True,90,2,0,0,0,1,0,5,0,0.00,0.00,0.00,1.10,0,50,1178768,11379,239075
412,5,10,False,90,4,0,0,0,1,0,22,0,0.00,0.00,0.00,1.62,0,49,1105256,13915,120164
415,1,11,False,45,0,0,0,0,2,0,-11,1,0.47,0.03,0.50,0.92,1,60,121744,0,0
415,2,12,True,10,1,0,0,0,1,0,4,0,0.18,0.01,0.19,1.00,2,60,107542,4808,28661
415,3,9,False,20,1,0,0,0,2,0,3,0,0.00,0.01,0.01,0.36,3,59,75573,3139,36685
415,4,15,True,90,4,0,0,0,1,0,19,0,0.00,0.03,0.03,1.10,12,58,62553,2154,19046
415,5,10,False,6,4,0,1,0,0,0,12,0,0.13,0.01,0.14,0.00,2,58,58577,2869,9145
417,1,11,False,10,1,0,0,0,0,0,6,0,0.00,0.00,0.00,0.00,3,50,246316,0,0
417,2,12,True,73,2,0,0,0,1,0,12,0,0.15,0.12,0.27,1.06,4,50,242125,8190,33632
417,3,9,False,83,1,0,0,0,1,0,8,1,0.01,0.01,0.02,0.92,4,50,219064,9011,38685
417,4,15,True,90,2,0,0,0,1,0,9,0,0.02,0.05,0.07,1.10,3,49,192489,3882,36002
417,5,10,False,90,2,0,0,0,1,0,11,0,0.06,0.05,0.11,1.62,2,49,180890,3696,20176
418,1,11,False,90,1,0,0,0,2,0,15,0,0.04,0.40,0.44,1.01,4,50,1650905,0,0
418,2,12,True,90,4,0,1,0,2,0,13,0,0.03,0.01,0.04,2.06,5,50,1686850,52953,106311
418,3,9,False,90,2,0,0,0,2,0,1,1,0.00,0.01,0.01,1.01,12,50,1407635,49780,290713
418,4,15,True,90,1,0,0,0,1,0,4,1,0.12,0.01,0.13,1.10,5,49,1091541,17287,376211
418,5,10,False,90,2,0,0,0,1,0,17,0,0.01,0.03,0.04,1.62,5,49,993742,13938,156456
419,1,11,False,0,0,0,0,0,0,0,0,0,0.00,0.00,0.00,0.00,0,50,115360,0,0
419,2,12,True,90,1,0,0,0,2,0,2,0,0.03,0.06,0.09,2.06,0,50,127444,6775,19575
419,3,9,False,90,3,0,0,0,2,0,7,0,0.00,0.00,0.00,1.01,10,50,128156,8174,18118
419,4,15,True,90,2,0,0,0,1,0,14,0,0.03,0.08,0.11,1.10,6,50,130813,7461,13467
419,5,10,False,90,0,0,0,0,1,0,6,0,0.15,0.02,0.17,1.62,4,50,138877,10516,9693
420,1,11,False,0,0,0,0,0,0,0,0,0,0.00,0.00,0.00,0.00,0,50,62047,0,0
420,2,12,True,16,1,0,0,0,1,0,-2,0,0.00,0.01,0.01,1.00,2,50,62806,1536,10744
420,3,9,False,6,1,0,0,0,1,0,1,0,0.00,0.01,0.01,0.09,3,49,56599,1735,11196
420,4,15,True,0,0,0,0,0,0,0,0,0,0.00,0.00,0.00,0.00,0,49,52988,894,6963
420,5,10,False,0,0,0,0,0,0,0,0,0,0.00,0.00,0.00,0.00,0,49,50197,617,4939
421,1,11,False,90,1,0,0,0,2,0,5,0,0.12,0.04,0.16,1.01,2,45,33647,0,0
421,2,12,True,0,0,0,0,0,0,0,0,0,0.00,0.00,0.00,0.00,0,45,40184,3088,4191
421,3,9,False,0,0,0,0,0,0,0,0,0,0.00,0.00,0.00,0.00,0,45,34853,1300,8961
421,4,15,True,0,0,0,0,0,0,0,0,0,0.00,0.00,0.00,0.00,0,44,31486,769,5798
421,5,10,False,0,0,0,0,0,0,0,0,0,0.00,0.00,0.00,0.00,0,44,29351,613,3636
422,1,11,False,79,1,0,0,0,2,0,8,0,0.22,0.05,0.27,1.01,5,45,56217,0,0
422,2,12,True,17,1,0,0,0,1,0,-1,0,0.00,0.00,0.00,1.00,0,45,70057,5854,6092
422,3,9,False,1,1,0,0,0,1,0,-1,0,0.00,0.01,0.01,0.07,1,45,64636,3244,13023
422,4,15,True,0,0,0,0,0,0,0,0,0,0.00,0.00,0.00,0.00,0,44,59306,2102,11056
422,5,10,False,0,0,0,0,0,0,0,0,0,0.00,0.00,0.00,0.00,0,44,55791,2584,7916
423,1,11,False,90,1,0,0,0,2,0,13,0,0.00,0.26,0.26,1.01,4,45,1947696,0,0
423,2,12,True,72,2,0,0,0,1,0,12,0,0.00,0.02,0.02,1.06,8,45,1935721,42927,117089
423,3,9,False,90,4,0,1,0,1,0,22,1,0.02,0.23,0.25,0.94,8,45,1575355,30459,333890
423,4,15,True,0,0,0,0,0,0,0,0,0,0.00,0.00,0.00,0.00,0,44,1210238,21871,418040
423,5,10,False,83,2,0,0,0,1,0,7,0,0.01,0.07,0.08,1.62,3,44,879239,2227,362910
426,1,11,False,90,2,0,0,0,2,0,18,0,0.08,0.26,0.34,1.01,6,120,4653303,0,0
426,2,12,True,90,23,3,1,0,2,3,87,0,2.02,0.48,2.50,2.06,8,120,4770471,48518,228580
426,3,9,False,90,2,0,0,0,2,0,11,0,0.15,0.06,0.21,1.01,2,120,5025755,371832,335082
426,4,15,True,90,2,0,0,0,1,0,17,0,0.03,0.33,0.36,1.10,7,120,4455713,123022,738829
426,5,10,False,90,2,0,0,0,1,0,15,0,0.28,0.19,0.47,1.62,6,120,4318751,68228,350459
427,1,11,False,90,2,0,0,0,2,0,12,0,0.50,0.23,0.73,1.01,4,80,3492739,0,0
427,2,12,True,90,11,1,1,0,2,2,37,1,1.76,0.21,1.97,2.06,5,80,3537164,82225,220188
427,3,9,False,90,8,1,0,0,2,1,29,0,0.05,0.03,0.08,1.01,8,80,2705759,92628,844912
427,4,15,True,90,2,0,0,0,1,0,9,0,0.49,0.08,0.57,1.10,5,79,2456322,156650,519395
427,5,10,False,90,2,0,0,0,1,0,23,0,0.27,0.25,0.52,1.62,4,79,2322581,95476,302004
428,1,11,False,79,2,0,0,0,2,0,14,0,0.24,0.21,0.45,1.01,3,80,901042,0,0
428,2,12,True,79,9,0,2,0,1,1,31,0,0.11,0.15,0.26,1.06,2,80,924196,26854,92957
428,3,9,False,69,3,0,0,1,0,0,10,0,0.12,0.05,0.17,0.65,3,80,802045,23584,157767
428,4,15,True,90,2,0,0,0,1,0,8,0,0.11,0.03,0.14,1.10,2,79,680785,11751,150256
428,5,10,False,90,10,1,0,0,1,3,32,0,0.05,0.39,0.44,1.62,3,79,620030,11557,87051
429,1,11,False,45,1,0,0,0,0,0,9,0,0.00,0.10,0.10,0.09,1,70,134653,0,0
429,2,12,True,79,2,0,0,0,1,0,17,0,0.26,0.05,0.31,1.06,6,70,165554,15064,22078
429,3,9,False,69,3,0,0,1,0,0,11,0,0.00,0.06,0.06,0.65,4,70,166436,22811,37855
429,4,15,True,82,2,0,0,0,1,0,6,0,0.12,0.08,0.20,1.08,5,70,172900,24764,28243
429,5,10,False,76,2,0,0,0,1,0,15,0,0.40,0.14,0.54,1.62,2,70,171653,18390,22905
430,1,11,False,0,0,0,0,0,0,0,0,0,0.00,0.00,0.00,0.00,0,55,3202,0,0
430,2,12,True,0,0,0,0,0,0,0,0,0,0.00,0.00,0.00,0.00,0,55,2752,35,695
430,3,9,False,0,0,0,0,0,0,0,0,0,0.00,0.00,0.00,0.00,0,54,2327,60,590
430,4,15,True,0,0,0,0,0,0,0,0,0,0.00,0.00,0.00,0.00,0,54,2733,272,218
430,5,10,False,10,1,0,0,0,0,0,3,0,0.09,0.01,0.10,0.00,1,54,3100,361,273
432,1,11,False,23,1,0,0,0,0,0,7,0,0.07,0.01,0.08,0.07,1,55,89014,0,0
432,2,12,True,79,4,0,0,0,1,0,25,0,0.14,0.27,0.41,1.06,15,55,93316,3460,13693
432,3,9,False,83,9,0,1,0,1,2,32,0,0.00,0.07,0.07,0.92,15,55,117218,19482,13131
432,4,15,True,90,4,0,0,0,1,0,20,0,0.03,0.07,0.10,1.10,13,55,147734,30157,12188
432,5,10,False,79,4,0,0,0,1,0,18,0,0.06,0.10,0.16,1.62,12,55,177650,33995,13265
435,1,11,False,10,1,0,0,0,0,0,3,0,0.00,0.00,0.00,0.00,1,50,4147,0,0
435,2,12,True,0,0,0,0,0,0,0,0,0,0.00,0.00,0.00,0.00,0,50,4851,327,590
435,3,9,False,0,0,0,0,0,0,0,0,0,0.00,0.00,0.00,0.00,0,50,5286,298,1038
435,4,15,True,0,0,0,0,0,0,0,0,0,0.00,0.00,0.00,0.00,0,49,5384,197,774
435,5,10,False,0,0,0,0,0,0,0,0,0,0.00,0.00,0.00,0.00,0,49,5831,531,563
439,1,11,False,23,1,0,0,0,0,0,2,0,0.04,0.00,0.04,0.07,0,70,114788,0,0
439,2,12,True,10,1,0,0,0,1,0,5,0,0.00,0.01,0.01,1.00,3,70,181866,30554,15126
439,3,9,False,20,5,1,0,0,2,0,28,0,0.29,0.00,0.29,0.36,0,70,161952,15581,48500
439,4,15,True,23,1,0,0,0,0,0,4,0,0.06,0.00,0.06,0.57,2,70,182217,26345,22718
439,5,10,False,0,0,0,0,0,0,0,0,0,0.00,0.00,0.00,0.00,0,70,192336,24959,23329
440,1,11,False,0,0,0,0,0,0,0,0,0,0.00,0.00,0.00,0.00,0,55,56060,0,0
440,2,12,True,0,0,0,0,0,0,0,0,0,0.00,0.00,0.00,0.00,0,55,51589,2045,13131
440,3,9,False,0,0,0,0,0,0,0,0,0,0.00,0.00,0.00,0.00,0,54,47734,5615,12906
440,4,15,True,7,1,0,0,0,0,0,4,0,0.00,0.01,0.01,0.02,3,54,45127,3614,8463
440,5,10,False,13,1,0,0,0,0,0,4,0,0.00,0.00,0.00,0.00,1,54,43505,2606,6053
405,1,3,True,0,0,0,0,0,0,0,0,0,0.00,0.00,0.00,0.00,0,55,11878,0,0
405,2,19,False,70,2,0,0,1,0,0,9,1,0.00,0.20,0.20,0.74,4,55,15669,2387,1742
405,3,3,True,76,2,0,0,0,2,0,11,0,0.00,0.01,0.01,1.33,7,55,26047,10136,2973
405,4,13,False,18,1,0,0,0,0,0,3,0,0.00,0.00,0.00,0.27,1,55,26871,3834,3619
405,5,11,True,0,0,0,0,0,0,0,0,0,0.00,0.00,0.00,0.00,0,55,21094,1106,6835
445,1,14,True,90,3,0,0,0,2,0,0,0,0.00,0.00,0.00,2.98,15,50,146838,0,0
445,2,19,False,90,6,0,0,1,0,0,25,0,0.00,0.02,0.02,1.12,3,50,175248,19798,10898
445,3,3,True,90,-1,0,0,0,2,0,0,0,0.00,0.05,0.05,1.37,3,50,238054,72237,31963
445,4,13,False,90,2,0,0,0,4,0,-6,0,0.00,0.00,0.00,2.08,11,50,227385,48297,45302
445,5,11,True,90,4,0,0,0,1,0,13,0,0.00,0.01,0.01,1.59,13,50,240813,28969,24848
446,1,14,True,1,1,0,0,0,1,0,-1,0,0.00,0.00,0.00,0.79,0,50,20496,0,0
446,2,19,False,0,0,0,0,0,0,0,0,0,0.00,0.00,0.00,0.00,0,50,26250,1895,1885
446,3,3,True,0,0,0,0,0,0,0,0,0,0.00,0.00,0.00,0.00,0,50,24845,2055,4893
446,4,13,False,0,0,0,0,0,0,0,0,0,0.00,0.00,0.00,0.00,0,50,23553,1440,3656
446,5,11,True,24,1,0,0,0,1,0,1,0,0.00,0.01,0.01,1.08,7,49,22572,1121,2512
447,1,14,True,90,3,0,0,0,2,0,4,0,0.00,0.01,0.01,2.98,10,50,34765,0,0
447,2,19,False,90,5,0,0,1,0,0,22,1,0.01,0.00,0.01,1.12,5,50,52947,8885,3282
447,3,3,True,90,1,0,0,0,2,0,3,0,0.00,0.16,0.16,1.37,9,50,69972,15452,6841
447,4,13,False,90,2,0,0,0,4,0,2,0,0.00,0.00,0.00,2.08,17,50,71884,9972,8764
447,5,11,True,90,4,0,0,0,1,0,12,0,0.05,0.00,0.05,1.59,18,50,76821,8365,6407
449,1,14,True,90,3,0,0,0,2,0,8,0,0.00,0.35,0.35,2.98,11,50,310247,0,0
449,2,19,False,90,11,0,0,1,0,3,52,0,0.03,0.31,0.34,1.12,13,50,411061,52701,19436
449,3,3,True,89,4,0,1,0,2,0,20,0,0.01,0.01,0.02,1.35,6,51,1101917,576636,80066
449,4,13,False,90,0,0,0,0,4,0,9,0,0.02,0.01,0.03,2.08,6,52,1512788,563772,115626
449,5,11,True,90,13,1,0,0,1,3,38,0,0.19,0.11,0.30,1.59,10,52,1629142,220393,112705
450,1,14,True,0,0,0,0,0,0,0,0,0,0.00,0.00,0.00,0.00,0,50,4326,0,0
450,2,19,False,0,0,0,0,0,0,0,0,0,0.00,0.00,0.00,0.00,0,50,3475,91,1228
450,3,3,True,1,1,0,0,0,0,0,3,0,0.00,0.00,0.00,0.02,0,49,2841,115,860
450,4,13,False,32,3,0,1,0,1,0,9,1,0.00,0.01,0.01,0.16,3,49,6615,3493,1041
450,5,11,True,0,0,0,0,0,0,0,0,0,0.00,0.00,0.00,0.00,0,49,12541,6097,1311
453,1,14,True,90,2,0,0,0,2,0,12,0,0.07,0.02,0.09,2.98,8,60,95531,0,0
453,2,19,False,90,3,0,0,1,0,0,9,0,0.04,0.01,0.05,1.12,4,60,113402,14995,10330
453,3,3,True,90,12,1,1,0,2,2,37,0,0.11,0.03,0.14,1.37,6,60,122479,25187,22741
453,4,13,False,90,2,0,0,0,4,0,13,0,0.29,0.31,0.60,2.08,6,60,290007,210527,57859
453,5,11,True,90,9,0,2,0,1,1,34,0,0.11,0.11,0.22,1.59,9,60,496155,220394,40978
454,1,14,True,75,9,1,0,0,1,2,31,0,0.22,0.01,0.23,1.94,2,60,64591,0,0
454,2,19,False,81,8,1,0,1,0,0,32,0,0.20,0.10,0.30,0.74,3,60,215548,95441,11873
454,3,3,True,76,1,0,0,0,2,0,8,1,0.00,0.23,0.23,1.33,4,61,1142637,810672,94469
454,4,13,False,0,0,0,0,0,0,0,0,0,0.00,0.00,0.00,0.00,0,62,1209834,326071,195343
454,5,11,True,0,0,0,0,0,0,0,0,0,0.00,0.00,0.00,0.00,0,62,616024,53653,618276
456,1,14,True,34,0,0,0,0,1,0,1,1,0.06,0.01,0.07,1.50,6,50,34032,0,0
456,2,19,False,8,1,0,0,0,0,0,3,0,0.00,0.13,0.13,0.38,1,50,34073,1442,4680
456,3,3,True,27,6,1,0,0,0,0,22,0,0.11,0.02,0.13,0.04,4,50,30127,1799,6552
456,4,13,False,0,0,0,0,0,0,0,0,0,0.00,0.00,0.00,0.00,0,49,39795,11516,4976
456,5,11,True,0,0,0,0,0,0,0,0,0,0.00,0.00,0.00,0.00,0,49,30346,1789,9995
457,1,14,True,14,0,0,0,0,1,0,-1,1,0.00,0.00,0.00,1.04,2,60,14816,0,0
457,2,19,False,8,1,0,0,0,0,0,3,0,0.00,0.20,0.20,0.38,3,60,15641,717,2682
457,3,3,True,13,1,0,0,0,0,0,5,0,0.00,0.00,0.00,0.04,1,59,14114,1115,3472
457,4,13,False,56,0,0,0,0,3,0,2,1,0.00,0.14,0.14,1.91,4,59,13575,1062,2165
457,5,11,True,90,1,0,0,0,1,0,12,1,0.03,0.07,0.10,1.59,8,59,14522,2209,1860
459,1,14,True,75,3,0,0,0,1,0,13,1,0.05,0.01,0.06,1.94,13,55,4093,0,0
459,2,19,False,90,3,0,0,1,0,0,16,0,0.00,0.04,0.04,1.12,9,55,6985,1391,534
459,3,3,True,62,2,0,0,0,2,0,11,0,0.00,0.02,0.02,1.33,4,55,8538,2211,1582
459,4,13,False,79,0,0,0,0,4,0,9,0,0.00,0.03,0.03,1.97,10,55,8285,1045,1573
459,5,11,True,90,4,0,0,0,1,0,19,0,0.00,0.04,0.04,1.59,16,55,8479,1217,1318
460,1,14,True,34,6,1,0,0,1,0,28,0,0.09,0.17,0.26,1.50,3,50,10181,0,0
460,2,19,False,70,3,0,0,1,0,0,0,0,0.07,0.02,0.09,0.74,2,50,24746,8763,1932
460,3,3,True,62,2,0,0,0,2,0,6,0,0.36,0.01,0.37,1.33,3,50,45043,22227,7742
460,4,13,False,32,1,0,0,0,1,0,8,0,0.12,0.06,0.18,0.16,4,50,52306,16531,9891
460,5,11,True,86,10,1,0,0,1,3,38,0,0.17,0.04,0.21,1.46,6,50,51669,7299,8420
461,1,14,True,0,0,0,0,0,0,0,0,0,0.00,0.00,0.00,0.00,0,60,22780,0,0
461,2,19,False,1,1,0,0,0,0,0,3,0,0.00,0.00,0.00,0.00,0,60,20967,513,4458
461,3,3,True,0,0,0,0,0,0,0,0,0,0.00,0.00,0.00,0.00,0,59,15932,657,6230
461,4,13,False,33,6,1,0,0,1,0,24,0,0.28,0.01,0.29,0.16,2,58,13401,376,3407
461,5,11,True,16,1,0,0,0,0,0,2,0,0.00,0.00,0.00,0.60,2,58,14309,1837,1512
462,1,14,True,55,1,0,0,0,1,0,3,0,0.00,0.00,0.00,1.48,2,50,9830,0,0
462,2,19,False,19,1,0,0,0,0,0,4,0,0.00,0.00,0.00,0.38,3,50,10539,762,1000
462,3,3,True,13,1,0,0,0,0,0,3,0,0.00,0.00,0.00,0.04,2,50,8925,584,2347
462,4,13,False,71,2,0,0,0,4,0,14,0,0.00,0.03,0.03,1.81,7,49,8079,390,1454
462,5,11,True,65,3,0,0,1,0,0,18,0,0.00,0.03,0.03,0.52,7,49,7714,420,996
463,1,14,True,0,0,0,0,0,0,0,0,0,0.00,0.00,0.00,0.00,0,60,151424,0,0
463,2,19,False,19,4,0,1,0,0,0,18,0,0.02,0.01,0.03,0.38,0,60,150038,7193,30784
463,3,3,True,0,0,0,0,0,0,0,0,0,0.00,0.00,0.00,0.00,0,59,103336,7327,56776
463,4,13,False,0,0,0,0,0,0,0,0,0,0.00,0.00,0.00,0.00,0,59,66136,0,39340
463,5,11,True,0,0,0,0,0,0,0,0,0,0.00,0.00,0.00,0.00,0,59,55762,0,11535
464,1,14,True,90,4,0,1,0,1,0,7,1,1.00,0.02,1.02,2.19,8,60,142989,0,0
464,2,19,False,81,8,1,0,1,0,2,37,0,0.35,0.00,0.35,0.74,6,60,359321,158957,24088
464,3,3,True,90,1,0,0,0,2,0,7,1,0.00,0.03,0.03,1.37,3,61,1697200,1119139,89408
464,4,13,False,90,2,0,0,0,4,0,3,0,0.16,0.00,0.16,2.08,5,62,1925334,578506,259090
464,5,11,True,90,0,0,0,0,1,0,0,0,0.84,0.01,0.85,1.59,5,62,2094339,338910,214424
465,1,14,True,55,4,0,1,0,1,0,18,0,0.06,0.14,0.20,1.48,5,60,83021,0,0
465,2,19,False,0,0,0,0,0,0,0,0,0,0.00,0.00,0.00,0.00,0,60,90550,20344,26507
465,3,3,True,0,0,0,0,0,0,0,0,0,0.00,0.00,0.00,0.00,0,59,51608,557,38249
465,4,13,False,0,0,0,0,0,0,0,0,0,0.00,0.00,0.00,0.00,0,59,41129,234,12886
465,5,11,True,0,0,0,0,0,0,0,0,0,0.00,0.00,0.00,0.00,0,59,35111,188,6663
559,1,14,True,14,1,0,0,0,1,0,5,0,0.00,0.00,0.00,1.04,2,50,12608,0,0
559,2,19,False,0,0,0,0,0,0,0,0,0,0.00,0.00,0.00,0.00,0,50,13188,690,1667
559,3,3,True,0,0,0,0,0,0,0,0,0,0.00,0.00,0.00,0.00,0,50,11930,834,2622
559,4,13,False,10,1,0,0,0,0,0,4,0,0.00,0.00,0.00,0.11,2,49,11166,539,1637
559,5,11,True,3,1,0,0,0,0,0,3,0,0.00,0.00,0.00,0.14,4,49,10531,377,1158
567,1,14,True,90,1,0,0,0,2,0,12,1,0.00,0.00,0.00,2.98,0,50,55382,0,0
567,2,19,False,90,7,0,0,1,0,0,32,0,0.00,0.00,0.00,1.12,0,50,70807,5537,4258
567,3,3,True,90,2,0,0,0,2,0,12,0,0.00,0.00,0.00,1.37,0,50,125893,58261,19107
567,4,13,False,90,1,0,0,0,4,0,2,0,0.00,0.00,0.00,2.08,0,50,150531,58083,28617
567,5,11,True,90,3,0,0,0,1,0,14,0,0.00,0.00,0.00,1.59,0,50,163512,22769,14571
593,1,14,True,90,1,0,0,0,2,0,-1,0,0.03,0.00,0.03,2.98,9,45,20712,0,0
593,2,19,False,90,11,0,1,1,0,2,37,0,0.00,0.06,0.06,1.12,8,45,36928,10359,2156
593,3,3,True,90,1,0,0,0,2,0,3,0,0.11,0.02,0.13,1.37,1,45,365061,318645,49203
593,4,13,False,57,0,0,0,0,3,0,-3,0,0.00,0.00,0.00,1.91,6,45,313784,107522,115071
593,5,11,True,0,0,0,0,0,0,0,0,0,0.00,0.00,0.00,0.00,0,45,219257,11096,103620
634,3,3,True,27,1,0,0,0,0,0,4,0,0.00,0.00,0.00,0.04,1,60,5694,5384,586
634,4,13,False,57,1,0,0,0,3,0,5,0,0.00,0.01,0.01,1.91,2,60,10646,6117,1949
634,5,11,True,73,2,0,0,0,1,0,7,0,0.05,0.00,0.05,0.99,2,60,12360,3570,2365
167,1,10,False,0,0,0,0,0,0,0,0,0,0.00,0.00,0.00,0.00,0,55,40156,0,0
167,2,14,False,24,1,0,0,0,1,0,9,0,0.07,0.00,0.07,0.33,0,55,48067,7740,7565
167,3,19,True,73,2,0,0,1,0,0,6,0,0.06,0.06,0.12,0.89,5,55,83350,36946,11977
167,4,2,False,90,5,1,0,0,1,0,25,1,0.63,0.08,0.71,0.73,4,55,93051,20097,12425
167,5,7,True,90,1,0,0,0,1,0,9,1,0.13,0.21,0.34,0.67,8,55,344489,222393,21605
201,1,9,False,54,0,0,0,0,2,0,-4,0,0.23,0.01,0.24,0.84,4,55,873015,0,0
201,2,15,True,0,0,0,0,0,0,0,0,0,0.00,0.00,0.00,0.00,0,55,815530,15645,125426
201,3,19,True,31,1,0,0,0,0,0,5,0,0.03,0.00,0.03,0.26,1,54,658550,23260,181718
201,4,2,False,90,2,0,0,0,1,0,23,0,0.22,0.18,0.40,0.82,7,54,588016,11222,94696
201,5,7,True,82,2,0,0,0,1,0,5,0,0.12,0.02,0.14,0.67,3,54,706118,100431,52336
467,1,13,True,90,2,0,0,0,1,0,11,0,0.00,0.00,0.00,0.47,0,50,140711,0,0
467,2,14,False,90,1,0,0,0,2,0,6,0,0.00,0.01,0.01,1.75,0,50,148147,3350,11746
467,3,19,True,90,6,0,0,1,0,0,21,0,0.00,0.00,0.00,1.06,0,50,143042,8404,18223
467,4,2,False,90,3,0,0,0,1,0,19,0,0.00,0.00,0.00,0.82,0,50,147158,15113,12902
467,5,7,True,90,2,0,0,0,1,0,10,0,0.00,0.00,0.00,0.67,0,50,207232,39386,13191
469,1,13,True,90,2,0,0,0,1,0,13,0,0.00,0.02,0.02,0.47,6,50,924685,0,0
469,2,14,False,90,6,0,1,0,2,0,16,0,0.12,0.15,0.27,1.75,12,50,880209,14150,82134
469,3,19,True,90,7,0,0,1,0,1,28,0,0.00,0.07,0.07,1.06,6,50,851007,53518,88698
469,4,2,False,90,2,0,0,0,1,0,9,0,0.20,0.16,0.36,0.82,3,50,864022,91886,84494
469,5,7,True,90,2,0,0,0,1,0,19,0,0.09,0.21,0.30,0.67,2,50,1063643,154932,49932
471,1,13,True,90,2,0,0,0,1,0,4,0,0.11,0.02,0.13,0.47,7,55,173511,0,0
471,2,14,False,90,3,0,0,0,2,0,3,0,0.00,0.00,0.00,1.75,13,55,176049,2591,17041
471,3,19,True,90,7,0,0,1,0,0,27,1,0.00,0.01,0.01,1.06,11,55,168090,5627,17848
471,4,2,False,0,0,0,0,0,0,0,0,0,0.00,0.00,0.00,0.00,0,55,171183,9458,9804
471,5,7,True,0,0,0,0,0,0,0,0,0,0.00,0.00,0.00,0.00,0,55,119506,256,50464
472,1,13,True,90,4,0,0,0,1,0,15,0,0.00,0.28,0.28,0.47,14,55,134909,0,0
472,2,14,False,90,1,0,0,0,2,0,2,0,0.18,0.00,0.18,1.75,6,55,162661,8580,11837
472,3,19,True,89,8,0,0,1,0,0,25,0,0.17,0.00,0.17,1.06,10,55,160118,9660,20152
472,4,2,False,90,6,0,1,0,1,0,18,1,0.00,0.01,0.01,0.82,12,55,172739,15727,9859
472,5,7,True,90,4,0,0,0,1,0,16,0,0.07,0.08,0.15,0.67,11,55,260474,61530,11413
473,1,13,True,73,5,0,0,1,0,0,24,1,0.04,0.17,0.21,0.34,2,45,328883,0,0
473,2,14,False,85,0,0,0,0,2,0,2,1,0.00,0.35,0.35,1.75,5,45,345943,17770,22837
473,3,19,True,58,1,0,0,0,0,0,8,0,0.00,0.00,0.00,0.81,7,45,313105,20608,51010
473,4,2,False,90,2,0,0,0,1,0,11,0,0.00,0.01,0.01,0.82,8,45,273323,8317,51323
473,5,7,True,0,0,0,0,0,0,0,0,0,0.00,0.00,0.00,0.00,0,45,278049,21418,24617
474,1,13,True,90,1,0,0,0,1,0,5,1,0.00,0.00,0.00,0.47,8,45,19663,0,0
474,2,14,False,90,1,0,0,0,2,0,6,0,0.00,0.00,0.00,1.75,8,45,21029,259,1559
474,3,19,True,90,8,0,0,1,0,0,24,0,0.03,0.01,0.04,1.06,12,45,20256,924,1994
474,4,2,False,0,0,0,0,0,0,0,0,0,0.00,0.00,0.00,0.00,0,45,24942,8098,4213
474,5,7,True,90,1,0,0,0,1,0,5,1,0.02,0.01,0.03,0.67,8,45,19913,225,4760
478,1,13,True,16,1,0,0,0,1,0,-2,0,0.00,0.00,0.00,0.13,0,45,2322,0,0
478,2,14,False,4,1,0,0,0,0,0,5,0,0.00,0.00,0.00,0.00,1,45,3516,112,288
478,3,19,True,0,0,0,0,0,0,0,0,0,0.00,0.00,0.00,0.00,0,45,3401,168,472
478,4,2,False,0,0,0,0,0,0,0,0,0,0.00,0.00,0.00,0.00,0,45,3279,104,368
478,5,7,True,7,1,0,0,0,0,0,5,0,0.00,0.02,0.02,0.00,0,44,3276,246,343
480,1,13,True,90,2,0,0,0,1,0,10,0,0.13,0.06,0.19,0.47,3,80,1039647,0,0
480,2,14,False,90,13,1,1,0,2,3,36,0,0.79,0.04,0.83,1.75,5,80,815842,8780,283093
480,3,19,True,90,3,0,0,1,0,0,3,0,0.48,0.01,0.49,1.06,7,79,1065969,215196,112670
480,4,2,False,90,8,0,1,0,1,3,42,0,0.16,0.91,1.07,0.82,4,79,1011180,175102,148241
480,5,7,True,90,2,0,0,0,1,0,25,0,0.00,0.40,0.40,0.67,2,80,1912107,744604,38690
482,1,13,True,0,0,0,0,0,0,0,0,0,0.00,0.00,0.00,0.00,0,60,23579,0,0
482,2,14,False,1,1,0,0,0,0,0,2,0,0.00,0.00,0.00,0.00,0,60,21667,726,5484
482,3,19,True,0,0,0,0,0,0,0,0,0,0.00,0.00,0.00,0.00,0,59,19189,1609,4924
482,4,2,False,0,0,0,0,0,0,0,0,0,0.00,0.00,0.00,0.00,0,59,17097,774,3360
482,5,7,True,0,0,0,0,0,0,0,0,0,0.00,0.00,0.00,0.00,0,58,16903,1902,2632
483,1,13,True,61,3,0,0,1,0,0,5,0,0.00,0.00,0.00,0.25,3,55,39539,0,0
483,2,14,False,65,9,1,0,0,1,2,30,0,0.35,0.63,0.98,1.42,9,55,39501,1491,5262
483,3,19,True,58,1,0,0,0,0,0,5,0,0.00,0.00,0.00,0.81,5,55,73790,33732,11281
483,4,2,False,74,1,0,0,0,1,0,1,1,0.70,0.25,0.95,0.73,2,55,67800,9828,13030
483,5,7,True,58,1,0,0,0,1,0,3,0,0.20,0.05,0.25,0.63,1,55,87185,26545,11590
486,1,13,True,73,3,0,0,1,0,0,18,0,0.00,0.16,0.16,0.34,8,55,3147,0,0
486,2,14,False,90,2,0,0,0,2,0,16,0,0.00,0.16,0.16,1.75,8,55,5218,674,475
486,3,19,True,90,2,0,0,1,0,0,22,1,0.13,0.22,0.35,1.06,7,55,8416,3393,1528
486,4,2,False,81,3,0,0,0,1,0,18,1,0.03,0.38,0.41,0.73,12,55,9321,1956,1410
486,5,7,True,82,2,0,0,0,1,0,17,0,0.21,0.04,0.25,0.67,4,55,11916,3622,1633
487,1,13,True,0,0,0,0,0,0,0,0,0,0.00,0.00,0.00,0.00,0,50,7576,0,0
487,2,14,False,1,1,0,0,0,0,0,3,0,0.00,0.00,0.00,0.00,0,50,7613,214,1062
487,3,19,True,0,0,0,0,0,0,0,0,0,0.00,0.00,0.00,0.00,0,50,7052,358,1146
487,4,2,False,0,0,0,0,0,0,0,0,0,0.00,0.00,0.00,0.00,0,49,6666,312,881
487,5,7,True,0,0,0,0,0,0,0,0,0,0.00,0.00,0.00,0.00,0,49,6327,254,713
488,1,13,True,90,2,0,0,0,1,0,10,0,0.03,0.01,0.04,0.47,6,50,100536,0,0
488,2,14,False,0,0,0,0,0,0,0,0,0,0.00,0.00,0.00,0.00,0,50,88298,2850,17977
488,3,19,True,0,0,0,0,0,0,0,0,0,0.00,0.00,0.00,0.00,0,49,60777,1817,28479
488,4,2,False,8,1,0,0,0,0,0,2,0,0.06,0.01,0.07,0.09,2,49,52561,2665,12118
488,5,7,True,7,1,0,0,0,0,0,3,0,0.00,0.00,0.00,0.00,0,49,48314,1567,7005
490,1,13,True,28,1,0,0,0,1,0,3,0,0.12,0.01,0.13,0.22,1,60,159951,0,0
490,2,14,False,0,0,0,0,0,0,0,0,0,0.00,0.00,0.00,0.00,0,60,152998,4569,29351
490,3,19,True,16,1,0,0,0,0,0,3,0,0.00,0.00,0.00,0.18,0,59,121647,7780,42908
490,4,2,False,1,1,0,0,0,0,0,3,0,0.00,0.00,0.00,0.09,0,59,108335,4564,21994
490,5,7,True,17,1,0,0,0,0,0,4,0,0.00,0.00,0.00,0.04,0,58,100797,5666,15594
491,1,13,True,90,2,0,0,0,1,0,8,0,0.22,0.02,0.24,0.47,3,60,389784,0,0
491,2,14,False,90,1,0,0,0,2,0,4,1,0.74,0.04,0.78,1.75,5,60,361702,10237,58550
491,3,19,True,31,1,0,0,0,0,0,3,0,0.00,0.00,0.00,0.26,1,59,307784,25411,81723
491,4,2,False,15,7,1,0,0,0,2,34,0,0.13,0.01,0.14,0.09,3,59,253573,12811,74220
491,5,7,True,31,1,0,0,0,0,0,4,0,0.16,0.01,0.17,0.04,3,58,310521,70541,32852
493,1,13,True,1,1,0,0,0,0,0,3,0,0.00,0.00,0.00,0.00,0,55,4138,0,0
493,2,14,False,0,0,0,0,0,0,0,0,0,0.00,0.00,0.00,0.00,0,55,5177,339,757
493,3,19,True,0,0,0,0,0,0,0,0,0,0.00,0.00,0.00,0.00,0,54,5117,838,1249
493,4,2,False,0,0,0,0,0,0,0,0,0,0.00,0.00,0.00,0.00,0,54,5715,1150,869
493,5,7,True,0,0,0,0,0,0,0,0,0,0.00,0.00,0.00,0.00,0,54,5589,483,825
558,1,13,True,16,1,0,0,0,1,0,3,0,0.00,0.00,0.00,0.13,1,50,10065,0,0
558,2,14,False,90,4,0,0,0,2,0,15,0,0.05,0.00,0.05,1.75,15,50,9781,158,1144
558,3,19,True,90,3,0,0,1,0,0,18,0,0.03,0.06,0.09,1.06,10,50,10377,1419,1320
558,4,2,False,90,3,0,0,0,1,0,18,1,0.06,0.02,0.08,0.82,16,50,10277,1040,1264
558,5,7,True,90,2,0,0,0,1,0,16,0,0.05,0.10,0.15,0.67,7,50,12605,3063,1289
581,1,13,True,0,0,0,0,0,0,0,0,0,0.00,0.00,0.00,0.00,0,55,67092,0,0
581,2,14,False,0,0,0,0,0,0,0,0,0,0.00,0.00,0.00,0.00,0,55,71062,3484,12101
581,3,19,True,1,1,0,0,0,0,0,3,0,0.00,0.00,0.00,0.00,0,54,61213,3142,15932
581,4,2,False,90,4,0,0,0,1,0,10,0,0.11,0.00,0.11,0.82,14,54,56566,1486,8041
581,5,7,True,72,2,0,0,0,1,0,4,0,0.05,0.01,0.06,0.63,5,54,59651,4010,3391
112,1,4,False,90,1,0,0,0,3,0,3,0,0.00,0.03,0.03,3.87,9,50,955905,0,0
112,2,17,True,90,1,0,0,0,2,0,9,0,0.11,0.03,0.14,0.72,8,50,945549,36604,98768
112,3,18,False,90,8,0,0,1,0,2,29,0,0.09,0.01,0.10,0.92,4,49,733037,21192,219579
112,4,9,True,90,8,0,0,1,0,0,27,0,0.14,0.05,0.19,1.11,13,49,718579,37570,83096
112,5,2,True,90,6,1,0,0,3,0,17,1,0.35,0.30,0.65,1.16,9,49,721559,40803,43952
147,1,10,False,0,0,0,0,0,0,0,0,0,0.00,0.00,0.00,0.00,0,45,18070,0,0
147,2,5,True,0,0,0,0,0,0,0,0,0,0.00,0.00,0.00,0.00,0,45,19280,263,2120
147,3,18,False,0,0,0,0,0,0,0,0,0,0.00,0.00,0.00,0.00,0,45,17692,553,2557
147,4,9,True,5,1,0,0,0,0,0,5,0,0.00,0.00,0.00,0.03,4,44,17024,639,1638
147,5,2,True,0,0,0,0,0,0,0,0,0,0.00,0.00,0.00,0.00,0,44,16621,437,1037
401,1,3,True,0,0,0,0,0,0,0,0,0,0.00,0.00,0.00,0.00,0,70,80421,0,0
401,2,17,True,90,2,0,0,0,2,0,14,0,0.17,0.07,0.24,0.72,4,70,131884,39808,19361
401,3,18,False,83,2,0,0,1,0,0,6,0,0.17,0.01,0.18,0.88,0,70,232425,100495,35588
401,4,9,True,76,2,0,0,1,0,0,9,0,0.02,0.03,0.05,1.08,5,70,250023,46956,40843
401,5,2,True,90,2,0,0,0,3,0,8,0,0.02,0.04,0.06,1.16,4,70,240325,35220,45341
403,1,3,True,0,0,0,0,0,0,0,0,0,0.00,0.00,0.00,0.00,0,65,23783,0,0
403,2,17,True,0,0,0,0,0,0,0,0,0,0.00,0.00,0.00,0.00,0,65,92925,55747,6864
403,3,18,False,60,3,0,0,1,0,0,15,0,0.02,0.27,0.29,0.49,0,65,68277,15136,38806
403,4,9,True,90,3,0,0,1,0,0,22,0,0.10,0.26,0.36,1.11,6,65,75171,13225,13808
403,5,2,True,90,2,0,0,0,3,0,29,0,0.29,0.17,0.46,1.16,5,65,74946,12804,13285
455,1,4,False,90,2,0,0,0,3,0,14,0,0.04,0.06,0.10,3.87,4,55,376914,0,0
455,2,17,True,74,2,0,0,0,2,0,16,0,0.05,0.02,0.07,0.72,4,55,369291,14119,52216
455,3,18,False,90,5,0,0,1,0,0,22,0,0.00,0.01,0.01,0.92,12,54,288825,14031,97316
455,4,9,True,90,3,0,0,1,0,0,16,0,0.09,0.31,0.40,1.11,11,54,265893,12899,44165
455,5,2,True,83,2,0,0,0,3,0,18,0,0.06,0.21,0.27,1.10,11,54,210274,4540,60910
496,1,4,False,90,2,0,0,0,3,0,15,0,0.00,0.00,0.00,3.87,0,45,2208330,0,0
496,2,17,True,90,1,0,0,0,2,0,4,0,0.00,0.00,0.00,0.72,0,45,2247365,40625,82151
496,3,18,False,90,6,0,0,1,0,0,24,0,0.00,0.00,0.00,0.92,0,45,1949396,46420,272139
496,4,9,True,90,7,0,0,1,0,0,29,0,0.00,0.00,0.00,1.11,0,45,1930350,146399,230912
496,5,2,True,90,2,0,0,0,3,0,5,0,0.00,0.00,0.00,1.16,0,45,1963942,95710,97025
498,1,4,False,90,3,0,0,0,3,0,10,0,0.00,0.02,0.02,3.87,16,60,724252,0,0
498,2,17,True,0,0,0,0,0,0,0,0,0,0.00,0.00,0.00,0.00,0,60,746751,15942,64235
498,3,18,False,0,0,0,0,0,0,0,0,0,0.00,0.00,0.00,0.00,0,59,558130,5382,190584
498,4,9,True,0,0,0,0,0,0,0,0,0,0.00,0.00,0.00,0.00,0,59,468891,4311,108946
498,5,2,True,0,0,0,0,0,0,0,0,0,0.00,0.00,0.00,0.00,0,58,403044,2509,72698
499,1,4,False,0,0,0,0,0,0,0,0,0,0.00,0.00,0.00,0.00,0,55,1595087,0,0
499,2,17,True,90,1,0,0,0,2,0,1,0,0.33,0.10,0.43,0.72,4,55,1331308,20574,317518
499,3,18,False,90,7,0,0,1,0,1,28,0,0.03,0.06,0.09,0.92,4,55,1176909,48390,228185
499,4,9,True,0,0,0,0,0,0,0,0,0,0.00,0.00,0.00,0.00,0,55,1130296,48477,129180
499,5,2,True,18,1,0,0,0,0,0,4,0,0.01,0.00,0.01,0.04,1,54,889495,5333,242865
502,1,4,False,90,3,0,0,0,3,0,13,0,0.00,0.06,0.06,3.87,11,45,350993,0,0
502,2,17,True,67,2,0,0,0,1,0,7,0,0.06,0.02,0.08,0.48,3,45,379457,22171,23298
502,3,18,False,29,1,0,0,0,0,0,3,0,0.00,0.00,0.00,0.43,1,45,328965,13705,61351
502,4,9,True,90,7,0,0,1,0,1,30,0,0.07,0.09,0.16,1.11,2,44,278552,5647,63320
502,5,2,True,90,4,0,1,0,3,0,15,0,0.00,0.26,0.26,1.16,3,44,283003,20149,22707
503,1,4,False,0,0,0,0,0,0,0,0,0,0.00,0.00,0.00,0.00,0,50,522301,0,0
503,2,17,True,90,0,0,0,0,2,0,5,1,0.00,0.02,0.02,0.72,8,50,422798,8374,124703
503,3,18,False,90,9,0,0,1,0,3,30,0,0.57,0.00,0.57,0.92,9,50,380320,16557,78016
503,4,9,True,90,6,0,0,1,0,0,27,0,0.00,0.02,0.02,1.11,6,50,414668,33873,23753
503,5,2,True,90,1,0,0,0,3,0,7,0,0.02,0.01,0.03,1.16,6,50,429279,29652,20769
506,1,4,False,4,1,0,0,0,0,0,3,0,0.00,0.02,0.02,0.44,0,45,43741,0,0
506,2,17,True,22,1,0,0,0,1,0,2,0,0.00,0.19,0.19,0.24,1,45,47523,1685,4692
506,3,18,False,60,5,0,0,1,0,0,16,1,0.00,0.02,0.02,0.49,3,45,43060,1127,6787
506,4,9,True,0,0,0,0,0,0,0,0,0,0.00,0.00,0.00,0.00,0,45,41192,1478,4392
506,5,2,True,0,0,0,0,0,0,0,0,0,0.00,0.00,0.00,0.00,0,44,37654,949,4959
512,1,4,False,0,0,0,0,0,0,0,0,0,0.00,0.00,0.00,0.00,0,65,8272,0,0
512,2,17,True,22,1,0,0,0,1,0,4,0,0.04,0.01,0.05,0.24,2,65,6789,269,2406
512,3,18,False,29,1,0,0,0,0,0,13,0,0.00,0.16,0.16,0.43,3,65,12485,4599,2073
512,4,9,True,27,1,0,0,0,0,0,8,0,0.00,0.05,0.05,0.44,2,65,14250,3198,2653
512,5,2,True,45,4,0,1,0,2,0,24,0,0.07,0.20,0.27,0.35,7,65,14877,2728,2823
514,1,4,False,90,2,0,0,0,3,0,17,0,0.06,0.06,0.12,3.87,8,60,50995,0,0
514,2,17,True,67,2,0,0,0,1,0,10,0,0.14,0.03,0.17,0.48,3,60,48495,4174,10461
514,3,18,False,73,3,0,0,1,0,0,11,0,0.00,0.05,0.05,0.76,2,59,30912,2049,19757
514,4,9,True,27,1,0,0,0,0,0,3,0,0.01,0.09,0.10,0.44,0,58,26160,1812,8382
514,5,2,True,0,0,0,0,0,0,0,0,0,0.00,0.00,0.00,0.00,0,58,21179,897,6217
515,1,4,False,22,1,0,0,0,0,0,6,0,0.00,0.01,0.01,0.85,2,65,119410,0,0
515,2,17,True,0,0,0,0,0,0,0,0,0,0.00,0.00,0.00,0.00,0,65,96409,2686,36986
515,3,18,False,0,0,0,0,0,0,0,0,0,0.00,0.00,0.00,0.00,0,64,57231,175,39058
515,4,9,True,13,1,0,0,0,0,0,3,0,0.00,0.01,0.01,0.03,3,63,45874,447,13543
515,5,2,True,24,1,0,0,0,2,0,9,0,0.06,0.02,0.08,0.15,6,63,43979,1741,4666
516,1,4,False,45,1,0,0,0,1,0,8,0,0.00,0.01,0.01,2.18,5,55,17403,0,0
516,2,17,True,90,2,0,0,0,2,0,17,0,0.00,0.02,0.02,0.72,11,55,18887,602,2031
516,3,18,False,90,5,0,0,1,0,0,14,0,0.02,0.01,0.03,0.92,17,55,17786,831,2620
516,4,9,True,62,3,0,0,1,0,0,15,0,0.00,0.04,0.04,0.67,10,55,18318,1225,1397
516,5,2,True,83,4,0,0,0,3,0,15,0,0.00,0.04,0.04,1.10,17,55,19246,2106,1609
519,1,4,False,45,0,0,0,0,2,0,1,1,0.02,0.06,0.08,1.70,3,55,26860,0,0
519,2,17,True,0,0,0,0,0,0,0,0,0,0.00,0.00,0.00,0.00,0,55,27438,1208,4647
519,3,18,False,83,3,0,0,1,0,0,23,0,0.00,0.06,0.06,0.88,11,54,22380,1024,6587
519,4,9,True,0,0,0,0,0,0,0,0,0,0.00,0.00,0.00,0.00,0,54,21226,812,2556
519,5,2,True,6,6,1,0,0,0,0,24,0,0.35,0.00,0.35,0.07,4,53,19752,812,2598
520,1,4,False,45,1,0,0,0,2,0,2,0,0.00,0.01,0.01,1.70,8,55,18443,0,0
520,2,17,True,0,0,0,0,0,0,0,0,0,0.00,0.00,0.00,0.00,0,55,20234,635,2199
520,3,18,False,0,0,0,0,0,0,0,0,0,0.00,0.00,0.00,0.00,0,54,17646,482,3494
520,4,9,True,27,1,0,0,0,0,0,8,0,0.06,0.25,0.31,0.44,4,54,16379,319,1983
520,5,2,True,6,1,0,0,0,0,0,3,0,0.00,0.01,0.01,0.07,1,54,15731,344,1257
522,1,4,False,85,2,0,0,0,3,0,15,0,0.00,0.01,0.01,3.43,5,50,19767,0,0
522,2,17,True,67,2,0,0,0,1,0,9,0,0.00,0.00,0.00,0.48,6,50,22329,1711,2544
522,3,18,False,0,0,0,0,0,0,0,0,0,0.00,0.00,0.00,0.00,0,50,21616,2161,4046
522,4,9,True,84,3,0,0,1,0,0,13,0,0.09,0.03,0.12,1.08,11,50,19703,876,3315
522,5,2,True,71,2,0,0,0,3,0,14,0,0.14,0.01,0.15,1.12,5,49,19727,1629,2266
523,1,4,False,67,2,0,0,0,3,0,10,0,0.38,0.02,0.40,3.02,2,50,17505,0,0
523,2,17,True,22,1,0,0,0,1,0,1,0,0.02,0.00,0.02,0.24,1,50,19021,2419,2526
523,3,18,False,0,0,0,0,0,0,0,0,0,0.00,0.00,0.00,0.00,0,50,13268,839,6489
523,4,9,True,0,0,0,0,0,0,0,0,0,0.00,0.00,0.00,0.00,0,50,8137,0,5490
523,5,2,True,0,0,0,0,0,0,0,0,0,0.00,0.00,0.00,0.00,0,50,6388,0,1980
525,1,4,False,45,1,0,0,0,1,0,16,0,0.00,0.06,0.06,2.18,2,60,178624,0,0
525,2,17,True,90,2,0,0,0,2,0,18,0,0.01,0.17,0.18,0.72,8,60,160253,4529,31329
525,3,18,False,7,0,0,0,0,0,0,-1,1,0.00,0.00,0.00,0.04,0,59,123903,4942,43005
525,4,9,True,62,3,0,0,1,0,0,15,0,0.11,0.03,0.14,0.67,4,58,98672,1839,29808
525,5,2,True,45,1,0,0,0,1,0,2,0,0.07,0.02,0.09,0.82,7,58,89133,2671,13945
526,1,4,False,22,1,0,0,0,0,0,3,0,0.07,0.00,0.07,0.85,0,60,126667,0,0
526,2,17,True,15,1,0,0,0,0,0,6,0,0.20,0.00,0.20,0.00,0,60,131276,8212,20818
526,3,18,False,6,1,0,0,0,0,0,-1,0,0.17,0.00,0.17,0.04,1,59,106592,7532,35338
526,4,9,True,62,2,0,0,1,0,0,4,0,0.00,0.01,0.01,0.67,2,59,96682,5756,19815
526,5,2,True,65,2,0,0,0,1,0,9,0,0.12,0.00,0.12,1.01,6,58,92077,6047,13080
527,1,4,False,67,2,0,0,0,3,0,6,0,0.00,0.00,0.00,3.02,1,60,283639,0,0
527,2,17,True,0,0,0,0,0,0,0,0,0,0.00,0.00,0.00,0.00,0,60,275481,14723,46471
527,3,18,False,0,0,0,0,0,0,0,0,0,0.00,0.00,0.00,0.00,0,59,153916,6716,124229
527,4,9,True,0,0,0,0,0,0,0,0,0,0.00,0.00,0.00,0.00,0,59,94527,0,69368
527,5,2,True,0,0,0,0,0,0,0,0,0,0.00,0.00,0.00,0.00,0,59,74547,0,22415
578,1,10,False,0,0,0,0,0,0,0,0,0,0.00,0.00,0.00,0.00,0,55,3847,0,0
578,2,5,True,0,0,0,0,0,0,0,0,0,0.00,0.00,0.00,0.00,0,55,4222,234,976
578,3,18,False,16,1,0,0,0,0,0,3,0,0.00,0.00,0.00,0.16,0,54,7171,3534,1642
578,4,9,True,0,0,0,0,0,0,0,0,0,0.00,0.00,0.00,0.00,0,54,6691,1620,2290
578,5,2,True,0,0,0,0,0,0,0,0,0,0.00,0.00,0.00,0.00,0,54,4612,32,2140
501,1,4,False,0,0,0,0,0,0,0,0,0,0.00,0.00,0.00,0.00,0,50,15516,0,0
501,2,17,True,0,0,0,0,0,0,0,0,0,0.00,0.00,0.00,0.00,0,50,17484,1020,2432
501,3,4,False,90,2,0,0,0,1,0,9,0,0.00,0.08,0.08,1.21,8,50,16199,1307,3312
501,4,1,True,90,1,0,0,0,2,0,6,0,0.00,0.08,0.08,1.88,4,50,16781,1568,1747
501,5,15,False,90,0,0,0,0,5,0,-8,0,0.07,0.01,0.08,2.82,8,50,17126,1530,1546
529,1,12,False,90,1,0,0,0,2,0,7,0,0.00,0.00,0.00,1.80,0,50,397315,0,0
529,2,10,True,90,6,0,0,1,0,0,22,0,0.00,0.00,0.00,0.95,0,50,389022,4766,30334
529,3,4,False,90,2,0,0,0,1,0,11,0,0.00,0.00,0.00,1.21,0,50,342137,10237,49224
529,4,1,True,90,2,0,0,0,2,0,9,0,0.00,0.00,0.00,1.88,0,50,301456,2287,50248
529,5,15,False,90,0,0,0,0,5,0,-8,0,0.00,0.01,0.01,2.82,0,49,271819,2559,36319
532,1,12,False,90,0,0,0,0,2,0,4,1,0.00,0.01,0.01,1.80,9,50,518741,0,0
532,2,10,True,90,8,0,0,1,0,0,27,0,0.03,0.00,0.03,0.95,10,50,495946,12798,49704
532,3,4,False,90,4,0,0,0,1,0,12,0,0.06,0.14,0.20,1.21,10,50,398900,15628,94795
532,4,1,True,90,0,0,0,0,2,0,0,1,0.08,0.01,0.09,1.88,6,49,317274,7170,103276
532,5,15,False,90,2,0,0,0,5,0,-12,0,0.14,0.00,0.14,2.82,14,49,279291,6303,52793
533,1,12,False,0,0,0,0,0,0,0,0,0,0.00,0.00,0.00,0.00,0,55,257772,0,0
533,2,10,True,90,9,0,0,1,0,1,28,0,0.00,0.01,0.01,0.95,19,55,244003,5588,38587
533,3,4,False,90,4,0,0,0,1,0,16,0,0.00,0.02,0.02,1.21,14,55,247977,21418,24805
533,4,1,True,90,0,0,0,0,2,0,-5,1,0.70,0.02,0.72,1.88,6,55,227847,6912,28764
533,5,15,False,90,0,0,0,0,5,0,5,0,0.05,0.23,0.28,2.82,9,54,207085,5413,28949
534,1,12,False,79,2,0,0,0,1,0,14,0,0.04,0.27,0.31,1.69,4,45,641436,0,0
534,2,10,True,90,6,0,0,1,0,0,24,0,0.00,0.01,0.01,0.95,6,45,631620,13619,37371
534,3,4,False,26,1,0,0,0,0,0,8,0,0.00,0.00,0.00,0.45,2,45,528010,17561,86553
534,4,1,True,0,0,0,0,0,0,0,0,0,0.00,0.00,0.00,0.00,0,44,392084,3636,153310
534,5,15,False,11,1,0,0,0,1,0,-2,0,0.10,0.01,0.11,1.48,1,44,317533,1810,90441
535,1,12,False,23,1,0,0,0,1,0,2,0,0.00,0.01,0.01,0.10,0,50,41929,0,0
535,2,10,True,0,0,0,0,0,0,0,0,0,0.00,0.00,0.00,0.00,0,50,43620,2597,5264
535,3,4,False,0,0,0,0,0,0,0,0,0,0.00,0.00,0.00,0.00,0,50,35107,1476,10040
535,4,1,True,0,0,0,0,0,0,0,0,0,0.00,0.00,0.00,0.00,0,49,29356,401,6756
535,5,15,False,0,0,0,0,0,0,0,0,0,0.00,0.00,0.00,0.00,0,49,25847,280,4216
536,1,12,False,90,1,0,0,0,2,0,9,0,0.00,0.29,0.29,1.80,8,45,43515,0,0
536,2,10,True,90,6,0,0,1,0,0,26,0,0.00,0.01,0.01,0.95,7,45,44204,975,3578
536,3,4,False,90,2,0,0,0,1,0,14,0,0.00,0.01,0.01,1.21,7,45,41923,1972,4323
536,4,1,True,90,-2,0,0,0,2,0,-12,0,0.00,0.01,0.01,1.09,7,45,37836,780,5132
536,5,15,False,0,0,0,0,0,0,0,0,0,0.00,0.00,0.00,0.00,0,45,28357,136,9767
539,1,12,False,66,1,0,0,0,1,0,1,1,0.01,0.01,0.02,1.69,5,40,332959,0,0
539,2,10,True,0,0,0,0,0,0,0,0,0,0.00,0.00,0.00,0.00,0,40,338160,4602,17539
539,3,4,False,0,0,0,0,0,0,0,0,0,0.00,0.00,0.00,0.00,0,40,310001,5301,33130
539,4,1,True,0,0,0,0,0,0,0,0,0,0.00,0.00,0.00,0.00,0,40,279659,2683,34037
539,5,15,False,0,0,0,0,0,0,0,0,0,0.00,0.00,0.00,0.00,0,40,258432,2157,25194
541,1,12,False,90,1,0,0,0,2,0,5,0,0.08,0.08,0.16,1.80,4,45,26928,0,0
541,2,10,True,90,6,0,0,1,0,0,27,0,0.02,0.05,0.07,0.95,8,45,29834,1010,1718
541,3,4,False,63,2,0,0,0,1,0,0,0,0.11,0.00,0.11,0.76,2,45,30963,2639,2338
541,4,1,True,75,2,0,0,0,1,0,5,0,0.13,0.00,0.13,1.09,2,45,29243,781,2566
541,5,15,False,78,3,0,1,0,4,0,5,0,0.00,0.45,0.45,1.34,4,45,28358,971,2130
542,1,12,False,79,2,0,0,0,1,0,13,0,0.00,0.03,0.03,1.69,2,60,942702,0,0
542,2,10,True,89,3,0,0,1,0,0,13,0,0.37,0.17,0.54,0.86,6,60,853085,11386,115110
542,3,4,False,90,8,1,0,0,1,1,25,0,0.84,0.03,0.87,1.21,6,59,564317,7320,263850
542,4,1,True,90,0,0,0,0,2,0,6,0,0.85,0.59,1.44,1.88,4,58,448859,9125,146558
542,5,15,False,90,5,0,1,0,5,0,33,0,0.00,0.52,0.52,2.82,3,58,367322,5741,101057
543,1,12,False,10,1,0,0,0,1,0,3,0,0.03,0.00,0.03,0.10,0,55,6286,0,0
543,2,10,True,18,4,0,1,0,0,0,15,0,0.00,0.16,0.16,0.02,0,55,6801,335,1177
543,3,4,False,0,0,0,0,0,0,0,0,0,0.00,0.00,0.00,0.00,0,55,4664,164,2306
543,4,1,True,0,0,0,0,0,0,0,0,0,0.00,0.00,0.00,0.00,0,54,3263,27,1528
543,5,15,False,0,0,0,0,0,0,0,0,0,0.00,0.00,0.00,0.00,0,54,2684,12,672
544,1,12,False,90,9,0,1,0,2,2,31,0,0.00,0.09,0.09,1.80,13,55,392611,0,0
544,2,10,True,90,6,0,0,1,0,3,29,0,0.00,0.36,0.36,0.95,7,55,464299,42781,18215
544,3,4,False,90,3,0,0,0,1,0,12,1,0.06,0.12,0.18,1.21,15,55,475519,45125,47076
544,4,1,True,90,1,0,0,0,2,0,19,1,0.00,0.37,0.37,1.88,11,55,442948,23504,61283
544,5,15,False,90,2,0,0,0,5,0,25,0,0.00,0.38,0.38,2.82,8,55,405611,13122,58515
545,1,12,False,90,2,0,0,0,2,0,18,0,0.06,0.03,0.09,1.80,2,50,32634,0,0
545,2,10,True,90,3,0,0,1,0,0,21,0,0.02,0.02,0.04,0.95,11,50,32341,1165,3497
545,3,4,False,73,1,0,0,0,1,0,16,1,0.28,0.18,0.46,0.82,3,50,29609,1887,4950
545,4,1,True,90,2,0,0,0,2,0,11,0,0.04,0.00,0.04,1.88,10,49,26156,1090,4909
545,5,15,False,67,2,0,0,0,4,0,9,0,0.04,0.01,0.05,1.02,3,49,24166,1171,3669
547,1,12,False,0,0,0,0,0,0,0,0,0,0.00,0.00,0.00,0.00,0,50,801,0,0
547,2,10,True,1,1,0,0,0,0,0,2,0,0.17,0.00,0.17,0.09,1,50,822,40,150
547,3,4,False,0,0,0,0,0,0,0,0,0,0.00,0.00,0.00,0.00,0,50,810,83,134
547,4,1,True,0,0,0,0,0,0,0,0,0,0.00,0.00,0.00,0.00,0,49,691,53,199
547,5,15,False,0,0,0,0,0,0,0,0,0,0.00,0.00,0.00,0.00,0,49,586,15,135
548,1,12,False,10,1,0,0,0,1,0,3,0,0.00,0.00,0.00,0.10,1,50,6214,0,0
548,2,10,True,7,1,0,0,0,0,0,3,0,0.00,0.00,0.00,0.34,0,50,6409,99,620
548,3,4,False,0,0,0,0,0,0,0,0,0,0.00,0.00,0.00,0.00,0,50,5751,143,862
548,4,1,True,0,0,0,0,0,0,0,0,0,0.00,0.00,0.00,0.00,0,49,5378,130,634
548,5,15,False,0,0,0,0,0,0,0,0,0,0.00,0.00,0.00,0.00,0,49,4992,65,504
549,1,12,False,31,1,0,0,0,1,0,1,0,0.00,0.00,0.00,0.14,2,55,20822,0,0
549,2,10,True,0,0,0,0,0,0,0,0,0,0.00,0.00,0.00,0.00,0,55,20684,284,2844
549,3,4,False,0,0,0,0,0,0,0,0,0,0.00,0.00,0.00,0.00,0,54,17189,427,4127
549,4,1,True,0,0,0,0,0,0,0,0,0,0.00,0.00,0.00,0.00,0,54,15167,214,2552
549,5,15,False,0,0,0,0,0,0,0,0,0,0.00,0.00,0.00,0.00,0,53,14043,308,1697
551,1,12,False,58,5,1,0,0,1,0,23,1,0.15,0.01,0.16,1.66,7,50,5260,0,0
551,2,10,True,64,3,0,0,1,0,0,13,0,0.00,0.04,0.04,0.58,5,50,13112,5343,1379
551,3,4,False,63,2,0,0,0,1,0,11,0,0.00,0.07,0.07,0.76,5,50,15646,4768,3112
551,4,1,True,69,2,0,0,0,1,0,7,0,0.00,0.00,0.00,0.81,3,50,14020,1450,3150
551,5,15,False,59,4,0,1,0,4,0,13,0,0.45,0.01,0.46,0.75,4,50,12830,718,2147
552,1,12,False,66,2,0,0,0,1,0,1,0,0.30,0.00,0.30,1.69,0,60,1279847,0,0
552,2,10,True,63,2,0,0,1,0,0,5,0,0.03,0.00,0.03,0.58,4,60,1261093,38269,119627
552,3,4,False,90,2,0,0,0,1,0,11,0,0.26,0.06,0.32,1.21,3,59,912046,27284,349017
552,4,1,True,90,1,0,0,0,2,0,4,1,0.00,0.01,0.01,1.88,4,58,701070,13895,260381
552,5,15,False,90,17,3,0,0,5,3,92,0,2.35,0.04,2.39,2.82,0,58,577036,12010,157147
553,1,12,False,23,1,0,0,0,1,0,3,0,0.00,0.00,0.00,0.10,0,55,90196,0,0
553,2,10,True,26,8,1,0,0,0,3,29,0,1.39,0.00,1.39,0.37,0,55,85703,2470,12921
553,3,4,False,26,4,0,1,0,0,0,15,0,0.10,0.01,0.11,0.45,2,55,116229,35830,14557
553,4,1,True,20,1,0,0,0,1,0,1,0,0.00,0.00,0.00,1.07,1,55,163059,47557,22245
553,5,15,False,22,1,0,0,0,1,0,3,0,0.00,0.00,0.00,1.79,2,55,143906,6445,25431
612,2,10,True,0,0,0,0,0,0,0,0,0,0.00,0.00,0.00,0.00,0,45,156,95,27
612,3,4,False,0,0,0,0,0,0,0,0,0,0.00,0.00,0.00,0.00,0,45,632,362,100
612,4,1,True,0,0,0,0,0,0,0,0,0,0.00,0.00,0.00,0.00,0,45,710,187,203
612,5,15,False,90,-1,0,0,0,5,0,-8,1,0.03,0.01,0.04,2.82,3,45,834,145,96
646,3,4,False,16,1,0,0,0,0,0,3,0,0.00,0.00,0.00,0.39,0,55,2246,2071,239
646,4,1,True,14,1,0,0,0,1,0,2,0,0.00,0.00,0.00,0.79,0,55,3125,1193,557
646,5,15,False,30,1,0,0,0,1,0,6,0,0.39,0.01,0.40,2.07,3,55,3082,472,632
